pair,approach,left,right,short_fingerprint,long_fingerprint,chord_index,chord_steps,chord_frequencies_hz,pitch_algorithm_version,processed_role,gesture_fingerprint,note_levels_db_below_local,note_durations_seconds,note_envelopes,instrument,instrument_parameters,scheduled_note_count,preprocess_dry_correlation,preprocess_difference_rms_db_relative,unscaled_convolved_tone_rms_db_relative,tone_gain_db,target_convolved_tone_rms_db_relative,scaled_convolved_tone_rms_db_relative,path,channels,trim_frames,trim_seconds,frames,duration_seconds,peak,rms,rms_dbfs,dc_offset,clipped_samples,non_finite_samples,left_peak,left_rms_dbfs,left_dc_offset,right_peak,right_rms_dbfs,right_dc_offset,stereo_difference_rms,stereo_difference_rms_dbfs
01-25,long_additive_synth,gamelan_court,thunder_mountain,8b79b8462a4e6fac,4e2a8e922a968e95,12,12;3;7,208.577057;129.080658;159.766510,sparse-hashed-13edo-gradual-drones-v14,long,24cdce691019ec49,10.869706;7.777475;8.357628,6.902884;3.386940;3.870996,broad_swell;late_bloom;breathing_drone,inharmonic_fm,detune_cents=30.980;feedback=0.354;crossfeedback_percent=8.000;index=6.449->2.662;clean_percent=45.000;raw_fm_percent=40.000;parallel_ruin_percent=15.000;phase_drift_radians=0.080;drive=2.618;folds=2,6,0.9426127,-9.020599,-6.959979,5.459979,-1.5,-1.4999995,wav/01_gamelan_court__25_thunder_mountain.wav,2,288000,6.0,1727999,35.99997916666667,0.66015446,0.097489245,-20.220867,1.17342225e-8,0,0,0.59957266,-20.208946,7.630956e-9,0.66015446,-20.23282,1.583749e-8,0.13570102,-17.34834
01-26,long_additive_synth,gamelan_court,inside_car_wash,8b79b8462a4e6fac,903a06c594b2e6cb,2,2;6;10,122.378456;151.471039;187.479691,sparse-hashed-13edo-gradual-drones-v14,long,d4396b0325fee483,9.990220;9.600325;10.678492,5.637441;5.153384;6.605553,breathing_drone;late_bloom;broad_swell,saturated_saw_cluster,detune_cents=73.881;drift_cents=23.173;drive=7.102;folds=4;alias_percent=64.388;bits=7;hard_sync_percent=60.087;sample_hold_frames=4,3,0.9588486,-10.573349,-11.214922,9.714922,-1.5,-1.4999995,wav/01_gamelan_court__26_inside_car_wash.wav,2,288000,6.0,1727999,35.99997916666667,0.7380923,0.097041875,-20.260815,-5.7121166e-9,0,0,0.6562656,-20.214802,-4.515188e-9,0.7380923,-20.307327,-6.9090453e-9,0.13768585,-17.222214
01-27,long_additive_synth,gamelan_court,peru_new_year_fireworks,8b79b8462a4e6fac,83317dd5c74822ca,10,10;1;5,187.479691;116.024269;143.606293,sparse-hashed-13edo-gradual-drones-v14,long,b81538cd6b5ab56a,10.368651;10.697655;7.419304,6.150708;6.634765;3.118821,soft_drone;broad_swell;late_bloom,modal_noise_resonator,detune_cents=39.438;mode_disorder_percent=3.794;resonated_noise_percent=10.373;clean_percent=60.000;parallel_ruin_percent=29.627;drive=4.169;folds=1,6,0.94919777,-9.609118,-2.9601803,1.4601803,-1.5,-1.4999995,wav/01_gamelan_court__27_peru_new_year_fireworks.wav,2,288000,6.0,1727999,35.99997916666667,0.54057693,0.09810984,-20.165749,-3.1830114e-9,0,0,0.50500184,-20.167198,-2.4477562e-9,0.54057693,-20.164299,-3.9182666e-9,0.14230773,-16.93543
01-28,long_additive_synth,gamelan_court,efteling_steam_train,8b79b8462a4e6fac,9a412959184abdf9,2,2;6;10,122.378456;151.471039;187.479691,sparse-hashed-13edo-gradual-drones-v14,long,731385ab505b7117,7.282328;10.633804;8.489239,3.021988;6.537932;3.990101,soft_drone;breathing_drone;breathing_drone,saturated_saw_cluster,detune_cents=77.278;drift_cents=22.053;drive=8.102;folds=4;alias_percent=60.746;bits=5;hard_sync_percent=64.200;sample_hold_frames=4,3,0.9711301,-12.196946,-16.678358,15.178358,-1.5,-1.5,wav/01_gamelan_court__28_efteling_steam_train.wav,2,288000,6.0,1727999,35.99997916666667,0.5573788,0.09800693,-20.174866,-1.5321038e-9,0,0,0.51484257,-20.162851,-1.2248664e-9,0.5573788,-20.18691,-1.8393411e-9,0.1415457,-16.982067
01-29,long_additive_synth,gamelan_court,helicopter_takeoff,8b79b8462a4e6fac,4534148b4903c233,4,4;8;12,136.149902;168.516296;208.577057,sparse-hashed-13edo-gradual-drones-v14,long,6cdb803c3a19f005,9.999390;9.610356;10.686319,5.649357;5.165301;6.617470,broad_swell;soft_drone;breathing_drone,modal_noise_resonator,detune_cents=54.781;mode_disorder_percent=3.402;resonated_noise_percent=15.542;clean_percent=60.000;parallel_ruin_percent=24.458;drive=4.372;folds=2,3,0.9780364,-13.425547,-13.993584,12.493584,-1.5,-1.4999995,wav/01_gamelan_court__29_helicopter_takeoff.wav,2,288000,6.0,1727999,35.99997916666667,0.54623765,0.098269664,-20.151611,6.51403e-9,0,0,0.48813358,-20.143398,2.3840863e-9,0.54623765,-20.159838,1.0643975e-8,0.14233743,-16.933617
01-30,long_additive_synth,gamelan_court,scuba_bubbles,8b79b8462a4e6fac,d2eaf6d35c117589,9,9;0;4,177.745285;110.000000;136.149902,sparse-hashed-13edo-gradual-drones-v14,long,0c5d269184a24334,8.997017;8.501017;9.845839,4.484993;4.000937;5.453105,broad_swell;soft_drone;breathing_drone,inharmonic_fm,detune_cents=45.182;feedback=0.393;crossfeedback_percent=8.000;index=8.428->2.761;clean_percent=45.000;raw_fm_percent=40.000;parallel_ruin_percent=15.000;phase_drift_radians=0.080;drive=2.900;folds=3,3,0.9736949,-12.612759,-5.090485,3.590485,-1.5,-1.5000007,wav/01_gamelan_court__30_scuba_bubbles.wav,2,288000,6.0,1727999,35.99997916666667,0.58248335,0.09785521,-20.188322,9.0569e-11,0,0,0.58248335,-20.181366,1.8194336e-9,0.55573016,-20.19529,-1.6382956e-9,0.13513215,-17.384827
01-31,long_additive_synth,gamelan_court,building_demolition,8b79b8462a4e6fac,d502a0866ac3b927,2,2;6;10,122.378456;151.471039;187.479691,sparse-hashed-13edo-gradual-drones-v14,long,d488d283c72a241d,8.841641;8.326460;7.741834,4.327371;3.843315;3.359259,broad_swell;soft_drone;breathing_drone,modal_noise_resonator,detune_cents=41.556;mode_disorder_percent=3.521;resonated_noise_percent=16.635;clean_percent=60.000;parallel_ruin_percent=23.365;drive=4.014;folds=2,5,0.9592408,-10.633191,-8.536721,7.036721,-1.5,-1.5,wav/01_gamelan_court__31_building_demolition.wav,2,288000,6.0,1727999,35.99997916666667,0.5666687,0.09770744,-20.201447,5.86354e-9,0,0,0.5558367,-20.14554,1.0824665e-8,0.5666687,-20.258083,9.0241536e-10,0.13573983,-17.345854
01-32,long_additive_synth,gamelan_court,finnish_blacksmith,8b79b8462a4e6fac,8828c2d1c0ff4488,6,6;10;1,151.471039;187.479691;116.024269,sparse-hashed-13edo-gradual-drones-v14,long,ab32aeb939edf119,9.548083;9.942488;8.632221,5.091765;5.575821;4.123652,late_bloom;breathing_drone;soft_drone,saturated_saw_cluster,detune_cents=70.232;drift_cents=22.082;drive=9.374;folds=3;alias_percent=60.282;bits=5;hard_sync_percent=49.255;sample_hold_frames=3,4,0.9801182,-13.876208,-12.8752575,11.3752575,-1.5,-1.4999981,wav/01_gamelan_court__32_finnish_blacksmith.wav,2,288000,6.0,1727999,35.99997916666667,0.52731586,0.09841788,-20.138521,-1.07812195e-8,0,0,0.45309168,-20.13608,-1.0265344e-8,0.52731586,-20.14096,-1.1297094e-8,0.1351155,-17.385897
01-33,long_additive_synth,gamelan_court,cattle_auction,8b79b8462a4e6fac,63aeff78df8557af,2,2;6;10,122.378456;151.471039;187.479691,sparse-hashed-13edo-gradual-drones-v14,long,2780359e2f04d912,9.713658;10.093936;8.835770,5.289636;5.773692;4.321524,broad_swell;late_bloom;breathing_drone,inharmonic_fm,detune_cents=42.296;feedback=0.454;crossfeedback_percent=8.000;index=8.826->2.774;clean_percent=45.000;raw_fm_percent=40.000;parallel_ruin_percent=15.000;phase_drift_radians=0.080;drive=2.845;folds=2,4,0.9521598,-9.829668,-1.5220691,0.022069097,-1.5,-1.5,wav/01_gamelan_court__33_cattle_auction.wav,2,288000,6.0,1727999,35.99997916666667,0.55471146,0.09722896,-20.244087,-2.4295432e-9,0,0,0.55471146,-20.236034,-2.226461e-9,0.51556504,-20.252153,-2.6326252e-9,0.13525316,-17.37705
01-34,long_additive_synth,gamelan_court,ferry_alarm,8b79b8462a4e6fac,63fa0671c3c8b3fd,9,9;0;4,177.745285;110.000000;136.149902,sparse-hashed-13edo-gradual-drones-v14,long,663c56b8f428a5fc,8.588053;8.039856;7.412327,4.081927;3.597871;3.113814,soft_drone;breathing_drone;late_bloom,inharmonic_fm,detune_cents=46.281;feedback=0.359;crossfeedback_percent=8.000;index=6.372->2.772;clean_percent=45.000;raw_fm_percent=40.000;parallel_ruin_percent=15.000;phase_drift_radians=0.080;drive=2.843;folds=3,5,0.9363466,-8.514118,1.7358358,0.0,-1.5,1.7358358,wav/01_gamelan_court__34_ferry_alarm.wav,2,288000,6.0,1727999,35.99997916666667,0.5747544,0.097515576,-20.218521,2.825625e-9,0,0,0.5747544,-20.231518,1.2333147e-9,0.5607584,-20.205559,4.4179354e-9,0.13716553,-17.2551
01-35,long_additive_synth,gamelan_court,flooded_mine,8b79b8462a4e6fac,5ef5719090cb3c3e,4,4;8;12,136.149902;168.516296;208.577057,sparse-hashed-13edo-gradual-drones-v14,long,a3b14d1ef37ef318,10.494267;10.148846;9.773558,6.331211;5.847155;5.363099,broad_swell;soft_drone;breathing_drone,inharmonic_fm,detune_cents=34.349;feedback=0.544;crossfeedback_percent=8.000;index=7.466->2.851;clean_percent=45.000;raw_fm_percent=40.000;parallel_ruin_percent=15.000;phase_drift_radians=0.080;drive=2.481;folds=3,5,0.9274588,-7.894139,-12.035436,10.535436,-1.5,-1.5,wav/01_gamelan_court__35_flooded_mine.wav,2,288000,6.0,1727999,35.99997916666667,0.57757777,0.09782084,-20.191372,-4.901282e-9,0,0,0.56457657,-20.17574,-4.4110635e-9,0.57757777,-20.207062,-5.3915e-9,0.13430303,-17.438284
01-36,long_additive_synth,gamelan_court,cappuccino_process,8b79b8462a4e6fac,c9cb796a64de33e2,2,2;6;10,122.378456;151.471039;187.479691,sparse-hashed-13edo-gradual-drones-v14,long,f4f44275234eb986,9.410031;8.961438;10.188339,4.932456;4.448400;5.900569,breathing_drone;late_bloom;broad_swell,inharmonic_fm,detune_cents=46.740;feedback=0.429;crossfeedback_percent=8.000;index=7.881->2.842;clean_percent=45.000;raw_fm_percent=40.000;parallel_ruin_percent=15.000;phase_drift_radians=0.080;drive=2.827;folds=3,3,0.9628089,-11.043206,-12.608527,11.108527,-1.5,-1.4999995,wav/01_gamelan_court__36_cappuccino_process.wav,2,288000,6.0,1727999,35.99997916666667,0.75514525,0.09612251,-20.343496,-1.4448419e-8,0,0,0.75514525,-20.340034,-1.2594375e-8,0.71984845,-20.346964,-1.6302463e-8,0.13505103,-17.390043
01-37,long_additive_synth,gamelan_court,tennis_match,8b79b8462a4e6fac,09cb934e68f8f084,12,12;3;7,208.577057;129.080658;159.766510,sparse-hashed-13edo-gradual-drones-v14,long,994664b4934d8374,10.504853;10.824063;9.786051,6.346662;6.830718;5.378549,breathing_drone;soft_drone;broad_swell,inharmonic_fm,detune_cents=28.987;feedback=0.375;crossfeedback_percent=8.000;index=7.040->2.765;clean_percent=45.000;raw_fm_percent=40.000;parallel_ruin_percent=15.000;phase_drift_radians=0.080;drive=2.390;folds=2,4,0.95851696,-10.534934,-11.022544,9.522544,-1.5,-1.4999995,wav/01_gamelan_court__37_tennis_match.wav,2,288000,6.0,1727999,35.99997916666667,0.60816085,0.09783158,-20.190418,-4.669034e-10,0,0,0.50528944,-20.170126,-3.5043295e-9,0.60816085,-20.210808,2.5705227e-9,0.13866214,-17.160841
01-38,long_additive_synth,gamelan_court,chainsaw_cycle,8b79b8462a4e6fac,5c7feb9d452f2bef,7,7;11;2,159.766510;197.747208;122.378456,sparse-hashed-13edo-gradual-drones-v14,long,22ee737789277830,10.593428;10.906420;7.851975,6.477430;6.961486;3.445542,soft_drone;broad_swell;late_bloom,modal_noise_resonator,detune_cents=43.415;mode_disorder_percent=5.319;resonated_noise_percent=17.682;clean_percent=60.000;parallel_ruin_percent=22.318;drive=5.187;folds=1,6,0.94777024,-9.458851,-10.490889,8.990889,-1.5,-1.5,wav/01_gamelan_court__38_chainsaw_cycle.wav,2,288000,6.0,1727999,35.99997916666667,0.6720938,0.09707671,-20.2577,-7.00516e-10,0,0,0.5771958,-20.214191,-6.7779976e-10,0.6720938,-20.30165,-7.2323225e-10,0.13681307,-17.277449
01-39,long_additive_synth,gamelan_court,near_foghorn,8b79b8462a4e6fac,1d6af12c6225ab62,10,10;1;5,187.479691;116.024269;143.606293,sparse-hashed-13edo-gradual-drones-v14,long,765c6d572a7ccbad,9.484426;9.884394;8.553481,5.017675;5.501732;4.049563,breathing_drone;soft_drone;broad_swell,saturated_saw_cluster,detune_cents=82.569;drift_cents=21.178;drive=7.429;folds=3;alias_percent=73.589;bits=7;hard_sync_percent=48.938;sample_hold_frames=3,4,0.9399261,-8.803241,-0.32331038,0.0,-1.5,-0.32331038,wav/01_gamelan_court__39_near_foghorn.wav,2,288000,6.0,1727999,35.99997916666667,0.57263595,0.09757607,-20.213135,-8.1574814e-10,0,0,0.5673473,-20.201324,-6.1935315e-9,0.57263595,-20.224974,4.562035e-9,0.13860622,-17.164347
01-40,long_additive_synth,gamelan_court,barcelona_gate_pa,8b79b8462a4e6fac,e28efd5cee017776,12,12;3;7,208.577057;129.080658;159.766510,sparse-hashed-13edo-gradual-drones-v14,long,78f83fbd331c91b9,8.018446;7.387579;10.682772,3.580178;3.096121;6.612065,soft_drone;breathing_drone;late_bloom,saturated_saw_cluster,detune_cents=71.686;drift_cents=17.440;drive=8.668;folds=4;alias_percent=61.005;bits=7;hard_sync_percent=69.676;sample_hold_frames=2,5,0.97433996,-12.728216,-11.175753,9.675753,-1.5,-1.5,wav/01_gamelan_court__40_barcelona_gate_pa.wav,2,288000,6.0,1727999,35.99997916666667,0.6445915,0.09825015,-20.153336,-3.2453435e-9,0,0,0.6445915,-20.167633,-3.8093955e-9,0.4957116,-20.139086,-2.6812914e-9,0.13914166,-17.130856
01-41,long_additive_synth,gamelan_court,delhi_subway_cycle,8b79b8462a4e6fac,3187a582eafedd91,3,3;7;11,129.080658;159.766510;197.747208,sparse-hashed-13edo-gradual-drones-v14,long,fadb805bd1d494a8,10.640285;10.306736;7.939652,6.547697;6.063641;3.515810,soft_drone;breathing_drone;late_bloom,inharmonic_fm,detune_cents=44.319;feedback=0.516;crossfeedback_percent=8.000;index=7.133->3.601;clean_percent=45.000;raw_fm_percent=40.000;parallel_ruin_percent=15.000;phase_drift_radians=0.080;drive=2.767;folds=3,3,0.9692988,-11.917022,-17.530546,16.030546,-1.5,-1.5,wav/01_gamelan_court__41_delhi_subway_cycle.wav,2,288000,6.0,1727999,35.99997916666667,0.6021247,0.09746007,-20.223465,-4.015114e-9,0,0,0.6021247,-20.20222,-3.104402e-9,0.58403677,-20.244812,-4.925826e-9,0.1366996,-17.284657
01-42,long_additive_synth,gamelan_court,hockey_goal,8b79b8462a4e6fac,7338d14d9c7d0103,2,2;6;10,122.378456;151.471039;187.479691,sparse-hashed-13edo-gradual-drones-v14,long,f3db16ccef3dd06f,10.426169;10.075062;9.693052,6.232710;5.748654;5.264598,broad_swell;soft_drone;breathing_drone,modal_noise_resonator,detune_cents=38.893;mode_disorder_percent=3.714;resonated_noise_percent=17.881;clean_percent=60.000;parallel_ruin_percent=22.119;drive=4.287;folds=2,5,0.96591014,-11.438582,-0.009139965,0.0,-1.5,-0.009139965,wav/01_gamelan_court__42_hockey_goal.wav,2,288000,6.0,1727999,35.99997916666667,0.58500713,0.09783435,-20.190172,-1.1225145e-9,0,0,0.53361523,-20.164354,2.99188e-10,0.58500713,-20.216145,-2.544217e-9,0.14003043,-17.075552
01-43,long_additive_synth,gamelan_court,ambulance_siren,8b79b8462a4e6fac,f8af2f1a4cb0c701,5,5;9;0,143.606293;177.745285;110.000000,sparse-hashed-13edo-gradual-drones-v14,long,0154022e3d05997a,9.425243;9.830450;8.480029,4.949761;5.433817;3.981648,breathing_drone;soft_drone;broad_swell,saturated_saw_cluster,detune_cents=67.375;drift_cents=21.425;drive=7.294;folds=3;alias_percent=66.187;bits=5;hard_sync_percent=63.808;sample_hold_frames=4,4,0.95947105,-10.64546,-9.162895,7.662895,-1.5,-1.5,wav/01_gamelan_court__43_ambulance_siren.wav,2,288000,6.0,1727999,35.99997916666667,0.5865524,0.098067835,-20.169468,3.4675895e-9,0,0,0.54684776,-20.1639,-8.789816e-10,0.5865524,-20.175045,7.814161e-9,0.13649844,-17.297447
01-44,long_additive_synth,gamelan_court,woodshop_process,8b79b8462a4e6fac,8e1e1d890ae5881a,8,8;12;3,168.516296;208.577057;129.080658,sparse-hashed-13edo-gradual-drones-v14,long,b0860ad4c4757096,10.333430;9.974422;9.583041,6.101028;5.616972;5.132915,late_bloom;broad_swell;soft_drone,modal_noise_resonator,detune_cents=39.629;mode_disorder_percent=5.786;resonated_noise_percent=15.939;clean_percent=60.000;parallel_ruin_percent=24.061;drive=3.849;folds=2,5,0.95315546,-9.967922,0.85398763,0.0,-1.5,0.85398763,wav/01_gamelan_court__44_woodshop_process.wav,2,288000,6.0,1727999,35.99997916666667,0.64071447,0.09609411,-20.346066,-5.450611e-10,0,0,0.64071447,-20.34209,7.8349305e-10,0.6303397,-20.350044,-1.8736153e-9,0.12996697,-17.72334
01-45,long_additive_synth,gamelan_court,tractor_turning_hay,8b79b8462a4e6fac,241aba059f6c939a,12,12;3;7,208.577057;129.080658;159.766510,sparse-hashed-13edo-gradual-drones-v14,long,f9f65cb102840dd2,10.422386;10.070959;9.688572,6.227282;5.743226;5.259170,broad_swell;soft_drone;breathing_drone,saturated_saw_cluster,detune_cents=83.968;drift_cents=15.408;drive=7.998;folds=4;alias_percent=65.286;bits=6;hard_sync_percent=64.385;sample_hold_frames=3,5,0.95515984,-10.164906,-9.263723,7.7637234,-1.5,-1.5,wav/01_gamelan_court__45_tractor_turning_hay.wav,2,288000,6.0,1727999,35.99997916666667,0.5416094,0.09821903,-20.156088,-5.0789497e-9,0,0,0.5416094,-20.154423,-5.393768e-9,0.5007836,-20.157753,-4.7641313e-9,0.13519272,-17.380934
01-46,long_additive_synth,gamelan_court,hail_thunder,8b79b8462a4e6fac,8ca435fa8014940b,10,10;1;5,187.479691;116.024269;143.606293,sparse-hashed-13edo-gradual-drones-v14,long,3e42ad2e371055e6,10.851820;10.534720;8.325683,6.874515;6.390459;3.842627,breathing_drone;late_bloom;broad_swell,modal_noise_resonator,detune_cents=54.731;mode_disorder_percent=5.191;resonated_noise_percent=12.344;clean_percent=60.000;parallel_ruin_percent=27.656;drive=4.875;folds=2,3,0.9803082,-13.91553,-7.043848,5.543848,-1.5,-1.4999995,wav/01_gamelan_court__46_hail_thunder.wav,2,288000,6.0,1727999,35.99997916666667,0.59037375,0.097229384,-20.24405,9.08289e-10,0,0,0.59037375,-20.244503,-1.4048731e-9,0.5846531,-20.243597,3.221451e-9,0.13749161,-17.234476
01-47,long_additive_synth,gamelan_court,marielle_protest,8b79b8462a4e6fac,b99f4919a8dffbad,10,10;1;5,187.479691;116.024269;143.606293,sparse-hashed-13edo-gradual-drones-v14,long,ca6c3c5e9ff7ba48,10.449933;10.773058;9.721172,6.266909;6.750965;5.298796,breathing_drone;soft_drone;broad_swell,saturated_saw_cluster,detune_cents=55.573;drift_cents=18.609;drive=9.786;folds=3;alias_percent=67.979;bits=7;hard_sync_percent=64.088;sample_hold_frames=3,4,0.9858423,-15.38573,-16.231138,14.731138,-1.5,-1.4999995,wav/01_gamelan_court__47_marielle_protest.wav,2,288000,6.0,1727999,35.99997916666667,0.5138355,0.09825884,-20.152567,-4.1456834e-9,0,0,0.49825108,-20.153908,-3.0496383e-9,0.5138355,-20.151226,-5.2417284e-9,0.13619654,-17.316679
01-48,long_additive_synth,gamelan_court,hair_salon_tools,8b79b8462a4e6fac,91febc7e6d506cc8,4,4;8;12,136.149902;168.516296;208.577057,sparse-hashed-13edo-gradual-drones-v14,long,597aa04f051d7e2b,9.995475;9.606074;10.682978,5.644266;5.160210;6.612379,soft_drone;breathing_drone;late_bloom,inharmonic_fm,detune_cents=34.112;feedback=0.428;crossfeedback_percent=8.000;index=7.926->3.277;clean_percent=45.000;raw_fm_percent=40.000;parallel_ruin_percent=15.000;phase_drift_radians=0.080;drive=2.445;folds=3,3,0.9809735,-14.070288,-15.204315,13.704315,-1.5,-1.5000007,wav/01_gamelan_court__48_hair_salon_tools.wav,2,288000,6.0,1727999,35.99997916666667,0.60707295,0.09818821,-20.158813,4.6350102e-10,0,0,0.511002,-20.163692,-4.3111017e-9,0.60707295,-20.15394,5.2381037e-9,0.13674526,-17.281754
02-25,long_additive_synth,montreal_bagpipe_parade,thunder_mountain,ed5dc99260e3264e,4e2a8e922a968e95,11,11;2;6,197.747208;122.378456;151.471039,sparse-hashed-13edo-gradual-drones-v14,long,c9f82e2c61e58f73,7.927758;7.282540;8.986656,3.506193;3.022136;4.474305,breathing_drone;late_bloom;broad_swell,modal_noise_resonator,detune_cents=44.217;mode_disorder_percent=3.543;resonated_noise_percent=14.219;clean_percent=60.000;parallel_ruin_percent=25.781;drive=5.192;folds=2,3,0.970878,-12.159499,-17.423801,15.923801,-1.5,-1.5,wav/02_montreal_bagpipe_parade__25_thunder_mountain.wav,2,288000,6.0,1727999,35.99997916666667,0.5839595,0.09737087,-20.231419,1.3707547e-8,0,0,0.5274324,-20.194681,1.7014699e-8,0.5839595,-20.26847,1.0400395e-8,0.13564439,-17.351963
02-26,long_additive_synth,montreal_bagpipe_parade,inside_car_wash,ed5dc99260e3264e,903a06c594b2e6cb,9,9;0;4,177.745285;110.000000;136.149902,sparse-hashed-13edo-gradual-drones-v14,long,815f5c540b8426f5,9.630616;10.017918;10.373489,5.189453;5.673509;6.157565,broad_swell;late_bloom;breathing_drone,modal_noise_resonator,detune_cents=51.843;mode_disorder_percent=4.556;resonated_noise_percent=11.150;clean_percent=60.000;parallel_ruin_percent=28.850;drive=4.448;folds=1,6,0.97005993,-12.035989,-16.301723,14.8017235,-1.5,-1.4999987,wav/02_montreal_bagpipe_parade__26_inside_car_wash.wav,2,288000,6.0,1727999,35.99997916666667,0.48453254,0.0981333,-20.163671,4.829172e-9,0,0,0.48020577,-20.147282,6.777984e-9,0.48453254,-20.180126,2.8803604e-9,0.13724658,-17.24997
02-27,long_additive_synth,montreal_bagpipe_parade,peru_new_year_fireworks,ed5dc99260e3264e,83317dd5c74822ca,3,3;7;11,129.080658;159.766510;197.747208,sparse-hashed-13edo-gradual-drones-v14,long,897380bc50b36674,7.611085;10.788862;8.740487,3.259632;6.775576;4.227744,breathing_drone;late_bloom;late_bloom,inharmonic_fm,detune_cents=31.032;feedback=0.530;crossfeedback_percent=8.000;index=6.815->3.269;clean_percent=45.000;raw_fm_percent=40.000;parallel_ruin_percent=15.000;phase_drift_radians=0.080;drive=2.881;folds=3,3,0.9656879,-11.4119,-6.9133,5.4133,-1.5,-1.5000007,wav/02_montreal_bagpipe_parade__27_peru_new_year_fireworks.wav,2,288000,6.0,1727999,35.99997916666667,0.6389804,0.09772815,-20.199606,3.852063e-9,0,0,0.53907484,-20.170826,5.488965e-9,0.6389804,-20.228579,2.2151612e-9,0.13840236,-17.17713
02-28,long_additive_synth,montreal_bagpipe_parade,efteling_steam_train,ed5dc99260e3264e,9a412959184abdf9,5,5;9;0,143.606293;177.745285;110.000000,sparse-hashed-13edo-gradual-drones-v14,long,9eb9d3239dbe0119,9.388689;9.797166;10.170505,4.908275;5.392331;5.876388,late_bloom;breathing_drone;soft_drone,saturated_saw_cluster,detune_cents=61.457;drift_cents=17.988;drive=9.908;folds=3;alias_percent=71.087;bits=7;hard_sync_percent=61.677;sample_hold_frames=2,6,0.9248311,-7.7215266,-22.040325,20.540325,-1.5,-1.4999975,wav/02_montreal_bagpipe_parade__28_efteling_steam_train.wav,2,288000,6.0,1727999,35.99997916666667,0.5733235,0.09805311,-20.170773,3.729895e-9,0,0,0.53854567,-20.166464,4.0452774e-9,0.5733235,-20.175085,3.4145125e-9,0.13468361,-17.413706
02-29,long_additive_synth,montreal_bagpipe_parade,helicopter_takeoff,ed5dc99260e3264e,4534148b4903c233,7,7;11;2,159.766510;197.747208;122.378456,sparse-hashed-13edo-gradual-drones-v14,long,24c35679c8f024bb,8.772767;8.248833;7.652907,4.259285;3.775229;3.291173,breathing_drone;late_bloom;broad_swell,modal_noise_resonator,detune_cents=44.464;mode_disorder_percent=3.804;resonated_noise_percent=10.416;clean_percent=60.000;parallel_ruin_percent=29.584;drive=4.725;folds=2,5,0.9476018,-9.446347,-16.830427,15.330427,-1.5,-1.5000012,wav/02_montreal_bagpipe_parade__29_helicopter_takeoff.wav,2,288000,6.0,1727999,35.99997916666667,0.49051988,0.09829939,-20.148983,5.4819553e-9,0,0,0.49051988,-20.15195,8.054429e-9,0.47861838,-20.146017,2.9094818e-9,0.14132933,-16.995354
02-30,long_additive_synth,montreal_bagpipe_parade,scuba_bubbles,ed5dc99260e3264e,d2eaf6d35c117589,6,6;10;1,151.471039;187.479691;116.024269,sparse-hashed-13edo-gradual-drones-v14,long,4d0008ea1ceff4b2,9.694946;10.076797;8.812855,5.266895;5.750951;4.298782,late_bloom;breathing_drone;breathing_drone,saturated_saw_cluster,detune_cents=60.760;drift_cents=17.972;drive=9.627;folds=3;alias_percent=73.850;bits=7;hard_sync_percent=64.161;sample_hold_frames=3,4,0.9593748,-10.626749,-10.704618,9.204618,-1.5,-1.5000012,wav/02_montreal_bagpipe_parade__30_scuba_bubbles.wav,2,288000,6.0,1727999,35.99997916666667,0.5473421,0.098324426,-20.14677,4.1019932e-10,0,0,0.5187105,-20.152626,1.7008897e-9,0.5473421,-20.140924,-8.80491e-10,0.1390887,-17.134163
02-31,long_additive_synth,montreal_bagpipe_parade,building_demolition,ed5dc99260e3264e,d502a0866ac3b927,3,3;7;11,129.080658;159.766510;197.747208,sparse-hashed-13edo-gradual-drones-v14,long,b77d8ac4d5a4e433,7.516455;8.130119;8.667708,3.189374;3.673430;4.157487,broad_swell;late_bloom;breathing_drone,inharmonic_fm,detune_cents=37.905;feedback=0.449;crossfeedback_percent=8.000;index=6.418->2.526;clean_percent=45.000;raw_fm_percent=40.000;parallel_ruin_percent=15.000;phase_drift_radians=0.080;drive=2.943;folds=2,6,0.9501662,-9.692327,-11.19553,9.69553,-1.5,-1.4999995,wav/02_montreal_bagpipe_parade__31_building_demolition.wav,2,288000,6.0,1727999,35.99997916666667,0.5241436,0.09838042,-20.141827,3.4656378e-10,0,0,0.5241436,-20.14605,1.0356656e-9,0.45462748,-20.137606,-3.4253797e-10,0.13704835,-17.262524
02-32,long_additive_synth,montreal_bagpipe_parade,finnish_blacksmith,ed5dc99260e3264e,8828c2d1c0ff4488,0,0;4;8,110.000000;136.149902;168.516296,sparse-hashed-13edo-gradual-drones-v14,long,9e2847d1e4dd730b,7.665973;10.815354;8.782867,3.301089;6.817033;4.269202,broad_swell;soft_drone;breathing_drone,saturated_saw_cluster,detune_cents=64.589;drift_cents=18.607;drive=7.518;folds=4;alias_percent=75.401;bits=6;hard_sync_percent=63.673;sample_hold_frames=2,3,0.97802466,-13.425436,-16.523209,15.023209,-1.5,-1.5,wav/02_montreal_bagpipe_parade__32_finnish_blacksmith.wav,2,288000,6.0,1727999,35.99997916666667,0.58666617,0.09821533,-20.156414,-4.229408e-9,0,0,0.58666617,-20.147556,-4.148012e-9,0.5432371,-20.16529,-4.3108037e-9,0.13961102,-17.101606
02-33,long_additive_synth,montreal_bagpipe_parade,cattle_auction,ed5dc99260e3264e,63aeff78df8557af,6,6;10;1,151.471039;187.479691;116.024269,sparse-hashed-13edo-gradual-drones-v14,long,d354937c826b880c,7.818212;10.889742;8.901049,3.418859;6.934803;4.386971,broad_swell;soft_drone;breathing_drone,inharmonic_fm,detune_cents=42.564;feedback=0.522;crossfeedback_percent=8.000;index=8.676->3.657;clean_percent=45.000;raw_fm_percent=40.000;parallel_ruin_percent=15.000;phase_drift_radians=0.080;drive=2.932;folds=3,3,0.9605994,-10.7627125,-17.42366,15.92366,-1.5,-1.4999995,wav/02_montreal_bagpipe_parade__33_cattle_auction.wav,2,288000,6.0,1727999,35.99997916666667,0.52120036,0.09806676,-20.169563,1.6330285e-9,0,0,0.52120036,-20.165424,4.6983195e-9,0.4692423,-20.173704,-1.4322625e-9,0.14258635,-16.918442
02-34,long_additive_synth,montreal_bagpipe_parade,ferry_alarm,ed5dc99260e3264e,63fa0671c3c8b3fd,0,0;4;8,110.000000;136.149902;168.516296,sparse-hashed-13edo-gradual-drones-v14,long,94e1025ab50a9c7a,10.442976;10.766600;7.564683,6.256877;6.740933;3.224989,breathing_drone;soft_drone;broad_swell,saturated_saw_cluster,detune_cents=65.570;drift_cents=21.480;drive=9.027;folds=3;alias_percent=65.215;bits=5;hard_sync_percent=66.313;sample_hold_frames=4,6,0.95535403,-10.194121,-10.05975,8.55975,-1.5,-1.4999995,wav/02_montreal_bagpipe_parade__34_ferry_alarm.wav,2,288000,6.0,1727999,35.99997916666667,0.5380161,0.09827713,-20.15095,-5.9199476e-9,0,0,0.50181234,-20.144249,-1.3206382e-8,0.5380161,-20.157663,1.3664865e-9,0.1373952,-17.240568
02-35,long_additive_synth,montreal_bagpipe_parade,flooded_mine,ed5dc99260e3264e,5ef5719090cb3c3e,12,12;3;7,208.577057;129.080658;159.766510,sparse-hashed-13edo-gradual-drones-v14,long,1e8293016aa4ac26,10.452616;10.775549;9.724345,6.270781;6.754837;5.302669,late_bloom;breathing_drone;breathing_drone,modal_noise_resonator,detune_cents=44.906;mode_disorder_percent=4.540;resonated_noise_percent=10.280;clean_percent=60.000;parallel_ruin_percent=29.720;drive=4.379;folds=1,4,0.96918684,-11.888982,0.77380943,0.0,-1.5,0.77380943,wav/02_montreal_bagpipe_parade__35_flooded_mine.wav,2,288000,6.0,1727999,35.99997916666667,0.52253646,0.09798523,-20.176788,1.5926214e-9,0,0,0.52253646,-20.16605,3.250109e-9,0.5165529,-20.187551,-6.48664e-11,0.15247759,-16.33588
02-36,long_additive_synth,montreal_bagpipe_parade,cappuccino_process,ed5dc99260e3264e,c9cb796a64de33e2,8,8;12;3,168.516296;208.577057;129.080658,sparse-hashed-13edo-gradual-drones-v14,long,4e6db2b30a5ead08,10.854516;10.537621;8.330503,6.878783;6.394727;3.846895,soft_drone;breathing_drone;late_bloom,saturated_saw_cluster,detune_cents=80.538;drift_cents=12.567;drive=7.450;folds=4;alias_percent=60.724;bits=7;hard_sync_percent=48.052;sample_hold_frames=3,3,0.96882117,-11.838607,-6.861823,5.361823,-1.5,-1.5,wav/02_montreal_bagpipe_parade__36_cappuccino_process.wav,2,288000,6.0,1727999,35.99997916666667,0.6644029,0.0969027,-20.273283,2.3124613e-9,0,0,0.6644029,-20.27464,-3.4270024e-11,0.6272931,-20.271927,4.6591926e-9,0.13572864,-17.346571
02-37,long_additive_synth,montreal_bagpipe_parade,tennis_match,ed5dc99260e3264e,09cb934e68f8f084,1,1;5;9,116.024269;143.606293;177.745285,sparse-hashed-13edo-gradual-drones-v14,long,3111450c6386c842,10.811224;7.657437;10.145342,6.810552;3.294608;5.842439,soft_drone;late_bloom;late_bloom,saturated_saw_cluster,detune_cents=79.767;drift_cents=19.490;drive=8.529;folds=3;alias_percent=71.073;bits=7;hard_sync_percent=67.581;sample_hold_frames=2,4,0.95916605,-10.615487,-8.835609,7.3356094,-1.5,-1.4999995,wav/02_montreal_bagpipe_parade__37_tennis_match.wav,2,288000,6.0,1727999,35.99997916666667,0.61711127,0.097693846,-20.202656,-9.789375e-9,0,0,0.5837632,-20.17297,-2.1022183e-8,0.61711127,-20.232546,1.4434343e-9,0.13747855,-17.235302
02-38,long_additive_synth,montreal_bagpipe_parade,chainsaw_cycle,ed5dc99260e3264e,5c7feb9d452f2bef,5,5;9;0,143.606293;177.745285;110.000000,sparse-hashed-13edo-gradual-drones-v14,long,7b8a0a0739f8d4b2,9.825853;9.420196;8.972706,5.428068;4.944012;4.459956,soft_drone;breathing_drone;late_bloom,saturated_saw_cluster,detune_cents=60.193;drift_cents=23.822;drive=7.264;folds=4;alias_percent=73.695;bits=5;hard_sync_percent=59.271;sample_hold_frames=3,5,0.93761116,-8.614689,-8.307455,6.807455,-1.5,-1.5000007,wav/02_montreal_bagpipe_parade__38_chainsaw_cycle.wav,2,288000,6.0,1727999,35.99997916666667,0.6706469,0.097150445,-20.251104,3.741588e-9,0,0,0.59795696,-20.215672,-2.8235109e-11,0.6706469,-20.286829,7.511411e-9,0.13807471,-17.197718
02-39,long_additive_synth,montreal_bagpipe_parade,near_foghorn,ed5dc99260e3264e,1d6af12c6225ab62,3,3;7;11,129.080658;159.766510;197.747208,sparse-hashed-13edo-gradual-drones-v14,long,64b4b49626c88f03,9.029205;9.471195;9.872330,4.518357;5.002413;5.486469,breathing_drone;soft_drone;broad_swell,saturated_saw_cluster,detune_cents=61.843;drift_cents=19.325;drive=8.685;folds=3;alias_percent=78.158;bits=7;hard_sync_percent=63.062;sample_hold_frames=3,6,0.9518605,-9.85466,-12.711057,11.211057,-1.5,-1.5000007,wav/02_montreal_bagpipe_parade__39_near_foghorn.wav,2,288000,6.0,1727999,35.99997916666667,0.62660223,0.09768867,-20.203115,-5.036139e-9,0,0,0.5368855,-20.176136,1.8257226e-9,0.62660223,-20.230265,-1.1898001e-8,0.1352741,-17.375708
02-40,long_additive_synth,montreal_bagpipe_parade,barcelona_gate_pa,ed5dc99260e3264e,e28efd5cee017776,2,2;6;10,122.378456;151.471039;187.479691,sparse-hashed-13edo-gradual-drones-v14,long,be4304f346aa61af,10.308962;10.642348;7.300791,6.066751;6.550807;3.034863,late_bloom;breathing_drone;soft_drone,saturated_saw_cluster,detune_cents=65.551;drift_cents=15.226;drive=9.217;folds=3;alias_percent=76.268;bits=7;hard_sync_percent=53.146;sample_hold_frames=4,6,0.95971906,-10.672525,-18.52787,17.02787,-1.5,-1.5,wav/02_montreal_bagpipe_parade__40_barcelona_gate_pa.wav,2,288000,6.0,1727999,35.99997916666667,0.5564086,0.09817954,-20.15958,-1.0492192e-8,0,0,0.5350914,-20.149937,-1.668488e-8,0.5564086,-20.169243,-4.2995056e-9,0.13965958,-17.098585
02-41,long_additive_synth,montreal_bagpipe_parade,delhi_subway_cycle,ed5dc99260e3264e,3187a582eafedd91,12,12;3;7,208.577057;129.080658;159.766510,sparse-hashed-13edo-gradual-drones-v14,long,29accbb6a7b8249a,10.594481;10.257251;9.891615,6.478999;5.994943;5.510886,breathing_drone;late_bloom;broad_swell,saturated_saw_cluster,detune_cents=82.090;drift_cents=22.768;drive=9.839;folds=4;alias_percent=61.810;bits=5;hard_sync_percent=64.851;sample_hold_frames=2,5,0.9512536,-9.775512,-13.106522,11.606522,-1.5,-1.5,wav/02_montreal_bagpipe_parade__41_delhi_subway_cycle.wav,2,288000,6.0,1727999,35.99997916666667,0.50290465,0.09827147,-20.151451,-1.6476086e-8,0,0,0.50041664,-20.153385,-2.7719471e-8,0.50290465,-20.149519,-5.2326996e-9,0.14019902,-17.065102
02-42,long_additive_synth,montreal_bagpipe_parade,hockey_goal,ed5dc99260e3264e,7338d14d9c7d0103,8,8;12;3,168.516296;208.577057;129.080658,sparse-hashed-13edo-gradual-drones-v14,long,921c4e138515f461,8.488548;8.985897;7.281416,3.989467;4.473523;3.021354,soft_drone;broad_swell;late_bloom,inharmonic_fm,detune_cents=44.552;feedback=0.498;crossfeedback_percent=8.000;index=8.562->3.481;clean_percent=45.000;raw_fm_percent=40.000;parallel_ruin_percent=15.000;phase_drift_radians=0.080;drive=3.046;folds=2,4,0.97488266,-12.822077,-0.4741237,0.0,-1.5,-0.4741237,wav/02_montreal_bagpipe_parade__42_hockey_goal.wav,2,288000,6.0,1727999,35.99997916666667,0.6001606,0.097821034,-20.191355,-2.7689189e-9,0,0,0.5115839,-20.167303,-2.2206983e-9,0.6001606,-20.21554,-3.3171392e-9,0.14458102,-16.797773
02-43,long_additive_synth,montreal_bagpipe_parade,ambulance_siren,ed5dc99260e3264e,f8af2f1a4cb0c701,4,4;8;12,136.149902;168.516296;208.577057,sparse-hashed-13edo-gradual-drones-v14,long,25b226681726e828,8.952137;9.401644;7.883659,4.438883;4.922939;3.470771,soft_drone;broad_swell;broad_swell,saturated_saw_cluster,detune_cents=69.448;drift_cents=19.047;drive=8.650;folds=3;alias_percent=75.555;bits=6;hard_sync_percent=52.044;sample_hold_frames=3,4,0.96161216,-10.8948555,-17.728212,16.228212,-1.5,-1.5000012,wav/02_montreal_bagpipe_parade__43_ambulance_siren.wav,2,288000,6.0,1727999,35.99997916666667,0.5179741,0.098441824,-20.136406,-1.352875e-8,0,0,0.5179741,-20.139149,-1.9993315e-8,0.44995824,-20.133667,-7.064183e-9,0.14302264,-16.891903
02-44,long_additive_synth,montreal_bagpipe_parade,woodshop_process,ed5dc99260e3264e,8e1e1d890ae5881a,12,12;3;7,208.577057;129.080658;159.766510,sparse-hashed-13edo-gradual-drones-v14,long,877f57c553b2e95c,8.710549;9.184417;9.611628,4.198701;4.682757;5.166813,broad_swell;late_bloom;breathing_drone,saturated_saw_cluster,detune_cents=72.235;drift_cents=15.762;drive=7.597;folds=3;alias_percent=61.481;bits=5;hard_sync_percent=63.659;sample_hold_frames=2,6,0.95106936,-9.774299,-3.0221832,1.5221832,-1.5,-1.5000007,wav/02_montreal_bagpipe_parade__44_woodshop_process.wav,2,288000,6.0,1727999,35.99997916666667,0.6988882,0.096747786,-20.28718,-6.451365e-10,0,0,0.6704551,-20.267832,-3.9250327e-9,0.6988882,-20.306614,2.6347597e-9,0.13570239,-17.34825
02-45,long_additive_synth,montreal_bagpipe_parade,tractor_turning_hay,ed5dc99260e3264e,241aba059f6c939a,4,4;8;12,136.149902;168.516296;208.577057,sparse-hashed-13edo-gradual-drones-v14,long,3eb208647229c7ec,8.174485;8.706934;9.181175,3.711151;4.195207;4.679263,breathing_drone;soft_drone;broad_swell,inharmonic_fm,detune_cents=31.291;feedback=0.461;crossfeedback_percent=8.000;index=8.403->2.705;clean_percent=45.000;raw_fm_percent=40.000;parallel_ruin_percent=15.000;phase_drift_radians=0.080;drive=2.433;folds=2,6,0.9473069,-9.4364605,-7.864127,6.364127,-1.5,-1.5,wav/02_montreal_bagpipe_parade__45_tractor_turning_hay.wav,2,288000,6.0,1727999,35.99997916666667,0.44633505,0.0984397,-20.136595,-5.4104765e-9,0,0,0.44633505,-20.14331,-2.992762e-9,0.44284782,-20.129887,-7.828191e-9,0.13236561,-17.564497
02-46,long_additive_synth,montreal_bagpipe_parade,hail_thunder,ed5dc99260e3264e,8ca435fa8014940b,10,10;1;5,187.479691;116.024269;143.606293,sparse-hashed-13edo-gradual-drones-v14,long,45c49b425616ea2c,9.520124;9.916964;10.280558,5.059091;5.543147;6.027203,breathing_drone;soft_drone;broad_swell,modal_noise_resonator,detune_cents=42.649;mode_disorder_percent=4.656;resonated_noise_percent=17.172;clean_percent=60.000;parallel_ruin_percent=22.828;drive=4.387;folds=1,6,0.94260436,-8.9963875,-15.131409,13.631409,-1.5,-1.5000012,wav/02_montreal_bagpipe_parade__46_hail_thunder.wav,2,288000,6.0,1727999,35.99997916666667,0.587438,0.09769165,-20.20285,-2.1411206e-10,0,0,0.5370867,-20.20343,-5.896159e-9,0.587438,-20.202272,5.467935e-9,0.14247237,-16.925388
02-47,long_additive_synth,montreal_bagpipe_parade,marielle_protest,ed5dc99260e3264e,b99f4919a8dffbad,3,3;7;11,129.080658;159.766510;197.747208,sparse-hashed-13edo-gradual-drones-v14,long,3b3bdc4ce5c1f3ce,10.604670;10.268262;9.903593,6.494219;6.010163;5.526107,breathing_drone;late_bloom;broad_swell,saturated_saw_cluster,detune_cents=76.612;drift_cents=21.501;drive=7.965;folds=4;alias_percent=68.575;bits=7;hard_sync_percent=49.197;sample_hold_frames=4,5,0.9683375,-11.778177,-7.980565,6.480565,-1.5,-1.5,wav/02_montreal_bagpipe_parade__47_marielle_protest.wav,2,288000,6.0,1727999,35.99997916666667,0.51995605,0.098392814,-20.140732,-4.45612e-9,0,0,0.49248672,-20.139847,-1.1057727e-8,0.51995605,-20.141617,2.145487e-9,0.13847132,-17.172804
02-48,long_additive_synth,montreal_bagpipe_parade,hair_salon_tools,ed5dc99260e3264e,91febc7e6d506cc8,4,4;8;12,136.149902;168.516296;208.577057,sparse-hashed-13edo-gradual-drones-v14,long,41763b22a4d50e71,9.011370;9.455089;7.959271,4.499839;4.983895;3.531727,late_bloom;breathing_drone;soft_drone,saturated_saw_cluster,detune_cents=74.544;drift_cents=19.408;drive=8.544;folds=3;alias_percent=74.518;bits=7;hard_sync_percent=46.582;sample_hold_frames=4,4,0.96482766,-11.295787,-8.558902,7.058902,-1.5,-1.4999995,wav/02_montreal_bagpipe_parade__48_hair_salon_tools.wav,2,288000,6.0,1727999,35.99997916666667,0.5330707,0.098334014,-20.145924,-3.635245e-9,0,0,0.5330707,-20.146935,-8.160367e-9,0.52364385,-20.144917,8.898767e-10,0.13908657,-17.134296
03-25,long_additive_synth,taiko_drummers,thunder_mountain,b50a7d99fc25511f,4e2a8e922a968e95,10,10;1;5,187.479691;116.024269;143.606293,sparse-hashed-13edo-gradual-drones-v14,long,721727fc5b2ae90b,10.264636;9.899650;9.501149,6.005147;5.521091;5.037035,breathing_drone;late_bloom;broad_swell,saturated_saw_cluster,detune_cents=78.905;drift_cents=21.208;drive=7.891;folds=4;alias_percent=68.085;bits=5;hard_sync_percent=46.140;sample_hold_frames=4,5,0.94798166,-9.471505,-9.689109,8.189109,-1.5,-1.4999995,wav/03_taiko_drummers__25_thunder_mountain.wav,2,288000,6.0,1727999,35.99997916666667,0.5166826,0.098182276,-20.159338,6.6207724e-9,0,0,0.5166826,-20.167349,9.186383e-9,0.5148559,-20.151344,4.0551615e-9,0.13830405,-17.183302
03-26,long_additive_synth,taiko_drummers,inside_car_wash,b50a7d99fc25511f,903a06c594b2e6cb,0,0;4;8,110.000000;136.149902;168.516296,sparse-hashed-13edo-gradual-drones-v14,long,53d60f115a6578cd,9.858610;9.456145;10.566422,5.469164;4.985108;6.437277,broad_swell;soft_drone;breathing_drone,saturated_saw_cluster,detune_cents=58.780;drift_cents=13.043;drive=9.126;folds=4;alias_percent=66.127;bits=5;hard_sync_percent=63.317;sample_hold_frames=4,3,0.97666335,-13.151934,-15.079132,13.579132,-1.5,-1.4999995,wav/03_taiko_drummers__26_inside_car_wash.wav,2,288000,6.0,1727999,35.99997916666667,0.6950508,0.09777619,-20.19534,9.636169e-9,0,0,0.5713256,-20.17394,9.586743e-9,0.6950508,-20.216843,9.6855945e-9,0.13780065,-17.214973
03-27,long_additive_synth,taiko_drummers,peru_new_year_fireworks,b50a7d99fc25511f,83317dd5c74822ca,9,9;0;4,177.745285;110.000000;136.149902,sparse-hashed-13edo-gradual-drones-v14,long,e681ec229cda233c,10.495404;10.815284;7.665828,6.332867;6.816923;3.300979,breathing_drone;soft_drone;broad_swell,inharmonic_fm,detune_cents=33.663;feedback=0.373;crossfeedback_percent=8.000;index=6.176->3.606;clean_percent=45.000;raw_fm_percent=40.000;parallel_ruin_percent=15.000;phase_drift_radians=0.080;drive=2.760;folds=2,6,0.95141727,-9.798418,-7.4173737,5.9173737,-1.5,-1.5,wav/03_taiko_drummers__27_peru_new_year_fireworks.wav,2,288000,6.0,1727999,35.99997916666667,0.43948948,0.0984259,-20.13781,-5.580535e-10,0,0,0.43254766,-20.139952,-9.505526e-10,0.43948948,-20.135672,-1.6555432e-10,0.1370922,-17.259745
03-28,long_additive_synth,taiko_drummers,efteling_steam_train,b50a7d99fc25511f,9a412959184abdf9,12,12;3;7,208.577057;129.080658;159.766510,sparse-hashed-13edo-gradual-drones-v14,long,7ec284699db628f1,8.257802;7.663193;9.247384,3.783033;3.298977;4.751146,soft_drone;breathing_drone;late_bloom,saturated_saw_cluster,detune_cents=57.773;drift_cents=19.410;drive=7.915;folds=4;alias_percent=69.809;bits=5;hard_sync_percent=54.433;sample_hold_frames=2,3,0.95635414,-10.292051,-18.330847,16.830847,-1.5,-1.5,wav/03_taiko_drummers__28_efteling_steam_train.wav,2,288000,6.0,1727999,35.99997916666667,0.5472854,0.098303035,-20.14866,1.5773284e-9,0,0,0.5472854,-20.154894,3.3577314e-9,0.52027303,-20.142439,-2.0307465e-10,0.13874689,-17.155535
03-29,long_additive_synth,taiko_drummers,helicopter_takeoff,b50a7d99fc25511f,4534148b4903c233,4,4;8;12,136.149902;168.516296;208.577057,sparse-hashed-13edo-gradual-drones-v14,long,51a35a494d060083,10.427053;10.076020;7.533737,6.233979;5.749923;3.202091,soft_drone;breathing_drone;late_bloom,modal_noise_resonator,detune_cents=45.095;mode_disorder_percent=3.030;resonated_noise_percent=17.505;clean_percent=60.000;parallel_ruin_percent=22.495;drive=4.847;folds=2,3,0.97672075,-13.169491,-8.711622,7.211622,-1.5,-1.5,wav/03_taiko_drummers__29_helicopter_takeoff.wav,2,288000,6.0,1727999,35.99997916666667,0.5125553,0.09831874,-20.147274,-1.0042269e-9,0,0,0.5125553,-20.152771,1.1149106e-9,0.46079865,-20.141783,-3.1233645e-9,0.14066747,-17.036127
03-30,long_additive_synth,taiko_drummers,scuba_bubbles,b50a7d99fc25511f,d2eaf6d35c117589,12,12;3;7,208.577057;129.080658;159.766510,sparse-hashed-13edo-gradual-drones-v14,long,8b3822430c54a46a,8.657046;9.136475;9.568200,4.147292;4.631349;5.115405,breathing_drone;soft_drone;broad_swell,inharmonic_fm,detune_cents=40.931;feedback=0.536;crossfeedback_percent=8.000;index=8.241->2.698;clean_percent=45.000;raw_fm_percent=40.000;parallel_ruin_percent=15.000;phase_drift_radians=0.080;drive=2.573;folds=2,6,0.9458553,-9.293506,-10.145857,8.645857,-1.5,-1.5000012,wav/03_taiko_drummers__30_scuba_bubbles.wav,2,288000,6.0,1727999,35.99997916666667,0.5158677,0.098215885,-20.156364,-3.5520414e-10,0,0,0.4640663,-20.133514,-4.197988e-10,0.5158677,-20.179337,-2.9060945e-10,0.13876244,-17.154562
03-31,long_additive_synth,taiko_drummers,building_demolition,b50a7d99fc25511f,d502a0866ac3b927,6,6;10;1,151.471039;187.479691;116.024269,sparse-hashed-13edo-gradual-drones-v14,long,259ae1ff729858db,9.259724;9.679935;8.273293,4.764665;5.248721;3.796552,breathing_drone;soft_drone;broad_swell,modal_noise_resonator,detune_cents=43.246;mode_disorder_percent=3.608;resonated_noise_percent=10.877;clean_percent=60.000;parallel_ruin_percent=29.123;drive=3.952;folds=1,4,0.9593496,-10.63384,-8.921299,7.421299,-1.5,-1.4999995,wav/03_taiko_drummers__31_building_demolition.wav,2,288000,6.0,1727999,35.99997916666667,0.5465954,0.09826282,-20.152216,2.461932e-9,0,0,0.5057956,-20.148388,2.4269626e-9,0.5465954,-20.156048,2.4969016e-9,0.13742027,-17.238983
03-32,long_additive_synth,taiko_drummers,finnish_blacksmith,b50a7d99fc25511f,8828c2d1c0ff4488,10,10;1;5,187.479691;116.024269;143.606293,sparse-hashed-13edo-gradual-drones-v14,long,b96fe47851235a13,8.679713;8.143702;9.586586,4.168993;3.684937;5.137106,breathing_drone;late_bloom;broad_swell,inharmonic_fm,detune_cents=29.250;feedback=0.489;crossfeedback_percent=8.000;index=6.519->3.858;clean_percent=45.000;raw_fm_percent=40.000;parallel_ruin_percent=15.000;phase_drift_radians=0.080;drive=2.696;folds=3,3,0.9872613,-15.853169,-12.465459,10.965459,-1.5,-1.4999995,wav/03_taiko_drummers__32_finnish_blacksmith.wav,2,288000,6.0,1727999,35.99997916666667,0.6090357,0.098058194,-20.170322,3.363597e-10,0,0,0.49798745,-20.13316,8.2136625e-10,0.6090357,-20.207806,-1.4864687e-10,0.13808556,-17.197035
03-33,long_additive_synth,taiko_drummers,cattle_auction,b50a7d99fc25511f,63aeff78df8557af,11,11;2;6,197.747208;122.378456;151.471039,sparse-hashed-13edo-gradual-drones-v14,long,b9d6d10177e6cfa4,8.154289;7.544283;9.165165,3.693933;3.209876;4.662045,late_bloom;broad_swell;soft_drone,saturated_saw_cluster,detune_cents=72.492;drift_cents=19.333;drive=7.699;folds=4;alias_percent=75.302;bits=7;hard_sync_percent=53.916;sample_hold_frames=4,3,0.95994675,-10.702518,-17.672228,16.172228,-1.5,-1.4999987,wav/03_taiko_drummers__33_cattle_auction.wav,2,288000,6.0,1727999,35.99997916666667,0.57379925,0.09796388,-20.17868,3.5267145e-10,0,0,0.57379925,-20.187069,4.3095025e-9,0.5278691,-20.17031,-3.6041596e-9,0.14261048,-16.916971
03-34,long_additive_synth,taiko_drummers,ferry_alarm,b50a7d99fc25511f,63fa0671c3c8b3fd,2,2;6;10,122.378456;151.471039;187.479691,sparse-hashed-13edo-gradual-drones-v14,long,ba99491fe2727bd2,8.431321;8.934898;10.911185,3.937242;4.421298;6.969130,late_bloom;breathing_drone;soft_drone,modal_noise_resonator,detune_cents=49.138;mode_disorder_percent=4.807;resonated_noise_percent=10.830;clean_percent=60.000;parallel_ruin_percent=29.170;drive=5.175;folds=1,4,0.9674639,-11.642842,-2.7730918,1.2730918,-1.5,-1.5000007,wav/03_taiko_drummers__34_ferry_alarm.wav,2,288000,6.0,1727999,35.99997916666667,0.601025,0.09804288,-20.171679,3.2560303e-9,0,0,0.5539777,-20.155144,1.8303963e-9,0.601025,-20.188276,4.6816644e-9,0.1334805,-17.491644
03-35,long_additive_synth,taiko_drummers,flooded_mine,b50a7d99fc25511f,5ef5719090cb3c3e,11,11;2;6,197.747208;122.378456;151.471039,sparse-hashed-13edo-gradual-drones-v14,long,d5c12a9508bd929e,10.917374;7.874078;10.268833,6.979066;3.463122;6.010954,broad_swell;late_bloom;breathing_drone,saturated_saw_cluster,detune_cents=83.612;drift_cents=21.393;drive=9.236;folds=3;alias_percent=66.894;bits=5;hard_sync_percent=56.808;sample_hold_frames=2,4,0.9673376,-11.632793,-12.579693,11.079693,-1.5,-1.5000007,wav/03_taiko_drummers__35_flooded_mine.wav,2,288000,6.0,1727999,35.99997916666667,0.5977723,0.0978791,-20.1862,8.065218e-9,0,0,0.5977723,-20.196762,9.380325e-9,0.54497814,-20.175665,6.7501102e-9,0.13790025,-17.208698
03-36,long_additive_synth,taiko_drummers,cappuccino_process,b50a7d99fc25511f,c9cb796a64de33e2,6,6;10;1,151.471039;187.479691;116.024269,sparse-hashed-13edo-gradual-drones-v14,long,736dff0feef07290,9.068098;9.506340;9.904385,4.559003;5.043059;5.527115,breathing_drone;soft_drone;broad_swell,saturated_saw_cluster,detune_cents=80.534;drift_cents=16.607;drive=9.286;folds=3;alias_percent=61.643;bits=7;hard_sync_percent=61.673;sample_hold_frames=3,6,0.9519201,-9.85488,-12.090876,10.590876,-1.5,-1.5000007,wav/03_taiko_drummers__36_cappuccino_process.wav,2,288000,6.0,1727999,35.99997916666667,0.7303118,0.096592516,-20.30113,1.0534179e-8,0,0,0.6391625,-20.245136,1.2046868e-8,0.7303118,-20.357855,9.021489e-9,0.13661465,-17.290054
03-37,long_additive_synth,taiko_drummers,tennis_match,b50a7d99fc25511f,09cb934e68f8f084,4,4;8;12,136.149902;168.516296;208.577057,sparse-hashed-13edo-gradual-drones-v14,long,02175c049d5ca3ca,10.459837;10.111553;7.597336,6.281216;5.797159;3.249328,soft_drone;breathing_drone;late_bloom,modal_noise_resonator,detune_cents=47.205;mode_disorder_percent=3.431;resonated_noise_percent=16.287;clean_percent=60.000;parallel_ruin_percent=23.713;drive=4.999;folds=2,3,0.95605093,-10.267306,-3.0803869,1.5803869,-1.5,-1.5,wav/03_taiko_drummers__37_tennis_match.wav,2,288000,6.0,1727999,35.99997916666667,0.62199813,0.0978723,-20.186804,2.1561124e-9,0,0,0.53439265,-20.154152,1.7234957e-9,0.62199813,-20.219704,2.5887292e-9,0.1412947,-16.997482
03-38,long_additive_synth,taiko_drummers,chainsaw_cycle,b50a7d99fc25511f,5c7feb9d452f2bef,3,3;7;11,129.080658;159.766510;197.747208,sparse-hashed-13edo-gradual-drones-v14,long,c0fd2334fe6a7f3a,7.715579;10.839445;10.521407,3.339011;6.854955;6.370898,soft_drone;breathing_drone;late_bloom,modal_noise_resonator,detune_cents=43.027;mode_disorder_percent=4.632;resonated_noise_percent=17.944;clean_percent=60.000;parallel_ruin_percent=22.056;drive=4.811;folds=2,5,0.9365365,-8.517178,-7.012921,5.512921,-1.5,-1.5,wav/03_taiko_drummers__38_chainsaw_cycle.wav,2,288000,6.0,1727999,35.99997916666667,0.59050876,0.09723929,-20.243164,6.1153465e-9,0,0,0.59050876,-20.21509,1.8278801e-9,0.576205,-20.271423,1.0402813e-8,0.13743953,-17.237766
03-39,long_additive_synth,taiko_drummers,near_foghorn,b50a7d99fc25511f,1d6af12c6225ab62,2,2;6;10,122.378456;151.471039;187.479691,sparse-hashed-13edo-gradual-drones-v14,long,80ab6ca74149104b,8.005619;7.372744;9.047788,3.569619;3.085563;4.537732,late_bloom;broad_swell;soft_drone,inharmonic_fm,detune_cents=46.918;feedback=0.387;crossfeedback_percent=8.000;index=7.892->3.974;clean_percent=45.000;raw_fm_percent=40.000;parallel_ruin_percent=15.000;phase_drift_radians=0.080;drive=2.624;folds=3,3,0.96244603,-10.967275,-12.473843,10.973843,-1.5,-1.5000012,wav/03_taiko_drummers__39_near_foghorn.wav,2,288000,6.0,1727999,35.99997916666667,0.6150755,0.09712615,-20.253277,-9.0448244e-9,0,0,0.5075458,-20.19265,-4.1024534e-10,0.6150755,-20.314762,-1.7679403e-8,0.13528046,-17.3753
03-40,long_additive_synth,taiko_drummers,barcelona_gate_pa,b50a7d99fc25511f,e28efd5cee017776,3,3;7;11,129.080658;159.766510;197.747208,sparse-hashed-13edo-gradual-drones-v14,long,63cc0cbc5d6e49c7,7.460052;8.081190;10.389362,3.148221;3.632277;6.180109,soft_drone;broad_swell;late_bloom,saturated_saw_cluster,detune_cents=73.235;drift_cents=14.553;drive=9.049;folds=3;alias_percent=70.314;bits=6;hard_sync_percent=55.302;sample_hold_frames=3,4,0.9786507,-13.551529,-12.842728,11.342728,-1.5,-1.4999995,wav/03_taiko_drummers__40_barcelona_gate_pa.wav,2,288000,6.0,1727999,35.99997916666667,0.581559,0.098364085,-20.143269,3.6689534e-9,0,0,0.4608444,-20.133831,9.711425e-9,0.581559,-20.152725,-2.3735187e-9,0.13947375,-17.11015
03-41,long_additive_synth,taiko_drummers,delhi_subway_cycle,b50a7d99fc25511f,3187a582eafedd91,9,9;0;4,177.745285;110.000000;136.149902,sparse-hashed-13edo-gradual-drones-v14,long,3c8f017ec260a972,10.156794;9.782223;10.821049,5.857865;5.373809;6.825977,late_bloom;broad_swell;soft_drone,saturated_saw_cluster,detune_cents=68.927;drift_cents=19.529;drive=8.994;folds=4;alias_percent=68.529;bits=5;hard_sync_percent=47.285;sample_hold_frames=2,3,0.9668437,-11.568117,-17.491367,15.991367,-1.5,-1.5,wav/03_taiko_drummers__41_delhi_subway_cycle.wav,2,288000,6.0,1727999,35.99997916666667,0.70511854,0.09783046,-20.190517,2.31998e-9,0,0,0.70511854,-20.213928,2.9926832e-9,0.51163876,-20.167234,1.6472768e-9,0.13671376,-17.283756
03-42,long_additive_synth,taiko_drummers,hockey_goal,b50a7d99fc25511f,7338d14d9c7d0103,2,2;6;10,122.378456;151.471039;187.479691,sparse-hashed-13edo-gradual-drones-v14,long,4bbf631ec89533e9,9.050693;9.490609;8.009312,4.540768;5.024825;3.572656,breathing_drone;soft_drone;broad_swell,modal_noise_resonator,detune_cents=52.387;mode_disorder_percent=4.520;resonated_noise_percent=17.344;clean_percent=60.000;parallel_ruin_percent=22.656;drive=4.087;folds=1,4,0.97350794,-12.582702,0.2893005,0.0,-1.5,0.2893005,wav/03_taiko_drummers__42_hockey_goal.wav,2,288000,6.0,1727999,35.99997916666667,0.5341821,0.09813287,-20.16371,-3.6414205e-12,0,0,0.4994887,-20.143774,-2.9426257e-9,0.5341821,-20.183739,2.9353429e-9,0.13423888,-17.442434
03-43,long_additive_synth,taiko_drummers,ambulance_siren,b50a7d99fc25511f,f8af2f1a4cb0c701,5,5;9;0,143.606293;177.745285;110.000000,sparse-hashed-13edo-gradual-drones-v14,long,048dd63e188dac60,9.987210;10.345205;9.168310,5.633535;6.117591;4.665422,soft_drone;broad_swell;late_bloom,saturated_saw_cluster,detune_cents=67.100;drift_cents=17.411;drive=8.206;folds=3;alias_percent=65.113;bits=7;hard_sync_percent=69.695;sample_hold_frames=3,4,0.961984,-10.92905,-9.200312,7.7003117,-1.5,-1.5000007,wav/03_taiko_drummers__43_ambulance_siren.wav,2,288000,6.0,1727999,35.99997916666667,0.54938847,0.09838214,-20.141676,-1.3896281e-9,0,0,0.54938847,-20.156227,-2.0137861e-10,0.49771813,-20.127172,-2.5778775e-9,0.13876486,-17.15441
03-44,long_additive_synth,taiko_drummers,woodshop_process,b50a7d99fc25511f,8e1e1d890ae5881a,3,3;7;11,129.080658;159.766510;197.747208,sparse-hashed-13edo-gradual-drones-v14,long,5c2d5f81233d0374,10.116476;10.464381;9.323923,5.803735;6.287791;4.835622,breathing_drone;soft_drone;broad_swell,inharmonic_fm,detune_cents=33.492;feedback=0.419;crossfeedback_percent=8.000;index=8.113->2.594;clean_percent=45.000;raw_fm_percent=40.000;parallel_ruin_percent=15.000;phase_drift_radians=0.080;drive=2.908;folds=2,4,0.97028536,-12.06702,-7.10303,5.60303,-1.5,-1.4999995,wav/03_taiko_drummers__44_woodshop_process.wav,2,288000,6.0,1727999,35.99997916666667,0.62625575,0.097023845,-20.26243,3.2366787e-9,0,0,0.62330437,-20.252666,8.167104e-9,0.62625575,-20.272217,-1.6937468e-9,0.13973644,-17.093807
03-45,long_additive_synth,taiko_drummers,tractor_turning_hay,b50a7d99fc25511f,241aba059f6c939a,8,8;12;3,168.516296;208.577057;129.080658,sparse-hashed-13edo-gradual-drones-v14,long,d0bc824595449bd4,9.740608;9.326513;10.466372,5.322563;4.838507;6.290675,late_bloom;broad_swell;soft_drone,inharmonic_fm,detune_cents=35.236;feedback=0.415;crossfeedback_percent=8.000;index=8.138->3.189;clean_percent=45.000;raw_fm_percent=40.000;parallel_ruin_percent=15.000;phase_drift_radians=0.080;drive=3.087;folds=3,3,0.9731781,-12.527331,-17.439415,15.939415,-1.5,-1.5000012,wav/03_taiko_drummers__45_tractor_turning_hay.wav,2,288000,6.0,1727999,35.99997916666667,0.53848577,0.09804962,-20.171082,-3.1738203e-9,0,0,0.53135157,-20.160666,8.016082e-10,0.53848577,-20.181522,-7.1492487e-9,0.13710867,-17.258701
03-46,long_additive_synth,taiko_drummers,hail_thunder,b50a7d99fc25511f,8ca435fa8014940b,3,3;7;11,129.080658;159.766510;197.747208,sparse-hashed-13edo-gradual-drones-v14,long,c29cdc6b0fb305f4,9.830132;10.200764;8.977913,5.433418;5.917475;4.465306,broad_swell;late_bloom;late_bloom,modal_noise_resonator,detune_cents=46.489;mode_disorder_percent=4.183;resonated_noise_percent=16.881;clean_percent=60.000;parallel_ruin_percent=23.119;drive=4.133;folds=1,4,0.9880121,-16.122372,-11.320465,9.820465,-1.5,-1.5,wav/03_taiko_drummers__46_hail_thunder.wav,2,288000,6.0,1727999,35.99997916666667,0.52920073,0.09813495,-20.163527,1.0404859e-9,0,0,0.52920073,-20.177137,1.0402904e-9,0.4903949,-20.149956,1.0406815e-9,0.1391804,-17.128437
03-47,long_additive_synth,taiko_drummers,marielle_protest,b50a7d99fc25511f,b99f4919a8dffbad,0,0;4;8,110.000000;136.149902;168.516296,sparse-hashed-13edo-gradual-drones-v14,long,22bcea23900e35a6,8.396103;8.903550;10.891324,3.905443;4.389500;6.937331,soft_drone;broad_swell;late_bloom,modal_noise_resonator,detune_cents=43.342;mode_disorder_percent=3.174;resonated_noise_percent=11.811;clean_percent=60.000;parallel_ruin_percent=28.189;drive=5.061;folds=1,4,0.9851474,-15.177954,-0.26560855,0.0,-1.5,-0.26560855,wav/03_taiko_drummers__47_marielle_protest.wav,2,288000,6.0,1727999,35.99997916666667,0.5887448,0.09785348,-20.188475,8.299488e-10,0,0,0.5887448,-20.155134,-1.9672914e-9,0.5795374,-20.222075,3.627189e-9,0.13659091,-17.291563
03-48,long_additive_synth,taiko_drummers,hair_salon_tools,b50a7d99fc25511f,91febc7e6d506cc8,8,8;12;3,168.516296;208.577057;129.080658,sparse-hashed-13edo-gradual-drones-v14,long,faf374a93f861ac9,8.778941;9.245789;7.660895,4.265345;4.749401;3.297232,breathing_drone;soft_drone;broad_swell,saturated_saw_cluster,detune_cents=83.339;drift_cents=18.673;drive=7.079;folds=3;alias_percent=75.613;bits=5;hard_sync_percent=69.840;sample_hold_frames=2,4,0.9678671,-11.701864,-12.692342,11.192342,-1.5,-1.4999987,wav/03_taiko_drummers__48_hair_salon_tools.wav,2,288000,6.0,1727999,35.99997916666667,0.53406024,0.098232575,-20.154888,2.467789e-9,0,0,0.51156443,-20.157413,3.0951801e-9,0.53406024,-20.152367,1.840398e-9,0.13812102,-17.194803
04-25,long_additive_synth,tabla_percussion,thunder_mountain,82c374aa0a0a9127,4e2a8e922a968e95,11,11;2;6,197.747208;122.378456;151.471039,sparse-hashed-13edo-gradual-drones-v14,long,c23b11d85dfae4ed,8.589283;9.075844;9.513344,4.083084;4.567141;5.051197,breathing_drone;soft_drone;broad_swell,inharmonic_fm,detune_cents=40.005;feedback=0.394;crossfeedback_percent=8.000;index=8.197->3.460;clean_percent=45.000;raw_fm_percent=40.000;parallel_ruin_percent=15.000;phase_drift_radians=0.080;drive=2.615;folds=2,6,0.9415701,-8.953342,-9.575719,8.075719,-1.5,-1.4999987,wav/04_tabla_percussion__25_thunder_mountain.wav,2,288000,6.0,1727999,35.99997916666667,0.46138218,0.09810985,-20.165749,4.6856907e-11,0,0,0.43942353,-20.170212,-1.7544648e-9,0.46138218,-20.161287,1.8481786e-9,0.14074232,-17.031506
04-26,long_additive_synth,tabla_percussion,inside_car_wash,82c374aa0a0a9127,903a06c594b2e6cb,11,11;2;6,197.747208;122.378456;151.471039,sparse-hashed-13edo-gradual-drones-v14,long,0a347e597d320f37,10.807736;7.650227;8.246496,6.805086;3.289142;3.773199,late_bloom;breathing_drone;soft_drone,inharmonic_fm,detune_cents=46.634;feedback=0.390;crossfeedback_percent=8.000;index=7.598->2.591;clean_percent=45.000;raw_fm_percent=40.000;parallel_ruin_percent=15.000;phase_drift_radians=0.080;drive=2.362;folds=2,6,0.973228,-12.532924,-13.617591,12.117591,-1.5,-1.5,wav/04_tabla_percussion__26_inside_car_wash.wav,2,288000,6.0,1727999,35.99997916666667,0.5917439,0.0981369,-20.163353,-7.3848644e-10,0,0,0.52020985,-20.144745,-1.45243e-10,0.5917439,-20.182041,-1.3317298e-9,0.1407422,-17.031513
04-27,long_additive_synth,tabla_percussion,peru_new_year_fireworks,82c374aa0a0a9127,83317dd5c74822ca,0,0;4;8,110.000000;136.149902;168.516296,sparse-hashed-13edo-gradual-drones-v14,long,f20c6f944f460656,9.605194;9.994672;8.702632,5.159166;5.643222;4.191053,late_bloom;breathing_drone;soft_drone,saturated_saw_cluster,detune_cents=79.584;drift_cents=23.408;drive=9.740;folds=3;alias_percent=67.219;bits=5;hard_sync_percent=58.843;sample_hold_frames=4,4,0.9653418,-11.355735,-11.432945,9.932945,-1.5,-1.5000007,wav/04_tabla_percussion__27_peru_new_year_fireworks.wav,2,288000,6.0,1727999,35.99997916666667,0.56416065,0.09814998,-20.162197,-6.4137406e-9,0,0,0.49161038,-20.155375,-7.337707e-9,0.56416065,-20.16903,-5.4897744e-9,0.13371713,-17.476257
04-28,long_additive_synth,tabla_percussion,efteling_steam_train,82c374aa0a0a9127,9a412959184abdf9,0,0;4;8,110.000000;136.149902;168.516296,sparse-hashed-13edo-gradual-drones-v14,long,c3698fa2f81d8603,9.636820;9.212204;8.741529,5.196871;4.712815;4.228758,breathing_drone;late_bloom;broad_swell,saturated_saw_cluster,detune_cents=62.646;drift_cents=21.206;drive=7.694;folds=4;alias_percent=67.851;bits=7;hard_sync_percent=67.485;sample_hold_frames=4,5,0.9662157,-11.485553,-22.239618,20.739618,-1.5,-1.5000012,wav/04_tabla_percussion__28_efteling_steam_train.wav,2,288000,6.0,1727999,35.99997916666667,0.49685556,0.09833099,-20.14619,-2.1011803e-9,0,0,0.440643,-20.138512,-3.3130227e-9,0.49685556,-20.153885,-8.89338e-10,0.14219,-16.94262
04-29,long_additive_synth,tabla_percussion,helicopter_takeoff,82c374aa0a0a9127,4534148b4903c233,10,10;1;5,187.479691;116.024269;143.606293,sparse-hashed-13edo-gradual-drones-v14,long,7ebddb35c5f487b1,10.823256;7.682274;10.159365,6.829447;3.313503;5.861334,breathing_drone;soft_drone;broad_swell,saturated_saw_cluster,detune_cents=57.098;drift_cents=14.053;drive=7.170;folds=3;alias_percent=66.087;bits=5;hard_sync_percent=65.192;sample_hold_frames=2,4,0.9621105,-10.9473,-12.252149,10.752149,-1.5,-1.5,wav/04_tabla_percussion__29_helicopter_takeoff.wav,2,288000,6.0,1727999,35.99997916666667,0.5602392,0.09812816,-20.164127,7.865851e-10,0,0,0.4989842,-20.152483,-4.3298687e-10,0.5602392,-20.1758,2.006157e-9,0.14016782,-17.067034
04-30,long_additive_synth,tabla_percussion,scuba_bubbles,82c374aa0a0a9127,d2eaf6d35c117589,9,9;0;4,177.745285;110.000000;136.149902,sparse-hashed-13edo-gradual-drones-v14,long,be22b60d56e3a1d0,9.416562;8.968678;10.193798,4.939878;4.455822;5.907990,late_bloom;broad_swell;soft_drone,modal_noise_resonator,detune_cents=49.664;mode_disorder_percent=3.774;resonated_noise_percent=15.123;clean_percent=60.000;parallel_ruin_percent=24.877;drive=4.684;folds=2,3,0.96827364,-11.772411,4.0096684,0.0,-1.5,4.0096684,wav/04_tabla_percussion__30_scuba_bubbles.wav,2,288000,6.0,1727999,35.99997916666667,0.57978624,0.09728702,-20.238903,1.669896e-9,0,0,0.5278917,-20.216522,-1.1827251e-9,0.57978624,-20.261398,4.522517e-9,0.15163513,-16.384003
04-31,long_additive_synth,tabla_percussion,building_demolition,82c374aa0a0a9127,d502a0866ac3b927,5,5;9;0,143.606293;177.745285;110.000000,sparse-hashed-13edo-gradual-drones-v14,long,dbd65387e74b8779,10.321573;9.961542;9.568945,6.084394;5.600338;5.116282,broad_swell;soft_drone;breathing_drone,modal_noise_resonator,detune_cents=46.384;mode_disorder_percent=5.810;resonated_noise_percent=13.851;clean_percent=60.000;parallel_ruin_percent=26.149;drive=4.504;folds=2,5,0.9610593,-10.837113,-8.333787,6.833787,-1.5,-1.5000007,wav/04_tabla_percussion__31_building_demolition.wav,2,288000,6.0,1727999,35.99997916666667,0.49149004,0.097929895,-20.181694,-2.7284353e-10,0,0,0.49149004,-20.162891,3.9431644e-10,0.4807093,-20.200577,-9.400035e-10,0.14702962,-16.651903
04-32,long_additive_synth,tabla_percussion,finnish_blacksmith,82c374aa0a0a9127,8828c2d1c0ff4488,10,10;1;5,187.479691;116.024269;143.606293,sparse-hashed-13edo-gradual-drones-v14,long,ed79b5093999e1d5,8.832394;9.293822;7.729918,4.318167;4.802223;3.350054,late_bloom;breathing_drone;soft_drone,inharmonic_fm,detune_cents=40.337;feedback=0.407;crossfeedback_percent=8.000;index=7.239->3.601;clean_percent=45.000;raw_fm_percent=40.000;parallel_ruin_percent=15.000;phase_drift_radians=0.080;drive=2.863;folds=2,4,0.98127294,-14.136908,-9.494385,7.994385,-1.5,-1.5,wav/04_tabla_percussion__32_finnish_blacksmith.wav,2,288000,6.0,1727999,35.99997916666667,0.4449219,0.098416254,-20.138664,-5.5305698e-11,0,0,0.4449219,-20.139366,-3.2796327e-10,0.42939943,-20.137962,2.1735187e-10,0.13898183,-17.140839
04-33,long_additive_synth,tabla_percussion,cattle_auction,82c374aa0a0a9127,63aeff78df8557af,8,8;12;3,168.516296;208.577057;129.080658,sparse-hashed-13edo-gradual-drones-v14,long,d0d6f950e18fb246,9.104389;8.621201;9.934341,4.597259;4.113202;5.565371,breathing_drone;late_bloom;broad_swell,modal_noise_resonator,detune_cents=39.023;mode_disorder_percent=4.897;resonated_noise_percent=16.117;clean_percent=60.000;parallel_ruin_percent=23.883;drive=4.295;folds=2,3,0.96375114,-11.167917,-12.918589,11.418589,-1.5,-1.5000012,wav/04_tabla_percussion__33_cattle_auction.wav,2,288000,6.0,1727999,35.99997916666667,0.516643,0.097740784,-20.198483,-3.2803527e-10,0,0,0.44711456,-20.185978,9.150768e-11,0.516643,-20.211025,-7.475782e-10,0.116191395,-18.69652
04-34,long_additive_synth,tabla_percussion,ferry_alarm,82c374aa0a0a9127,63fa0671c3c8b3fd,3,3;7;11,129.080658;159.766510;197.747208,sparse-hashed-13edo-gradual-drones-v14,long,59a8ee3a36b93580,9.475560;9.034037;8.542494,5.007443;4.523386;4.039330,soft_drone;breathing_drone;late_bloom,inharmonic_fm,detune_cents=35.073;feedback=0.395;crossfeedback_percent=8.000;index=8.161->3.089;clean_percent=45.000;raw_fm_percent=40.000;parallel_ruin_percent=15.000;phase_drift_radians=0.080;drive=2.407;folds=3,5,0.9422151,-8.990326,2.0567243,0.0,-1.5,2.0567243,wav/04_tabla_percussion__34_ferry_alarm.wav,2,288000,6.0,1727999,35.99997916666667,0.4661414,0.098088205,-20.167664,3.7236776e-11,0,0,0.4661414,-20.16693,-5.2067867e-11,0.44875053,-20.1684,1.2654142e-10,0.11668586,-18.659636
04-35,long_additive_synth,tabla_percussion,flooded_mine,82c374aa0a0a9127,5ef5719090cb3c3e,8,8;12;3,168.516296;208.577057;129.080658,sparse-hashed-13edo-gradual-drones-v14,long,4e7344d57403371c,8.977955;9.424932;9.830168,4.465350;4.949407;5.433463,soft_drone;broad_swell;late_bloom,saturated_saw_cluster,detune_cents=58.605;drift_cents=18.990;drive=7.158;folds=3;alias_percent=72.379;bits=6;hard_sync_percent=53.597;sample_hold_frames=2,6,0.9559819,-10.268337,-6.0215135,4.5215135,-1.5,-1.5,wav/04_tabla_percussion__35_flooded_mine.wav,2,288000,6.0,1727999,35.99997916666667,0.55692476,0.09783186,-20.190393,-2.5507703e-9,0,0,0.49200398,-20.179417,-2.9431915e-9,0.55692476,-20.201397,-2.158349e-9,0.13723038,-17.250994
04-36,long_additive_synth,tabla_percussion,cappuccino_process,82c374aa0a0a9127,c9cb796a64de33e2,10,10;1;5,187.479691;116.024269;143.606293,sparse-hashed-13edo-gradual-drones-v14,long,4b2487b780e4fe9a,9.853443;9.450478;9.006263,5.462663;4.978606;4.494550,soft_drone;breathing_drone;late_bloom,saturated_saw_cluster,detune_cents=83.750;drift_cents=18.207;drive=8.664;folds=4;alias_percent=69.161;bits=7;hard_sync_percent=69.603;sample_hold_frames=3,5,0.9623297,-10.965067,-14.153658,12.653658,-1.5,-1.5000007,wav/04_tabla_percussion__36_cappuccino_process.wav,2,288000,6.0,1727999,35.99997916666667,0.69872457,0.09664882,-20.296068,-2.610748e-9,0,0,0.69872457,-20.25829,-4.03519e-9,0.6481806,-20.334183,-1.186306e-9,0.13492961,-17.397854
04-37,long_additive_synth,tabla_percussion,tennis_match,82c374aa0a0a9127,09cb934e68f8f084,1,1;5;9,116.024269;143.606293;177.745285,sparse-hashed-13edo-gradual-drones-v14,long,5b34bf7aa4a954f8,8.625366;8.082165;7.461177,4.117149;3.633093;3.149037,breathing_drone;late_bloom;broad_swell,modal_noise_resonator,detune_cents=54.401;mode_disorder_percent=3.106;resonated_noise_percent=11.622;clean_percent=60.000;parallel_ruin_percent=28.378;drive=5.105;folds=2,5,0.95958394,-10.646804,-5.337279,3.8372788,-1.5,-1.5000007,wav/04_tabla_percussion__37_tennis_match.wav,2,288000,6.0,1727999,35.99997916666667,0.72102135,0.097042456,-20.260765,-7.7763407e-10,0,0,0.47137454,-20.157938,3.4495964e-10,0.72102135,-20.366085,-1.9002278e-9,0.13973725,-17.093756
04-38,long_additive_synth,tabla_percussion,chainsaw_cycle,82c374aa0a0a9127,5c7feb9d452f2bef,2,2;6;10,122.378456;151.471039;187.479691,sparse-hashed-13edo-gradual-drones-v14,long,123008c99c8c86c4,10.158428;9.784004;10.822452,5.860070;5.376014;6.828183,broad_swell;soft_drone;breathing_drone,inharmonic_fm,detune_cents=44.603;feedback=0.440;crossfeedback_percent=8.000;index=8.130->2.972;clean_percent=45.000;raw_fm_percent=40.000;parallel_ruin_percent=15.000;phase_drift_radians=0.080;drive=2.618;folds=3,3,0.98361623,-14.728752,-9.5367,8.0367,-1.5,-1.4999995,wav/04_tabla_percussion__38_chainsaw_cycle.wav,2,288000,6.0,1727999,35.99997916666667,0.62194026,0.09611866,-20.343845,-7.984786e-10,0,0,0.5762182,-20.291824,-7.16064e-10,0.62194026,-20.396498,-8.8089325e-10,0.13063554,-17.678772
04-39,long_additive_synth,tabla_percussion,near_foghorn,82c374aa0a0a9127,1d6af12c6225ab62,10,10;1;5,187.479691;116.024269;143.606293,sparse-hashed-13edo-gradual-drones-v14,long,62c661c167fed7d9,9.839254;9.434907;10.549984,5.444845;4.960788;6.412957,breathing_drone;late_bloom;broad_swell,inharmonic_fm,detune_cents=35.870;feedback=0.527;crossfeedback_percent=8.000;index=6.124->3.861;clean_percent=45.000;raw_fm_percent=40.000;parallel_ruin_percent=15.000;phase_drift_radians=0.080;drive=2.609;folds=3,3,0.9577617,-10.464977,-19.38299,17.88299,-1.5,-1.5,wav/04_tabla_percussion__39_near_foghorn.wav,2,288000,6.0,1727999,35.99997916666667,0.54254484,0.09783921,-20.189741,8.972933e-9,0,0,0.48013797,-20.177519,9.102939e-9,0.54254484,-20.201998,8.842926e-9,0.13328585,-17.504318
04-40,long_additive_synth,tabla_percussion,barcelona_gate_pa,82c374aa0a0a9127,e28efd5cee017776,4,4;8;12,136.149902;168.516296;208.577057,sparse-hashed-13edo-gradual-drones-v14,long,9537fb27a21149ad,8.033032;7.404442;10.690676,3.592222;3.108166;6.624110,soft_drone;breathing_drone;late_bloom,inharmonic_fm,detune_cents=41.422;feedback=0.404;crossfeedback_percent=8.000;index=6.690->3.337;clean_percent=45.000;raw_fm_percent=40.000;parallel_ruin_percent=15.000;phase_drift_radians=0.080;drive=3.051;folds=3,5,0.9797807,-13.796586,-10.7387085,9.2387085,-1.5,-1.4999995,wav/04_tabla_percussion__40_barcelona_gate_pa.wav,2,288000,6.0,1727999,35.99997916666667,0.5873584,0.09751283,-20.218765,-4.133668e-9,0,0,0.5453303,-20.207386,9.275224e-11,0.5873584,-20.230175,-8.360089e-9,0.13467392,-17.41433
04-41,long_additive_synth,tabla_percussion,delhi_subway_cycle,82c374aa0a0a9127,3187a582eafedd91,6,6;10;1,151.471039;187.479691;116.024269,sparse-hashed-13edo-gradual-drones-v14,long,3512b5482812bd34,7.695861;10.829853;10.511084,3.323885;6.839829;6.355773,late_bloom;broad_swell;soft_drone,inharmonic_fm,detune_cents=38.930;feedback=0.479;crossfeedback_percent=8.000;index=6.374->2.644;clean_percent=45.000;raw_fm_percent=40.000;parallel_ruin_percent=15.000;phase_drift_radians=0.080;drive=3.053;folds=3,5,0.96180606,-10.914512,-12.264199,10.764199,-1.5,-1.4999995,wav/04_tabla_percussion__41_delhi_subway_cycle.wav,2,288000,6.0,1727999,35.99997916666667,0.5104825,0.09821752,-20.156221,2.1180715e-9,0,0,0.50051206,-20.156708,3.1576146e-9,0.5104825,-20.155735,1.0785283e-9,0.13802679,-17.200733
04-42,long_additive_synth,tabla_percussion,hockey_goal,82c374aa0a0a9127,7338d14d9c7d0103,9,9;0;4,177.745285;110.000000;136.149902,sparse-hashed-13edo-gradual-drones-v14,long,e533359820d59e2b,10.078261;9.696547;9.278019,5.752891;5.268835;4.784779,breathing_drone;late_bloom;broad_swell,inharmonic_fm,detune_cents=40.821;feedback=0.519;crossfeedback_percent=8.000;index=8.923->3.581;clean_percent=45.000;raw_fm_percent=40.000;parallel_ruin_percent=15.000;phase_drift_radians=0.080;drive=2.891;folds=3,5,0.96651995,-11.518972,10.789195,0.0,-1.5,10.789195,wav/04_tabla_percussion__42_hockey_goal.wav,2,288000,6.0,1727999,35.99997916666667,0.41152948,0.0983234,-20.146864,-6.6656247e-10,0,0,0.36996898,-20.126343,-9.82041e-10,0.41152948,-20.16748,-3.51084e-10,0.1377513,-17.218086
04-43,long_additive_synth,tabla_percussion,ambulance_siren,82c374aa0a0a9127,f8af2f1a4cb0c701,8,8;12;3,168.516296;208.577057;129.080658,sparse-hashed-13edo-gradual-drones-v14,long,e6fab76605de2a6e,8.203717;8.732802;9.204374,3.736214;4.220270;4.704326,late_bloom;breathing_drone;soft_drone,saturated_saw_cluster,detune_cents=72.428;drift_cents=15.991;drive=7.886;folds=3;alias_percent=60.616;bits=6;hard_sync_percent=66.862;sample_hold_frames=3,6,0.9414346,-8.925576,-11.578251,10.078251,-1.5,-1.4999995,wav/04_tabla_percussion__43_ambulance_siren.wav,2,288000,6.0,1727999,35.99997916666667,0.5157934,0.09803032,-20.17279,-8.1684526e-10,0,0,0.5138295,-20.1746,-1.010935e-9,0.5157934,-20.170982,-6.227555e-10,0.13584797,-17.338936
04-44,long_additive_synth,tabla_percussion,woodshop_process,82c374aa0a0a9127,8e1e1d890ae5881a,1,1;5;9,116.024269;143.606293;177.745285,sparse-hashed-13edo-gradual-drones-v14,long,76a6c0dcc49be01a,9.558531;9.125793;10.312818,5.104028;4.619971;6.072140,soft_drone;breathing_drone;late_bloom,saturated_saw_cluster,detune_cents=72.888;drift_cents=13.776;drive=7.787;folds=4;alias_percent=75.679;bits=7;hard_sync_percent=68.011;sample_hold_frames=4,3,0.97427434,-12.705416,4.8143682,0.0,-1.5,4.8143682,wav/04_tabla_percussion__44_woodshop_process.wav,2,288000,6.0,1727999,35.99997916666667,0.6787757,0.09571763,-20.380161,-4.2650115e-9,0,0,0.5955353,-20.33065,-4.6959876e-9,0.6787757,-20.430243,-3.8340353e-9,0.13559821,-17.354921
04-45,long_additive_synth,tabla_percussion,tractor_turning_hay,82c374aa0a0a9127,241aba059f6c939a,0,0;4;8,110.000000;136.149902;168.516296,sparse-hashed-13edo-gradual-drones-v14,long,c67f32fb00e8d15e,10.779154;10.456499;8.194810,6.760447;6.276390;3.728559,late_bloom;broad_swell;soft_drone,saturated_saw_cluster,detune_cents=72.687;drift_cents=23.070;drive=9.914;folds=4;alias_percent=67.005;bits=6;hard_sync_percent=47.616;sample_hold_frames=3,3,0.9714931,-12.263844,-32.631516,31.131516,-1.5,-1.4999975,wav/04_tabla_percussion__45_tractor_turning_hay.wav,2,288000,6.0,1727999,35.99997916666667,0.49199,0.09831677,-20.147448,-1.3688521e-9,0,0,0.49199,-20.15291,-1.764141e-9,0.44207188,-20.141994,-9.735632e-10,0.14310078,-16.88716
04-46,long_additive_synth,tabla_percussion,hail_thunder,82c374aa0a0a9127,8ca435fa8014940b,9,9;0;4,177.745285;110.000000;136.149902,sparse-hashed-13edo-gradual-drones-v14,long,1e09373bdcce65ca,10.273556;10.609568;10.921440,6.017492;6.501548;6.985604,late_bloom;breathing_drone;broad_swell,saturated_saw_cluster,detune_cents=55.703;drift_cents=20.151;drive=8.729;folds=3;alias_percent=78.061;bits=7;hard_sync_percent=63.021;sample_hold_frames=2,6,0.9260904,-7.807901,-11.476294,9.976294,-1.5,-1.5000007,wav/04_tabla_percussion__46_hail_thunder.wav,2,288000,6.0,1727999,35.99997916666667,0.58821076,0.09790325,-20.184057,-2.8044287e-9,0,0,0.58821076,-20.196486,-3.6510512e-9,0.5043596,-20.171663,-1.9578061e-9,0.13347517,-17.491991
04-47,long_additive_synth,tabla_percussion,marielle_protest,82c374aa0a0a9127,b99f4919a8dffbad,1,1;5;9,116.024269;143.606293;177.745285,sparse-hashed-13edo-gradual-drones-v14,long,ff78c64c7f9f319c,8.929808;9.381516;9.790636,4.416118;4.900175;5.384231,soft_drone;broad_swell;late_bloom,modal_noise_resonator,detune_cents=47.364;mode_disorder_percent=4.075;resonated_noise_percent=10.113;clean_percent=60.000;parallel_ruin_percent=29.887;drive=3.857;folds=1,6,0.94546545,-9.258094,0.31384605,0.0,-1.5,0.31384605,wav/04_tabla_percussion__47_marielle_protest.wav,2,288000,6.0,1727999,35.99997916666667,0.7040079,0.096798345,-20.28264,-1.6747297e-9,0,0,0.6908643,-20.28445,-2.2932647e-9,0.7040079,-20.280834,-1.0561948e-9,0.1376609,-17.223787
04-48,long_additive_synth,tabla_percussion,hair_salon_tools,82c374aa0a0a9127,91febc7e6d506cc8,1,1;5;9,116.024269;143.606293;177.745285,sparse-hashed-13edo-gradual-drones-v14,long,db92047b01519f17,7.941007;8.501044;10.641012,3.516906;4.000962;6.548793,breathing_drone;soft_drone;broad_swell,saturated_saw_cluster,detune_cents=63.086;drift_cents=14.307;drive=7.465;folds=3;alias_percent=72.050;bits=5;hard_sync_percent=48.579;sample_hold_frames=4,4,0.9673365,-11.6462755,-5.0443983,3.5443983,-1.5,-1.4999995,wav/04_tabla_percussion__48_hair_salon_tools.wav,2,288000,6.0,1727999,35.99997916666667,0.5635668,0.098083094,-20.168116,-8.1568624e-10,0,0,0.4992059,-20.16844,-3.4460659e-9,0.5635668,-20.167791,1.8146934e-9,0.13990934,-17.083065
05-25,long_additive_synth,cello_improvisation,thunder_mountain,6d9e6e9b248e74f1,4e2a8e922a968e95,8,8;12;3,168.516296;208.577057;129.080658,sparse-hashed-13edo-gradual-drones-v14,long,75d630e6cd8c6466,10.324501;10.656742;7.331800,6.088497;6.572554;3.056610,late_bloom;breathing_drone;soft_drone,saturated_saw_cluster,detune_cents=63.274;drift_cents=19.283;drive=8.674;folds=3;alias_percent=77.846;bits=7;hard_sync_percent=64.363;sample_hold_frames=2,6,0.93911266,-8.716903,-4.3125143,2.8125143,-1.5,-1.4999995,wav/05_cello_improvisation__25_thunder_mountain.wav,2,288000,6.0,1727999,35.99997916666667,0.4929319,0.09822764,-20.155325,-1.23470425e-8,0,0,0.4634507,-20.144949,-1.7346872e-8,0.4929319,-20.165728,-7.3472126e-9,0.1397101,-17.095444
05-26,long_additive_synth,cello_improvisation,inside_car_wash,6d9e6e9b248e74f1,903a06c594b2e6cb,5,5;9;0,143.606293;177.745285;110.000000,sparse-hashed-13edo-gradual-drones-v14,long,6d9f28be0b6c0d2a,9.474888;9.875696;10.242619,5.006667;5.490724;5.974780,soft_drone;broad_swell;late_bloom,modal_noise_resonator,detune_cents=53.128;mode_disorder_percent=3.720;resonated_noise_percent=11.399;clean_percent=60.000;parallel_ruin_percent=28.601;drive=4.280;folds=1,6,0.97381485,-12.633339,-10.379513,8.879513,-1.5,-1.5,wav/05_cello_improvisation__26_inside_car_wash.wav,2,288000,6.0,1727999,35.99997916666667,0.63185936,0.09584663,-20.368464,-5.034708e-8,0,0,0.63185936,-20.309845,-2.93446e-8,0.6216988,-20.427885,-7.134956e-8,0.13535081,-17.370783
05-27,long_additive_synth,cello_improvisation,peru_new_year_fireworks,6d9e6e9b248e74f1,83317dd5c74822ca,2,2;6;10,122.378456;151.471039;187.479691,sparse-hashed-13edo-gradual-drones-v14,long,f60aefc4ef4679e3,10.384855;10.712678;7.451202,6.173700;6.657756;3.141812,broad_swell;breathing_drone;soft_drone,modal_noise_resonator,detune_cents=41.470;mode_disorder_percent=4.261;resonated_noise_percent=11.064;clean_percent=60.000;parallel_ruin_percent=28.936;drive=3.921;folds=1,6,0.9548574,-10.165282,-13.960621,12.460621,-1.5,-1.5000007,wav/05_cello_improvisation__27_peru_new_year_fireworks.wav,2,288000,6.0,1727999,35.99997916666667,0.46453795,0.09828499,-20.150257,-1.395513e-8,0,0,0.46453795,-20.156462,-2.0869237e-8,0.41889486,-20.14406,-7.0410233e-9,0.12916948,-17.776802
05-28,long_additive_synth,cello_improvisation,efteling_steam_train,6d9e6e9b248e74f1,9a412959184abdf9,11,11;2;6,197.747208;122.378456;151.471039,sparse-hashed-13edo-gradual-drones-v14,long,6d9869554cb7286c,10.726579;7.480604;8.099008,6.679098;3.163154;3.647210,breathing_drone;soft_drone;broad_swell,modal_noise_resonator,detune_cents=41.121;mode_disorder_percent=3.500;resonated_noise_percent=12.584;clean_percent=60.000;parallel_ruin_percent=27.416;drive=4.556;folds=1,6,0.92320603,-7.6302752,9.111422,0.0,-1.5,9.111422,wav/05_cello_improvisation__28_efteling_steam_train.wav,2,288000,6.0,1727999,35.99997916666667,0.4105419,0.09801783,-20.173897,5.451683e-9,0,0,0.35371307,-20.159433,3.3980614e-9,0.4105419,-20.188412,7.505305e-9,0.12824246,-17.839363
05-29,long_additive_synth,cello_improvisation,helicopter_takeoff,6d9e6e9b248e74f1,4534148b4903c233,5,5;9;0,143.606293;177.745285;110.000000,sparse-hashed-13edo-gradual-drones-v14,long,70abf0a3244f6cea,10.001842;9.613038;10.688414,5.652548;5.168491;6.620660,soft_drone;breathing_drone;late_bloom,inharmonic_fm,detune_cents=47.917;feedback=0.439;crossfeedback_percent=8.000;index=7.374->3.240;clean_percent=45.000;raw_fm_percent=40.000;parallel_ruin_percent=15.000;phase_drift_radians=0.080;drive=2.674;folds=3,3,0.976866,-13.19679,-13.838614,12.338614,-1.5,-1.4999987,wav/05_cello_improvisation__29_helicopter_takeoff.wav,2,288000,6.0,1727999,35.99997916666667,0.5291765,0.09723893,-20.243196,-4.093467e-9,0,0,0.45861888,-20.203987,-2.15052e-9,0.5291765,-20.282764,-6.036414e-9,0.13720594,-17.252542
05-30,long_additive_synth,cello_improvisation,scuba_bubbles,6d9e6e9b248e74f1,d2eaf6d35c117589,3,3;7;11,129.080658;159.766510;197.747208,sparse-hashed-13edo-gradual-drones-v14,long,e5616c2574edacbd,7.614899;10.790697;10.468931,3.262495;6.778440;6.294383,soft_drone;late_bloom;broad_swell,inharmonic_fm,detune_cents=31.759;feedback=0.387;crossfeedback_percent=8.000;index=7.686->3.252;clean_percent=45.000;raw_fm_percent=40.000;parallel_ruin_percent=15.000;phase_drift_radians=0.080;drive=2.452;folds=3,5,0.95315814,-9.962748,-8.023329,6.523329,-1.5,-1.4999995,wav/05_cello_improvisation__30_scuba_bubbles.wav,2,288000,6.0,1727999,35.99997916666667,0.5077934,0.09822478,-20.155579,6.9544956e-9,0,0,0.48330316,-20.159636,1.4969393e-8,0.5077934,-20.151527,-1.0604013e-9,0.13901608,-17.138699
05-31,long_additive_synth,cello_improvisation,building_demolition,6d9e6e9b248e74f1,d502a0866ac3b927,0,0;4;8,110.000000;136.149902;168.516296,sparse-hashed-13edo-gradual-drones-v14,long,42b3c98c88ab8d24,7.303905;7.946179;8.505591,3.037040;3.521097;4.005153,late_bloom;breathing_drone;soft_drone,saturated_saw_cluster,detune_cents=66.105;drift_cents=22.385;drive=7.730;folds=3;alias_percent=65.180;bits=5;hard_sync_percent=48.107;sample_hold_frames=4,6,0.95206285,-9.861886,-17.394241,15.894241,-1.5,-1.5000007,wav/05_cello_improvisation__31_building_demolition.wav,2,288000,6.0,1727999,35.99997916666667,0.44931284,0.09833379,-20.145947,-5.061196e-9,0,0,0.43385917,-20.137556,-7.972272e-9,0.44931284,-20.154346,-2.1501205e-9,0.13980235,-17.08971
05-32,long_additive_synth,cello_improvisation,finnish_blacksmith,6d9e6e9b248e74f1,8828c2d1c0ff4488,1,1;5;9,116.024269;143.606293;177.745285,sparse-hashed-13edo-gradual-drones-v14,long,a310acd5baf03cde,9.595596;9.985897;8.690813,5.147776;5.631832;4.179664,breathing_drone;soft_drone;broad_swell,saturated_saw_cluster,detune_cents=65.441;drift_cents=22.574;drive=7.581;folds=3;alias_percent=68.102;bits=6;hard_sync_percent=65.046;sample_hold_frames=4,4,0.98144007,-14.182074,-16.167206,14.667206,-1.5,-1.5000019,wav/05_cello_improvisation__32_finnish_blacksmith.wav,2,288000,6.0,1727999,35.99997916666667,0.4150757,0.098468445,-20.134058,-1.0356824e-9,0,0,0.40822333,-20.117977,3.3064307e-9,0.4150757,-20.1502,-5.3777955e-9,0.1396938,-17.096458
05-33,long_additive_synth,cello_improvisation,cattle_auction,6d9e6e9b248e74f1,63aeff78df8557af,6,6;10;1,151.471039;187.479691;116.024269,sparse-hashed-13edo-gradual-drones-v14,long,2ca523fa1a850971,8.901263;8.393532;7.818487,4.387188;3.903132;3.419075,breathing_drone;late_bloom;broad_swell,inharmonic_fm,detune_cents=30.049;feedback=0.378;crossfeedback_percent=8.000;index=6.607->3.218;clean_percent=45.000;raw_fm_percent=40.000;parallel_ruin_percent=15.000;phase_drift_radians=0.080;drive=2.336;folds=3,5,0.9491092,-9.579444,-11.107606,9.607606,-1.5,-1.4999995,wav/05_cello_improvisation__33_cattle_auction.wav,2,288000,6.0,1727999,35.99997916666667,0.5374196,0.09783984,-20.189686,-6.8672623e-10,0,0,0.5034854,-20.1818,9.393495e-9,0.5374196,-20.197582,-1.0766947e-8,0.13679235,-17.278765
05-34,long_additive_synth,cello_improvisation,ferry_alarm,6d9e6e9b248e74f1,63fa0671c3c8b3fd,8,8;12;3,168.516296;208.577057;129.080658,sparse-hashed-13edo-gradual-drones-v14,long,818f258d00fe2649,9.477985;9.036723;8.545501,5.010241;4.526185;4.042129,breathing_drone;late_bloom;broad_swell,modal_noise_resonator,detune_cents=52.796;mode_disorder_percent=3.469;resonated_noise_percent=14.032;clean_percent=60.000;parallel_ruin_percent=25.968;drive=4.114;folds=2,5,0.9400248,-8.795305,10.937059,0.0,-1.5,10.937059,wav/05_cello_improvisation__34_ferry_alarm.wav,2,288000,6.0,1727999,35.99997916666667,0.55838305,0.09677122,-20.285074,-1.2187581e-8,0,0,0.55838305,-20.325115,-1.650504e-8,0.4311306,-20.245403,-7.870122e-9,0.13930659,-17.120567
05-35,long_additive_synth,cello_improvisation,flooded_mine,6d9e6e9b248e74f1,5ef5719090cb3c3e,11,11;2;6,197.747208;122.378456;151.471039,sparse-hashed-13edo-gradual-drones-v14,long,d08fac662f7f478b,10.376427;10.021105;7.434626,6.161731;5.677674;3.129843,late_bloom;broad_swell;soft_drone,modal_noise_resonator,detune_cents=54.730;mode_disorder_percent=3.881;resonated_noise_percent=14.479;clean_percent=60.000;parallel_ruin_percent=25.521;drive=4.732;folds=2,3,0.9611526,-10.844467,-8.8003645,7.3003645,-1.5,-1.5,wav/05_cello_improvisation__35_flooded_mine.wav,2,288000,6.0,1727999,35.99997916666667,0.56597775,0.09778904,-20.194197,1.4466622e-8,0,0,0.50838506,-20.173336,1.829895e-8,0.56597775,-20.215157,1.0634294e-8,0.13600758,-17.328737
05-36,long_additive_synth,cello_improvisation,cappuccino_process,6d9e6e9b248e74f1,c9cb796a64de33e2,1,1;5;9,116.024269;143.606293;177.745285,sparse-hashed-13edo-gradual-drones-v14,long,0311c0124bef01a5,8.228491;8.754741;9.224061,3.757587;4.241643;4.725699,soft_drone;broad_swell;late_bloom,modal_noise_resonator,detune_cents=40.209;mode_disorder_percent=5.351;resonated_noise_percent=11.867;clean_percent=60.000;parallel_ruin_percent=28.133;drive=4.441;folds=1,6,0.94206846,-8.963484,-10.45712,8.95712,-1.5,-1.4999995,wav/05_cello_improvisation__36_cappuccino_process.wav,2,288000,6.0,1727999,35.99997916666667,0.67372996,0.09674963,-20.287014,4.1201453e-8,0,0,0.5137919,-20.163063,-1.45361305e-8,0.67372996,-20.414602,9.693903e-8,0.13720785,-17.25242
05-37,long_additive_synth,cello_improvisation,tennis_match,6d9e6e9b248e74f1,09cb934e68f8f084,3,3;7;11,129.080658;159.766510;197.747208,sparse-hashed-13edo-gradual-drones-v14,long,0ff4dab31ba15757,8.948918;9.398743;9.806318,4.435595;4.919651;5.403708,soft_drone;broad_swell;late_bloom,saturated_saw_cluster,detune_cents=74.969;drift_cents=23.084;drive=9.428;folds=3;alias_percent=67.888;bits=5;hard_sync_percent=54.930;sample_hold_frames=4,6,0.94322884,-9.073697,-3.5465481,2.0465481,-1.5,-1.5,wav/05_cello_improvisation__37_tennis_match.wav,2,288000,6.0,1727999,35.99997916666667,0.5677887,0.09738142,-20.230476,2.0479949e-9,0,0,0.5184375,-20.21759,-1.5360518e-9,0.5677887,-20.243404,5.6320415e-9,0.14010921,-17.070667
05-38,long_additive_synth,cello_improvisation,chainsaw_cycle,6d9e6e9b248e74f1,5c7feb9d452f2bef,1,1;5;9,116.024269;143.606293;177.745285,sparse-hashed-13edo-gradual-drones-v14,long,7fff49a8e22c4853,7.610310;8.211720;10.466555,3.259050;3.743106;6.290937,breathing_drone;soft_drone;broad_swell,saturated_saw_cluster,detune_cents=83.950;drift_cents=18.688;drive=7.083;folds=3;alias_percent=77.206;bits=6;hard_sync_percent=55.995;sample_hold_frames=4,4,0.9808649,-14.050333,-11.761913,10.261913,-1.5,-1.5000007,wav/05_cello_improvisation__38_chainsaw_cycle.wav,2,288000,6.0,1727999,35.99997916666667,0.6662315,0.095193274,-20.427876,3.1066797e-8,0,0,0.6595219,-20.354216,2.9315014e-8,0.6662315,-20.502804,3.281858e-8,0.13886397,-17.148209
05-39,long_additive_synth,cello_improvisation,near_foghorn,6d9e6e9b248e74f1,1d6af12c6225ab62,6,6;10;1,151.471039;187.479691;116.024269,sparse-hashed-13edo-gradual-drones-v14,long,af61a66f3ce3961a,10.078542;10.429379;10.753981,5.753262;6.237318;6.721375,soft_drone;broad_swell;late_bloom,modal_noise_resonator,detune_cents=42.856;mode_disorder_percent=3.397;resonated_noise_percent=17.823;clean_percent=60.000;parallel_ruin_percent=22.177;drive=3.811;folds=1,6,0.94355637,-9.100588,-14.786545,13.286545,-1.5,-1.4999987,wav/05_cello_improvisation__39_near_foghorn.wav,2,288000,6.0,1727999,35.99997916666667,0.55852103,0.096907176,-20.272882,3.244219e-8,0,0,0.53386414,-20.21397,6.717835e-8,0.55852103,-20.332602,-2.2939626e-9,0.1378258,-17.21339
05-40,long_additive_synth,cello_improvisation,barcelona_gate_pa,6d9e6e9b248e74f1,e28efd5cee017776,8,8;12;3,168.516296;208.577057;129.080658,sparse-hashed-13edo-gradual-drones-v14,long,31b370333487812c,8.097466;7.478826;10.725737,3.645916;3.161860;6.677804,breathing_drone;late_bloom;broad_swell,saturated_saw_cluster,detune_cents=75.407;drift_cents=15.434;drive=9.251;folds=4;alias_percent=61.843;bits=5;hard_sync_percent=54.183;sample_hold_frames=3,5,0.9746992,-12.797042,-6.9941096,5.4941096,-1.5,-1.5000007,wav/05_cello_improvisation__40_barcelona_gate_pa.wav,2,288000,6.0,1727999,35.99997916666667,0.51443636,0.09808748,-20.167728,1.0119698e-9,0,0,0.51443636,-20.16201,-5.4092784e-9,0.47265407,-20.173454,7.433218e-9,0.14183697,-16.96421
05-41,long_additive_synth,cello_improvisation,delhi_subway_cycle,6d9e6e9b248e74f1,3187a582eafedd91,4,4;8;12,136.149902;168.516296;208.577057,sparse-hashed-13edo-gradual-drones-v14,long,c46d1451ceee098b,8.579057;9.066703;7.400532,4.073481;4.557538;3.105369,breathing_drone;soft_drone;broad_swell,inharmonic_fm,detune_cents=29.161;feedback=0.445;crossfeedback_percent=8.000;index=8.924->2.747;clean_percent=45.000;raw_fm_percent=40.000;parallel_ruin_percent=15.000;phase_drift_radians=0.080;drive=3.126;folds=2,4,0.9511549,-9.78151,-16.20057,14.700569,-1.5,-1.5000012,wav/05_cello_improvisation__41_delhi_subway_cycle.wav,2,288000,6.0,1727999,35.99997916666667,0.6118123,0.09699286,-20.265205,3.280305e-10,0,0,0.55866075,-20.224968,1.8900594e-9,0.6118123,-20.30582,-1.2339985e-9,0.13280974,-17.535402
05-42,long_additive_synth,cello_improvisation,hockey_goal,6d9e6e9b248e74f1,7338d14d9c7d0103,12,12;3;7,208.577057;129.080658;159.766510,sparse-hashed-13edo-gradual-drones-v14,long,1f9e5c89ad5da2ce,10.804588;7.643712;10.137608,6.800156;3.284212;5.832044,soft_drone;broad_swell;late_bloom,saturated_saw_cluster,detune_cents=80.758;drift_cents=21.849;drive=8.070;folds=3;alias_percent=64.202;bits=5;hard_sync_percent=60.217;sample_hold_frames=2,4,0.974713,-12.79561,-2.8011518,1.3011518,-1.5,-1.5,wav/05_cello_improvisation__42_hockey_goal.wav,2,288000,6.0,1727999,35.99997916666667,0.60326165,0.09719551,-20.247076,-2.0880265e-8,0,0,0.5812466,-20.204765,-1.4388286e-8,0.60326165,-20.289803,-2.7372241e-8,0.14083096,-17.026037
05-43,long_additive_synth,cello_improvisation,ambulance_siren,6d9e6e9b248e74f1,f8af2f1a4cb0c701,10,10;1;5,187.479691;116.024269;143.606293,sparse-hashed-13edo-gradual-drones-v14,long,1c4e0ae5416b46cf,9.673095;10.056788;8.786066,5.240460;5.724517;4.272348,soft_drone;broad_swell;late_bloom,modal_noise_resonator,detune_cents=48.557;mode_disorder_percent=4.841;resonated_noise_percent=10.650;clean_percent=60.000;parallel_ruin_percent=29.350;drive=4.085;folds=1,4,0.9639282,-11.165646,4.683555,0.0,-1.5,4.683555,wav/05_cello_improvisation__43_ambulance_siren.wav,2,288000,6.0,1727999,35.99997916666667,0.4137432,0.098201305,-20.157654,7.8741647e-10,0,0,0.39392987,-20.142862,1.550146e-11,0.4137432,-20.172499,1.5593314e-9,0.14290227,-16.899218
05-44,long_additive_synth,cello_improvisation,woodshop_process,6d9e6e9b248e74f1,8e1e1d890ae5881a,3,3;7;11,129.080658;159.766510;197.747208,sparse-hashed-13edo-gradual-drones-v14,long,091b7084109ec8c9,10.551296;10.210563;9.840802,6.414897;5.930841;5.446785,broad_swell;soft_drone;breathing_drone,inharmonic_fm,detune_cents=28.493;feedback=0.459;crossfeedback_percent=8.000;index=7.278->3.453;clean_percent=45.000;raw_fm_percent=40.000;parallel_ruin_percent=15.000;phase_drift_radians=0.080;drive=2.613;folds=3,5,0.96274716,-11.028839,-2.3246655,0.82466555,-1.5,-1.4999995,wav/05_cello_improvisation__44_woodshop_process.wav,2,288000,6.0,1727999,35.99997916666667,0.56799257,0.09696336,-20.267847,1.4930322e-8,0,0,0.56799257,-20.274952,2.4247102e-8,0.5616549,-20.260754,5.613542e-9,0.13808505,-17.197067
05-45,long_additive_synth,cello_improvisation,tractor_turning_hay,6d9e6e9b248e74f1,241aba059f6c939a,4,4;8;12,136.149902;168.516296;208.577057,sparse-hashed-13edo-gradual-drones-v14,long,6b6657c26e55ed93,9.236471;8.768565;8.244092,4.739222;4.255166;3.771110,soft_drone;breathing_drone;late_bloom,saturated_saw_cluster,detune_cents=72.342;drift_cents=21.056;drive=9.411;folds=4;alias_percent=74.700;bits=6;hard_sync_percent=55.084;sample_hold_frames=2,5,0.9554902,-10.2147665,-11.664749,10.164749,-1.5,-1.5000007,wav/05_cello_improvisation__45_tractor_turning_hay.wav,2,288000,6.0,1727999,35.99997916666667,0.5600209,0.09733578,-20.234549,1.1185308e-9,0,0,0.55468386,-20.218071,-1.526624e-9,0.5600209,-20.251091,3.763686e-9,0.13858289,-17.165808
05-46,long_additive_synth,cello_improvisation,hail_thunder,6d9e6e9b248e74f1,8ca435fa8014940b,11,11;2;6,197.747208;122.378456;151.471039,sparse-hashed-13edo-gradual-drones-v14,long,7bed1997c7b32dc1,10.435701;10.759850;9.704335,6.246406;6.730462;5.278293,soft_drone;late_bloom;late_bloom,saturated_saw_cluster,detune_cents=68.288;drift_cents=12.054;drive=8.424;folds=3;alias_percent=78.679;bits=5;hard_sync_percent=56.322;sample_hold_frames=4,4,0.9879635,-16.106144,-18.331196,16.831196,-1.5,-1.4999995,wav/05_cello_improvisation__46_hail_thunder.wav,2,288000,6.0,1727999,35.99997916666667,0.5752154,0.09753077,-20.217169,-3.978565e-9,0,0,0.5752154,-20.250666,-7.56138e-9,0.45767346,-20.183924,-3.9575007e-10,0.14652783,-16.681599
05-47,long_additive_synth,cello_improvisation,marielle_protest,6d9e6e9b248e74f1,b99f4919a8dffbad,12,12;3;7,208.577057;129.080658;159.766510,sparse-hashed-13edo-gradual-drones-v14,long,21845a982c5c151f,9.838842;9.434454;10.549633,5.444327;4.960270;6.412439,breathing_drone;late_bloom;broad_swell,inharmonic_fm,detune_cents=31.853;feedback=0.381;crossfeedback_percent=8.000;index=7.288->3.192;clean_percent=45.000;raw_fm_percent=40.000;parallel_ruin_percent=15.000;phase_drift_radians=0.080;drive=2.322;folds=3,3,0.9688933,-11.858757,-6.2357183,4.7357183,-1.5,-1.4999995,wav/05_cello_improvisation__47_marielle_protest.wav,2,288000,6.0,1727999,35.99997916666667,0.55476004,0.09809986,-20.166634,1.9969484e-9,0,0,0.45817602,-20.143723,1.279306e-9,0.55476004,-20.189665,2.7145908e-9,0.13864122,-17.162153
05-48,long_additive_synth,cello_improvisation,hair_salon_tools,6d9e6e9b248e74f1,91febc7e6d506cc8,5,5;9;0,143.606293;177.745285;110.000000,sparse-hashed-13edo-gradual-drones-v14,long,2daa025227c4d1ac,7.906217;7.257541;10.622364,3.488846;3.004789;6.520733,breathing_drone;late_bloom;broad_swell,saturated_saw_cluster,detune_cents=67.071;drift_cents=12.728;drive=9.244;folds=4;alias_percent=71.944;bits=6;hard_sync_percent=62.333;sample_hold_frames=4,5,0.9527102,-9.920937,-8.9593525,7.4593525,-1.5,-1.5000007,wav/05_cello_improvisation__48_hair_salon_tools.wav,2,288000,6.0,1727999,35.99997916666667,0.49281466,0.09824227,-20.154034,-2.9265493e-8,0,0,0.48908287,-20.15298,-3.275349e-8,0.49281466,-20.155085,-2.5777497e-8,0.1340675,-17.45353
06-25,long_additive_synth,toy_piano_breakdown,thunder_mountain,86773ff72cc55f86,4e2a8e922a968e95,0,0;4;8,110.000000;136.149902;168.516296,sparse-hashed-13edo-gradual-drones-v14,long,ed20d7f9eba29558,8.161756;7.552876;10.760956,3.700289;3.216233;6.732177,late_bloom;broad_swell;soft_drone,saturated_saw_cluster,detune_cents=63.059;drift_cents=19.749;drive=9.084;folds=4;alias_percent=79.906;bits=6;hard_sync_percent=46.253;sample_hold_frames=4,5,0.94531906,-9.235428,-4.953738,3.4537382,-1.5,-1.5000007,wav/06_toy_piano_breakdown__25_thunder_mountain.wav,2,288000,6.0,1727999,35.99997916666667,0.6027078,0.09773782,-20.198748,-2.7465197e-9,0,0,0.6027078,-20.213232,-5.0281006e-9,0.5503788,-20.18431,-4.6493887e-10,0.13587232,-17.337381
06-26,long_additive_synth,toy_piano_breakdown,inside_car_wash,86773ff72cc55f86,903a06c594b2e6cb,2,2;6;10,122.378456;151.471039;187.479691,sparse-hashed-13edo-gradual-drones-v14,long,b869169824f84dcc,9.486721;9.886488;8.556326,5.020328;5.504384;4.052216,broad_swell;late_bloom;breathing_drone,inharmonic_fm,detune_cents=41.219;feedback=0.440;crossfeedback_percent=8.000;index=6.523->3.881;clean_percent=45.000;raw_fm_percent=40.000;parallel_ruin_percent=15.000;phase_drift_radians=0.080;drive=2.403;folds=2,4,0.9662385,-11.475532,-12.882543,11.382543,-1.5,-1.5,wav/06_toy_piano_breakdown__26_inside_car_wash.wav,2,288000,6.0,1727999,35.99997916666667,0.8255495,0.096417256,-20.316904,-2.203897e-9,0,0,0.8255495,-20.418903,-3.1452183e-9,0.7357072,-20.217247,-1.2625756e-9,0.1362706,-17.311956
06-27,long_additive_synth,toy_piano_breakdown,peru_new_year_fireworks,86773ff72cc55f86,83317dd5c74822ca,4,4;8;12,136.149902;168.516296;208.577057,sparse-hashed-13edo-gradual-drones-v14,long,7e9651faebc5c715,9.535504;9.100347;10.293472,5.077038;4.592982;6.045151,late_bloom;broad_swell;soft_drone,inharmonic_fm,detune_cents=29.947;feedback=0.498;crossfeedback_percent=8.000;index=8.628->2.842;clean_percent=45.000;raw_fm_percent=40.000;parallel_ruin_percent=15.000;phase_drift_radians=0.080;drive=2.651;folds=3,3,0.96949875,-11.94645,-20.14287,18.64287,-1.5,-1.4999987,wav/06_toy_piano_breakdown__27_peru_new_year_fireworks.wav,2,288000,6.0,1727999,35.99997916666667,0.58478874,0.09784559,-20.189175,2.4515958e-9,0,0,0.5530362,-20.18963,2.7796112e-9,0.58478874,-20.188717,2.1235806e-9,0.13951848,-17.107365
06-28,long_additive_synth,toy_piano_breakdown,efteling_steam_train,86773ff72cc55f86,9a412959184abdf9,9,9;0;4,177.745285;110.000000;136.149902,sparse-hashed-13edo-gradual-drones-v14,long,1934401bb09f5ece,10.278337;9.914549;9.517477,6.024120;5.540064;5.056008,breathing_drone;late_bloom;broad_swell,modal_noise_resonator,detune_cents=53.448;mode_disorder_percent=4.531;resonated_noise_percent=11.490;clean_percent=60.000;parallel_ruin_percent=28.510;drive=4.268;folds=2,5,0.9637728,-11.153409,-17.378693,15.878693,-1.5,-1.4999995,wav/06_toy_piano_breakdown__28_efteling_steam_train.wav,2,288000,6.0,1727999,35.99997916666667,0.7455142,0.09702874,-20.261992,-6.169113e-10,0,0,0.7211665,-20.259056,1.3201595e-9,0.7455142,-20.26493,-2.5539821e-9,0.13670182,-17.284513
06-29,long_additive_synth,toy_piano_breakdown,helicopter_takeoff,86773ff72cc55f86,4534148b4903c233,7,7;11;2,159.766510;197.747208;122.378456,sparse-hashed-13edo-gradual-drones-v14,long,d146734b776754c8,10.517294;10.173773;7.707726,6.364868;5.880812;3.332980,late_bloom;broad_swell;soft_drone,saturated_saw_cluster,detune_cents=72.692;drift_cents=19.218;drive=7.197;folds=4;alias_percent=74.877;bits=5;hard_sync_percent=69.843;sample_hold_frames=4,3,0.97679067,-13.174527,-11.387338,9.887338,-1.5,-1.4999995,wav/06_toy_piano_breakdown__29_helicopter_takeoff.wav,2,288000,6.0,1727999,35.99997916666667,0.58461493,0.09792174,-20.182419,-1.5706932e-9,0,0,0.58461493,-20.190346,-1.8351789e-9,0.51850474,-20.174503,-1.3062076e-9,0.13652937,-17.295479
06-30,long_additive_synth,toy_piano_breakdown,scuba_bubbles,86773ff72cc55f86,d2eaf6d35c117589,1,1;5;9,116.024269;143.606293;177.745285,sparse-hashed-13edo-gradual-drones-v14,long,2baa5795b1b69473,9.326803;8.869056;10.118874,4.838829;4.354773;5.806942,soft_drone;breathing_drone;late_bloom,inharmonic_fm,detune_cents=29.895;feedback=0.489;crossfeedback_percent=8.000;index=8.811->2.980;clean_percent=45.000;raw_fm_percent=40.000;parallel_ruin_percent=15.000;phase_drift_radians=0.080;drive=3.184;folds=3,3,0.9733088,-12.549787,-20.015223,18.515223,-1.5,-1.5000007,wav/06_toy_piano_breakdown__30_scuba_bubbles.wav,2,288000,6.0,1727999,35.99997916666667,0.59948885,0.09797973,-20.177277,4.4667928e-10,0,0,0.5531129,-20.167278,4.5283224e-10,0.59948885,-20.187292,4.405263e-10,0.13804281,-17.199724
06-31,long_additive_synth,toy_piano_breakdown,building_demolition,86773ff72cc55f86,d502a0866ac3b927,6,6;10;1,151.471039;187.479691;116.024269,sparse-hashed-13edo-gradual-drones-v14,long,049dadfb5ee0c22a,9.794726;9.386009;8.934793,5.389303;4.905247;4.421191,soft_drone;breathing_drone;late_bloom,inharmonic_fm,detune_cents=37.602;feedback=0.465;crossfeedback_percent=8.000;index=7.735->2.729;clean_percent=45.000;raw_fm_percent=40.000;parallel_ruin_percent=15.000;phase_drift_radians=0.080;drive=2.828;folds=3,5,0.96119684,-10.855337,-18.41991,16.91991,-1.5,-1.5,wav/06_toy_piano_breakdown__31_building_demolition.wav,2,288000,6.0,1727999,35.99997916666667,0.50031507,0.09840546,-20.139616,2.5314917e-9,0,0,0.50031507,-20.146011,2.9569136e-9,0.48311725,-20.13323,2.1060698e-9,0.14075588,-17.03067
06-32,long_additive_synth,toy_piano_breakdown,finnish_blacksmith,86773ff72cc55f86,8828c2d1c0ff4488,6,6;10;1,151.471039;187.479691;116.024269,sparse-hashed-13edo-gradual-drones-v14,long,e8e389828d2b0268,7.928174;8.489765;10.634126,3.506528;3.990585;6.538416,broad_swell;late_bloom;breathing_drone,saturated_saw_cluster,detune_cents=70.589;drift_cents=19.454;drive=8.520;folds=3;alias_percent=71.013;bits=5;hard_sync_percent=46.931;sample_hold_frames=2,4,0.9583988,-10.5146,-6.9356785,5.4356785,-1.5,-1.5000007,wav/06_toy_piano_breakdown__32_finnish_blacksmith.wav,2,288000,6.0,1727999,35.99997916666667,0.61148787,0.097968,-20.178316,-5.601679e-10,0,0,0.61148787,-20.210943,-1.5955677e-10,0.5691555,-20.145931,-9.60779e-10,0.13835837,-17.179892
06-33,long_additive_synth,toy_piano_breakdown,cattle_auction,86773ff72cc55f86,63aeff78df8557af,8,8;12;3,168.516296;208.577057;129.080658,sparse-hashed-13edo-gradual-drones-v14,long,6ce1cbc8fee455d3,9.887802;10.253746;10.591237,5.506051;5.990108;6.474164,broad_swell;late_bloom;breathing_drone,inharmonic_fm,detune_cents=36.767;feedback=0.404;crossfeedback_percent=8.000;index=7.686->3.821;clean_percent=45.000;raw_fm_percent=40.000;parallel_ruin_percent=15.000;phase_drift_radians=0.080;drive=2.628;folds=2,6,0.9450792,-9.228401,-9.030801,7.530801,-1.5,-1.5,wav/06_toy_piano_breakdown__33_cattle_auction.wav,2,288000,6.0,1727999,35.99997916666667,0.61541873,0.097798266,-20.193377,1.487787e-9,0,0,0.61541873,-20.200806,1.4035508e-9,0.59413797,-20.185963,1.5720232e-9,0.1416282,-16.977005
06-34,long_additive_synth,toy_piano_breakdown,ferry_alarm,86773ff72cc55f86,63fa0671c3c8b3fd,9,9;0;4,177.745285;110.000000;136.149902,sparse-hashed-13edo-gradual-drones-v14,long,fbabffe4a637817f,8.039718;8.587931;9.074635,3.597757;4.081813;4.565869,breathing_drone;soft_drone;broad_swell,saturated_saw_cluster,detune_cents=68.203;drift_cents=20.893;drive=9.111;folds=3;alias_percent=72.857;bits=5;hard_sync_percent=48.913;sample_hold_frames=3,6,0.94925344,-9.590723,-8.644956,7.1449556,-1.5,-1.5000007,wav/06_toy_piano_breakdown__34_ferry_alarm.wav,2,288000,6.0,1727999,35.99997916666667,0.66254973,0.09742599,-20.226501,-5.2913873e-10,0,0,0.66254973,-20.232609,-8.4758806e-10,0.6272531,-20.220406,-2.1068941e-10,0.13851319,-17.170177
06-35,long_additive_synth,toy_piano_breakdown,flooded_mine,86773ff72cc55f86,5ef5719090cb3c3e,6,6;10;1,151.471039;187.479691;116.024269,sparse-hashed-13edo-gradual-drones-v14,long,ff3ff556c36b58b9,7.982476;8.537519;10.663332,3.550649;4.034705;6.582537,soft_drone;broad_swell;late_bloom,saturated_saw_cluster,detune_cents=69.722;drift_cents=15.303;drive=8.960;folds=3;alias_percent=78.524;bits=5;hard_sync_percent=67.813;sample_hold_frames=2,4,0.9704987,-12.097138,-17.397003,15.897003,-1.5,-1.5000007,wav/06_toy_piano_breakdown__35_flooded_mine.wav,2,288000,6.0,1727999,35.99997916666667,0.59404445,0.09785688,-20.188171,3.097041e-9,0,0,0.59404445,-20.179003,3.783019e-9,0.58519053,-20.197363,2.4110633e-9,0.1380888,-17.19683
06-36,long_additive_synth,toy_piano_breakdown,cappuccino_process,86773ff72cc55f86,c9cb796a64de33e2,1,1;5;9,116.024269;143.606293;177.745285,sparse-hashed-13edo-gradual-drones-v14,long,d36c7ed1c5220e9f,10.529001;10.846502;7.730055,6.382047;6.866103;3.350159,late_bloom;breathing_drone;soft_drone,inharmonic_fm,detune_cents=36.261;feedback=0.495;crossfeedback_percent=8.000;index=6.322->2.690;clean_percent=45.000;raw_fm_percent=40.000;parallel_ruin_percent=15.000;phase_drift_radians=0.080;drive=3.002;folds=2,6,0.93817455,-8.664734,-16.306288,14.806288,-1.5,-1.4999995,wav/06_toy_piano_breakdown__36_cappuccino_process.wav,2,288000,6.0,1727999,35.99997916666667,0.7730123,0.095307976,-20.417416,-3.581635e-9,0,0,0.7101108,-20.437529,-3.2111893e-9,0.7730123,-20.397394,-3.952081e-9,0.13297543,-17.52457
06-37,long_additive_synth,toy_piano_breakdown,tennis_match,86773ff72cc55f86,09cb934e68f8f084,10,10;1;5,187.479691;116.024269;143.606293,sparse-hashed-13edo-gradual-drones-v14,long,ec038bee030645ed,8.672005;8.134979;9.580331,4.161601;3.677545;5.129714,late_bloom;broad_swell;soft_drone,saturated_saw_cluster,detune_cents=81.152;drift_cents=12.019;drive=7.348;folds=4;alias_percent=72.750;bits=7;hard_sync_percent=62.121;sample_hold_frames=4,3,0.95565575,-10.222152,-9.855669,8.355669,-1.5,-1.4999995,wav/06_toy_piano_breakdown__37_tennis_match.wav,2,288000,6.0,1727999,35.99997916666667,0.5783696,0.09772328,-20.200039,3.4841081e-9,0,0,0.5783696,-20.191347,2.29313e-9,0.5536215,-20.208748,4.675086e-9,0.13723318,-17.250816
06-38,long_additive_synth,toy_piano_breakdown,chainsaw_cycle,86773ff72cc55f86,5c7feb9d452f2bef,8,8;12;3,168.516296;208.577057;129.080658,sparse-hashed-13edo-gradual-drones-v14,long,b7957d3157884ac5,8.874969;9.332127;7.784720,4.360707;4.844763;3.392595,breathing_drone;soft_drone;broad_swell,inharmonic_fm,detune_cents=39.096;feedback=0.497;crossfeedback_percent=8.000;index=6.975->2.525;clean_percent=45.000;raw_fm_percent=40.000;parallel_ruin_percent=15.000;phase_drift_radians=0.080;drive=2.568;folds=2,4,0.97459865,-12.7703285,-18.972134,17.472134,-1.5,-1.5,wav/06_toy_piano_breakdown__38_chainsaw_cycle.wav,2,288000,6.0,1727999,35.99997916666667,0.7263528,0.095882796,-20.365185,1.7164353e-10,0,0,0.7263528,-20.324575,-4.5235082e-10,0.7225332,-20.40618,7.956379e-10,0.13411924,-17.450178
06-39,long_additive_synth,toy_piano_breakdown,near_foghorn,86773ff72cc55f86,1d6af12c6225ab62,5,5;9;0,143.606293;177.745285;110.000000,sparse-hashed-13edo-gradual-drones-v14,long,bd9b06b122693fa0,7.482480;10.727467;8.641669,3.164521;6.680465;4.132634,broad_swell;soft_drone;breathing_drone,saturated_saw_cluster,detune_cents=73.892;drift_cents=16.832;drive=7.074;folds=4;alias_percent=78.518;bits=6;hard_sync_percent=54.209;sample_hold_frames=4,3,0.96882933,-11.847656,-20.75287,19.25287,-1.5,-1.5000024,wav/06_toy_piano_breakdown__39_near_foghorn.wav,2,288000,6.0,1727999,35.99997916666667,0.6992988,0.09510405,-20.43602,2.0471465e-9,0,0,0.6992988,-20.428196,3.0185678e-9,0.6775698,-20.44386,1.0757252e-9,0.13313808,-17.513954
06-40,long_additive_synth,toy_piano_breakdown,barcelona_gate_pa,86773ff72cc55f86,e28efd5cee017776,11,11;2;6,197.747208;122.378456;151.471039,sparse-hashed-13edo-gradual-drones-v14,long,6714c45661556c02,8.111767;7.495310;10.733549,3.657940;3.173884;6.689828,late_bloom;broad_swell;soft_drone,saturated_saw_cluster,detune_cents=83.538;drift_cents=22.907;drive=7.035;folds=4;alias_percent=77.443;bits=5;hard_sync_percent=48.743;sample_hold_frames=3,5,0.97095066,-12.166203,-15.546719,14.046719,-1.5,-1.5,wav/06_toy_piano_breakdown__40_barcelona_gate_pa.wav,2,288000,6.0,1727999,35.99997916666667,0.5423142,0.09731037,-20.236816,-4.685597e-10,0,0,0.5423142,-20.298338,3.3624725e-10,0.47739244,-20.176159,-1.2733666e-9,0.1400007,-17.077396
06-41,long_additive_synth,toy_piano_breakdown,delhi_subway_cycle,86773ff72cc55f86,3187a582eafedd91,5,5;9;0,143.606293;177.745285;110.000000,sparse-hashed-13edo-gradual-drones-v14,long,68a1984a789ae7cd,10.793887;10.472367;8.221487,6.783421;6.299364;3.751533,late_bloom;broad_swell;soft_drone,inharmonic_fm,detune_cents=30.653;feedback=0.526;crossfeedback_percent=8.000;index=8.752->3.254;clean_percent=45.000;raw_fm_percent=40.000;parallel_ruin_percent=15.000;phase_drift_radians=0.080;drive=2.345;folds=3,3,0.96403366,-11.193149,-17.415363,15.915363,-1.5,-1.5,wav/06_toy_piano_breakdown__41_delhi_subway_cycle.wav,2,288000,6.0,1727999,35.99997916666667,0.6085571,0.0975129,-20.218758,-9.422663e-10,0,0,0.6085571,-20.214586,-5.588271e-10,0.5968533,-20.222935,-1.3257053e-9,0.13489144,-17.400312
06-42,long_additive_synth,toy_piano_breakdown,hockey_goal,86773ff72cc55f86,7338d14d9c7d0103,1,1;5;9,116.024269;143.606293;177.745285,sparse-hashed-13edo-gradual-drones-v14,long,2320c59717d373a0,10.122284;10.469742;10.791450,5.811502;6.295558;6.779614,breathing_drone;soft_drone;broad_swell,saturated_saw_cluster,detune_cents=57.421;drift_cents=20.752;drive=7.795;folds=3;alias_percent=73.195;bits=6;hard_sync_percent=63.012;sample_hold_frames=3,6,0.95531607,-10.192548,-8.691852,7.1918516,-1.5,-1.4999995,wav/06_toy_piano_breakdown__42_hockey_goal.wav,2,288000,6.0,1727999,35.99997916666667,0.62813056,0.09784598,-20.18914,1.0088893e-9,0,0,0.62813056,-20.192404,1.4711321e-9,0.6053071,-20.18588,5.4664656e-10,0.13868825,-17.159206
06-43,long_additive_synth,toy_piano_breakdown,ambulance_siren,86773ff72cc55f86,f8af2f1a4cb0c701,3,3;7;11,129.080658;159.766510;197.747208,sparse-hashed-13edo-gradual-drones-v14,long,5012059e2739bd05,9.811103;9.403997;10.526093,5.409663;4.925607;6.377776,broad_swell;soft_drone;breathing_drone,modal_noise_resonator,detune_cents=42.142;mode_disorder_percent=4.738;resonated_noise_percent=12.745;clean_percent=60.000;parallel_ruin_percent=27.255;drive=4.268;folds=2,3,0.97132236,-12.232338,-18.03671,16.53671,-1.5,-1.5,wav/06_toy_piano_breakdown__43_ambulance_siren.wav,2,288000,6.0,1727999,35.99997916666667,0.54292196,0.09823246,-20.154898,1.1897767e-9,0,0,0.5258672,-20.164328,1.7141968e-9,0.54292196,-20.14549,6.653566e-10,0.13754173,-17.23131
06-44,long_additive_synth,toy_piano_breakdown,woodshop_process,86773ff72cc55f86,8e1e1d890ae5881a,3,3;7;11,129.080658;159.766510;197.747208,sparse-hashed-13edo-gradual-drones-v14,long,ae4998b0e761777f,7.652106;10.808645;8.772148,3.290566;6.806510;4.258678,soft_drone;breathing_drone;late_bloom,inharmonic_fm,detune_cents=40.680;feedback=0.542;crossfeedback_percent=8.000;index=6.807->3.847;clean_percent=45.000;raw_fm_percent=40.000;parallel_ruin_percent=15.000;phase_drift_radians=0.080;drive=3.188;folds=3,3,0.9744835,-12.74905,-15.969225,14.469225,-1.5,-1.4999987,wav/06_toy_piano_breakdown__44_woodshop_process.wav,2,288000,6.0,1727999,35.99997916666667,0.66855717,0.09581923,-20.370945,-8.2083407e-10,0,0,0.65826225,-20.357182,-3.7558885e-9,0.66855717,-20.384754,2.1142204e-9,0.13429105,-17.439058
06-45,long_additive_synth,toy_piano_breakdown,tractor_turning_hay,86773ff72cc55f86,241aba059f6c939a,7,7;11;2,159.766510;197.747208;122.378456,sparse-hashed-13edo-gradual-drones-v14,long,87f4a429a898214d,8.584969;9.071987;9.509855,4.079030;4.563086;5.047143,soft_drone;broad_swell;late_bloom,modal_noise_resonator,detune_cents=39.989;mode_disorder_percent=5.052;resonated_noise_percent=13.386;clean_percent=60.000;parallel_ruin_percent=26.614;drive=4.839;folds=1,6,0.94747335,-9.431551,-5.5808764,4.0808764,-1.5,-1.5,wav/06_toy_piano_breakdown__45_tractor_turning_hay.wav,2,288000,6.0,1727999,35.99997916666667,0.5519897,0.09797261,-20.177906,1.019484e-9,0,0,0.51272166,-20.171125,1.5537529e-9,0.5519897,-20.1847,4.8521515e-10,0.1407681,-17.029915
06-46,long_additive_synth,toy_piano_breakdown,hail_thunder,86773ff72cc55f86,8ca435fa8014940b,8,8;12;3,168.516296;208.577057;129.080658,sparse-hashed-13edo-gradual-drones-v14,long,da2932057c3c6f57,9.541749;9.936704;10.298717,5.084343;5.568399;6.052456,late_bloom;breathing_drone;soft_drone,saturated_saw_cluster,detune_cents=77.992;drift_cents=16.427;drive=9.518;folds=3;alias_percent=62.833;bits=6;hard_sync_percent=55.631;sample_hold_frames=2,6,0.9490909,-9.572629,-6.910972,5.410972,-1.5,-1.4999995,wav/06_toy_piano_breakdown__46_hail_thunder.wav,2,288000,6.0,1727999,35.99997916666667,0.6186082,0.098017134,-20.17396,-1.1298871e-9,0,0,0.6186082,-20.183079,-2.885704e-10,0.55271506,-20.16486,-1.9712036e-9,0.13572708,-17.34667
06-47,long_additive_synth,toy_piano_breakdown,marielle_protest,86773ff72cc55f86,b99f4919a8dffbad,11,11;2;6,197.747208;122.378456;151.471039,sparse-hashed-13edo-gradual-drones-v14,long,47524f81993e52ad,8.584734;8.036090;9.509665,4.078809;3.594753;5.046922,breathing_drone;late_bloom;broad_swell,inharmonic_fm,detune_cents=33.858;feedback=0.389;crossfeedback_percent=8.000;index=7.241->2.846;clean_percent=45.000;raw_fm_percent=40.000;parallel_ruin_percent=15.000;phase_drift_radians=0.080;drive=2.932;folds=3,3,0.9665315,-11.522971,-14.5239935,13.0239935,-1.5,-1.5,wav/06_toy_piano_breakdown__47_marielle_protest.wav,2,288000,6.0,1727999,35.99997916666667,0.49734432,0.0982642,-20.152094,1.0952017e-11,0,0,0.49734432,-20.152605,-1.2044161e-9,0.4952448,-20.151585,1.2263202e-9,0.14183384,-16.964401
06-48,long_additive_synth,toy_piano_breakdown,hair_salon_tools,86773ff72cc55f86,91febc7e6d506cc8,2,2;6;10,122.378456;151.471039;187.479691,sparse-hashed-13edo-gradual-drones-v14,long,58334101995c7e8a,9.591852;9.982475;10.340845,5.143340;5.627397;6.111453,late_bloom;breathing_drone;soft_drone,saturated_saw_cluster,detune_cents=74.093;drift_cents=20.254;drive=8.952;folds=3;alias_percent=61.628;bits=5;hard_sync_percent=69.030;sample_hold_frames=2,6,0.9645223,-11.244882,-15.689925,14.189925,-1.5,-1.5,wav/06_toy_piano_breakdown__48_hair_salon_tools.wav,2,288000,6.0,1727999,35.99997916666667,0.672648,0.09744582,-20.224735,-1.07907294e-10,0,0,0.672648,-20.229095,1.5720089e-10,0.651341,-20.220377,-3.7301548e-10,0.13818298,-17.190908
07-25,long_additive_synth,doepfer_random_melody,thunder_mountain,f41715824a987366,4e2a8e922a968e95,6,6;10;1,151.471039;187.479691;116.024269,sparse-hashed-13edo-gradual-drones-v14,long,3d80f91e69a6415a,7.543324;8.153458;8.688336,3.209168;3.693224;4.177281,soft_drone;broad_swell;late_bloom,inharmonic_fm,detune_cents=32.345;feedback=0.479;crossfeedback_percent=8.000;index=8.350->2.965;clean_percent=45.000;raw_fm_percent=40.000;parallel_ruin_percent=15.000;phase_drift_radians=0.080;drive=2.877;folds=2,6,0.93992263,-8.794951,-0.00945404,0.0,-1.5,-0.00945404,wav/07_doepfer_random_melody__25_thunder_mountain.wav,2,288000,6.0,1727999,35.99997916666667,0.4704711,0.098167524,-20.160645,1.641034e-9,0,0,0.4704711,-20.163126,9.770632e-10,0.46969226,-20.158161,2.3050046e-9,0.13931213,-17.12022
07-26,long_additive_synth,doepfer_random_melody,inside_car_wash,f41715824a987366,903a06c594b2e6cb,12,12;3;7,208.577057;129.080658;159.766510,sparse-hashed-13edo-gradual-drones-v14,long,3338fa7ab45b558e,9.430325;8.983932;8.486346,4.955556;4.471500;3.987444,broad_swell;soft_drone;breathing_drone,saturated_saw_cluster,detune_cents=67.311;drift_cents=14.001;drive=7.809;folds=4;alias_percent=73.945;bits=7;hard_sync_percent=48.539;sample_hold_frames=3,5,0.98043877,-13.945475,-16.465176,14.965176,-1.5,-1.5000012,wav/07_doepfer_random_melody__26_inside_car_wash.wav,2,288000,6.0,1727999,35.99997916666667,0.5931584,0.09788496,-20.18568,-6.682819e-10,0,0,0.53559154,-20.17415,-1.06015285e-8,0.5931584,-20.19724,9.264965e-9,0.13889089,-17.146524
07-27,long_additive_synth,doepfer_random_melody,peru_new_year_fireworks,f41715824a987366,83317dd5c74822ca,3,3;7;11,129.080658;159.766510;197.747208,sparse-hashed-13edo-gradual-drones-v14,long,a30e80c5c1fcf5ff,7.892389;10.926468;8.958965,3.477754;6.993698;4.445867,broad_swell;soft_drone;breathing_drone,inharmonic_fm,detune_cents=46.237;feedback=0.433;crossfeedback_percent=8.000;index=6.507->3.361;clean_percent=45.000;raw_fm_percent=40.000;parallel_ruin_percent=15.000;phase_drift_radians=0.080;drive=3.166;folds=3,3,0.96598846,-11.435953,-7.0359106,5.5359106,-1.5,-1.4999995,wav/07_doepfer_random_melody__27_peru_new_year_fireworks.wav,2,288000,6.0,1727999,35.99997916666667,0.48536128,0.09824574,-20.153725,2.5406481e-9,0,0,0.4490837,-20.14125,1.5263931e-9,0.48536128,-20.166235,3.5549033e-9,0.13508631,-17.387774
07-28,long_additive_synth,doepfer_random_melody,efteling_steam_train,f41715824a987366,9a412959184abdf9,11,11;2;6,197.747208;122.378456;151.471039,sparse-hashed-13edo-gradual-drones-v14,long,95e77196a862e048,9.437526;8.991912;8.495293,4.963780;4.479724;3.995667,broad_swell;soft_drone;breathing_drone,modal_noise_resonator,detune_cents=45.000;mode_disorder_percent=3.931;resonated_noise_percent=11.762;clean_percent=60.000;parallel_ruin_percent=28.238;drive=4.365;folds=2,5,0.96478224,-11.288351,-7.1654387,5.6654387,-1.5,-1.5,wav/07_doepfer_random_melody__28_efteling_steam_train.wav,2,288000,6.0,1727999,35.99997916666667,0.49885738,0.09822971,-20.155144,-6.300154e-10,0,0,0.4556158,-20.151009,-7.7007306e-10,0.49885738,-20.15928,-4.8995774e-10,0.1355775,-17.356247
07-29,long_additive_synth,doepfer_random_melody,helicopter_takeoff,f41715824a987366,4534148b4903c233,4,4;8;12,136.149902;168.516296;208.577057,sparse-hashed-13edo-gradual-drones-v14,long,e0bafa1cb0188b66,10.211060;9.841342;9.437197,5.931519;5.447462;4.963406,broad_swell;soft_drone;breathing_drone,saturated_saw_cluster,detune_cents=65.472;drift_cents=16.763;drive=8.303;folds=4;alias_percent=66.755;bits=7;hard_sync_percent=46.156;sample_hold_frames=4,5,0.9475839,-9.436174,-13.834458,12.334458,-1.5,-1.4999995,wav/07_doepfer_random_melody__29_helicopter_takeoff.wav,2,288000,6.0,1727999,35.99997916666667,0.53314,0.09815971,-20.161335,-3.1701353e-10,0,0,0.5234323,-20.158085,-2.896769e-9,0.53314,-20.164587,2.262742e-9,0.13653114,-17.295364
07-30,long_additive_synth,doepfer_random_melody,scuba_bubbles,f41715824a987366,d2eaf6d35c117589,9,9;0;4,177.745285;110.000000;136.149902,sparse-hashed-13edo-gradual-drones-v14,long,7fc1fb9458550639,9.184910;8.711100;8.179195,4.683290;4.199234;3.715177,broad_swell;soft_drone;breathing_drone,modal_noise_resonator,detune_cents=48.241;mode_disorder_percent=5.309;resonated_noise_percent=11.932;clean_percent=60.000;parallel_ruin_percent=28.068;drive=5.164;folds=2,5,0.9617058,-10.902524,-3.0473483,1.5473483,-1.5,-1.5000007,wav/07_doepfer_random_melody__30_scuba_bubbles.wav,2,288000,6.0,1727999,35.99997916666667,0.56138873,0.098179966,-20.159542,-7.787726e-9,0,0,0.56138873,-20.153046,-2.8973535e-9,0.55369747,-20.16605,-1.2678099e-8,0.13859332,-17.165154
07-31,long_additive_synth,doepfer_random_melody,building_demolition,f41715824a987366,d502a0866ac3b927,3,3;7;11,129.080658;159.766510;197.747208,sparse-hashed-13edo-gradual-drones-v14,long,b780538ce8b7ae00,10.903301;10.590075;8.417356,6.956490;6.472433;3.924602,soft_drone;breathing_drone;late_bloom,saturated_saw_cluster,detune_cents=60.043;drift_cents=23.420;drive=8.721;folds=4;alias_percent=62.113;bits=7;hard_sync_percent=49.307;sample_hold_frames=3,3,0.97238475,-12.395575,-18.402597,16.902597,-1.5,-1.5000007,wav/07_doepfer_random_melody__31_building_demolition.wav,2,288000,6.0,1727999,35.99997916666667,0.46324793,0.09847593,-20.133398,-2.944673e-9,0,0,0.46324793,-20.135927,-4.8846798e-9,0.45683375,-20.130867,-1.0046664e-9,0.13681655,-17.277227
07-32,long_additive_synth,doepfer_random_melody,finnish_blacksmith,f41715824a987366,8828c2d1c0ff4488,10,10;1;5,187.479691;116.024269;143.606293,sparse-hashed-13edo-gradual-drones-v14,long,b7864aad43f8a32a,10.842408;7.721658;8.308828,6.859632;3.343688;3.827744,broad_swell;late_bloom;breathing_drone,saturated_saw_cluster,detune_cents=66.028;drift_cents=14.454;drive=9.024;folds=3;alias_percent=74.981;bits=6;hard_sync_percent=58.102;sample_hold_frames=2,6,0.9550891,-10.164865,-8.582961,7.082961,-1.5,-1.5,wav/07_doepfer_random_melody__32_finnish_blacksmith.wav,2,288000,6.0,1727999,35.99997916666667,0.53857964,0.09834013,-20.145386,-2.471161e-9,0,0,0.51607,-20.133116,-2.0322133e-9,0.53857964,-20.157688,-2.9101088e-9,0.13913411,-17.131327
07-33,long_additive_synth,doepfer_random_melody,cattle_auction,f41715824a987366,63aeff78df8557af,12,12;3;7,208.577057;129.080658;159.766510,sparse-hashed-13edo-gradual-drones-v14,long,90c53e0a2e42d6c5,7.714103;8.302231;8.820130,3.337877;3.821933;4.305990,late_bloom;breathing_drone;soft_drone,saturated_saw_cluster,detune_cents=67.448;drift_cents=22.575;drive=9.532;folds=3;alias_percent=75.660;bits=7;hard_sync_percent=52.112;sample_hold_frames=4,6,0.9473652,-9.42583,-19.063213,17.563213,-1.5,-1.5000007,wav/07_doepfer_random_melody__33_cattle_auction.wav,2,288000,6.0,1727999,35.99997916666667,0.5414411,0.09814821,-20.162352,3.644096e-10,0,0,0.49331757,-20.157757,-4.862696e-9,0.5414411,-20.166952,5.5915153e-9,0.14220464,-16.941725
07-34,long_additive_synth,doepfer_random_melody,ferry_alarm,f41715824a987366,63fa0671c3c8b3fd,10,10;1;5,187.479691;116.024269;143.606293,sparse-hashed-13edo-gradual-drones-v14,long,8937922d902c809d,9.586209;9.977318;10.336096,5.136661;5.620717;6.104774,soft_drone;broad_swell;late_bloom,modal_noise_resonator,detune_cents=51.601;mode_disorder_percent=4.592;resonated_noise_percent=13.688;clean_percent=60.000;parallel_ruin_percent=26.312;drive=4.569;folds=1,6,0.9546168,-10.122638,0.7546448,0.0,-1.5,0.7546448,wav/07_doepfer_random_melody__34_ferry_alarm.wav,2,288000,6.0,1727999,35.99997916666667,0.47877228,0.09841698,-20.1386,2.756263e-10,0,0,0.47877228,-20.139894,-2.4985755e-10,0.46776658,-20.137306,8.011101e-10,0.13855338,-17.167658
07-35,long_additive_synth,doepfer_random_melody,flooded_mine,f41715824a987366,5ef5719090cb3c3e,10,10;1;5,187.479691;116.024269;143.606293,sparse-hashed-13edo-gradual-drones-v14,long,4debb1bd0bf44b1f,10.844603;10.526955;8.312761,6.863099;6.379043;3.831211,broad_swell;soft_drone;breathing_drone,saturated_saw_cluster,detune_cents=71.009;drift_cents=13.982;drive=7.642;folds=4;alias_percent=77.375;bits=7;hard_sync_percent=65.227;sample_hold_frames=2,3,0.96198213,-10.928006,-8.409966,6.9099665,-1.5,-1.5,wav/07_doepfer_random_melody__35_flooded_mine.wav,2,288000,6.0,1727999,35.99997916666667,0.6218958,0.097794086,-20.193748,3.8944865e-9,0,0,0.59938973,-20.180042,7.2663386e-10,0.6218958,-20.207499,7.0623396e-9,0.13532746,-17.372282
07-36,long_additive_synth,doepfer_random_melody,cappuccino_process,f41715824a987366,c9cb796a64de33e2,7,7;11;2,159.766510;197.747208;122.378456,sparse-hashed-13edo-gradual-drones-v14,long,092efb3d07e0aa19,10.704860;10.376422;10.021099,6.645781;6.161724;5.677668,broad_swell;soft_drone;breathing_drone,saturated_saw_cluster,detune_cents=75.956;drift_cents=12.139;drive=7.181;folds=4;alias_percent=64.095;bits=5;hard_sync_percent=65.893;sample_hold_frames=2,5,0.9292532,-8.017963,-6.2963963,4.7963963,-1.5,-1.5,wav/07_doepfer_random_melody__36_cappuccino_process.wav,2,288000,6.0,1727999,35.99997916666667,0.6917714,0.09719925,-20.246742,-1.37614755e-8,0,0,0.5307843,-20.208654,-1.1370887e-8,0.6917714,-20.285168,-1.6152065e-8,0.13477434,-17.407856
07-37,long_additive_synth,doepfer_random_melody,tennis_match,f41715824a987366,09cb934e68f8f084,8,8;12;3,168.516296;208.577057;129.080658,sparse-hashed-13edo-gradual-drones-v14,long,43ca0fd5b214247b,7.748034;8.331881;8.846457,3.364058;3.848114;4.332171,broad_swell;late_bloom;breathing_drone,modal_noise_resonator,detune_cents=47.870;mode_disorder_percent=5.635;resonated_noise_percent=11.454;clean_percent=60.000;parallel_ruin_percent=28.546;drive=4.369;folds=1,6,0.93339163,-8.304491,-4.155672,2.655672,-1.5,-1.5000007,wav/07_doepfer_random_melody__37_tennis_match.wav,2,288000,6.0,1727999,35.99997916666667,0.62059253,0.097903445,-20.18404,-9.973176e-10,0,0,0.5159069,-20.160875,1.0888249e-9,0.62059253,-20.20733,-3.0834602e-9,0.1355337,-17.359055
07-38,long_additive_synth,doepfer_random_melody,chainsaw_cycle,f41715824a987366,5c7feb9d452f2bef,10,10;1;5,187.479691;116.024269;143.606293,sparse-hashed-13edo-gradual-drones-v14,long,b26fe386c4117217,8.161579;8.695518;9.170942,3.700139;4.184195;4.668251,soft_drone;broad_swell;late_bloom,modal_noise_resonator,detune_cents=47.163;mode_disorder_percent=4.082;resonated_noise_percent=13.358;clean_percent=60.000;parallel_ruin_percent=26.642;drive=4.943;folds=1,6,0.9429248,-9.060639,0.26014546,0.0,-1.5,0.26014546,wav/07_doepfer_random_melody__38_chainsaw_cycle.wav,2,288000,6.0,1727999,35.99997916666667,0.6332082,0.09658531,-20.301779,-4.1140984e-9,0,0,0.6332082,-20.259573,-3.9876973e-9,0.6083802,-20.344395,-4.2404995e-9,0.13642609,-17.302052
07-39,long_additive_synth,doepfer_random_melody,near_foghorn,f41715824a987366,1d6af12c6225ab62,10,10;1;5,187.479691;116.024269;143.606293,sparse-hashed-13edo-gradual-drones-v14,long,ee7436acfeb2f3d6,7.761994;10.862118;10.545795,3.374889;6.890833;6.406777,broad_swell;soft_drone;breathing_drone,saturated_saw_cluster,detune_cents=80.042;drift_cents=22.662;drive=9.974;folds=4;alias_percent=68.380;bits=5;hard_sync_percent=63.660;sample_hold_frames=3,5,0.9590084,-10.593023,-15.554567,14.054567,-1.5,-1.4999995,wav/07_doepfer_random_melody__39_near_foghorn.wav,2,288000,6.0,1727999,35.99997916666667,0.5843115,0.09750683,-20.2193,2.8888834e-8,0,0,0.5843115,-20.195848,1.9692967e-8,0.5730321,-20.242878,3.80847e-8,0.1376722,-17.223074
07-40,long_additive_synth,doepfer_random_melody,barcelona_gate_pa,f41715824a987366,e28efd5cee017776,0,0;4;8,110.000000;136.149902;168.516296,sparse-hashed-13edo-gradual-drones-v14,long,58ef792ddb559f30,8.942163;9.392653;7.870898,4.428700;4.912757;3.460588,broad_swell;late_bloom;breathing_drone,modal_noise_resonator,detune_cents=53.077;mode_disorder_percent=5.657;resonated_noise_percent=17.391;clean_percent=60.000;parallel_ruin_percent=22.609;drive=4.592;folds=1,4,0.97201705,-12.327051,-5.425208,3.925208,-1.5,-1.4999995,wav/07_doepfer_random_melody__40_barcelona_gate_pa.wav,2,288000,6.0,1727999,35.99997916666667,0.68411493,0.09619711,-20.33676,1.0970347e-10,0,0,0.6760299,-20.307762,-1.8845407e-9,0.68411493,-20.365952,2.1039477e-9,0.13237931,-17.563599
07-41,long_additive_synth,doepfer_random_melody,delhi_subway_cycle,f41715824a987366,3187a582eafedd91,2,2;6;10,122.378456;151.471039;187.479691,sparse-hashed-13edo-gradual-drones-v14,long,033c51796570b747,8.649354;9.129587;9.561964,4.139953;4.624009;5.108066,broad_swell;late_bloom;breathing_drone,inharmonic_fm,detune_cents=37.590;feedback=0.495;crossfeedback_percent=8.000;index=6.888->3.005;clean_percent=45.000;raw_fm_percent=40.000;parallel_ruin_percent=15.000;phase_drift_radians=0.080;drive=2.492;folds=2,6,0.9507037,-9.731604,-5.2255297,3.7255297,-1.5,-1.5000007,wav/07_doepfer_random_melody__41_delhi_subway_cycle.wav,2,288000,6.0,1727999,35.99997916666667,0.5078875,0.098085515,-20.167902,-1.4585243e-9,0,0,0.4947421,-20.164581,-8.3246016e-10,0.5078875,-20.171227,-2.0845885e-9,0.13472123,-17.411278
07-42,long_additive_synth,doepfer_random_melody,hockey_goal,f41715824a987366,7338d14d9c7d0103,6,6;10;1,151.471039;187.479691;116.024269,sparse-hashed-13edo-gradual-drones-v14,long,7b504fbb5db3e71a,7.980294;8.535596;10.662155,3.548864;4.032920;6.580751,soft_drone;broad_swell;late_bloom,inharmonic_fm,detune_cents=31.935;feedback=0.475;crossfeedback_percent=8.000;index=7.063->3.880;clean_percent=45.000;raw_fm_percent=40.000;parallel_ruin_percent=15.000;phase_drift_radians=0.080;drive=2.407;folds=2,4,0.9735145,-12.58251,5.861849,0.0,-1.5,5.861849,wav/07_doepfer_random_melody__42_hockey_goal.wav,2,288000,6.0,1727999,35.99997916666667,0.47692603,0.098192856,-20.158403,-3.8073644e-10,0,0,0.46233281,-20.14994,5.1432947e-10,0.47692603,-20.166878,-1.2758024e-9,0.13781822,-17.213867
07-43,long_additive_synth,doepfer_random_melody,ambulance_siren,f41715824a987366,f8af2f1a4cb0c701,1,1;5;9,116.024269;143.606293;177.745285,sparse-hashed-13edo-gradual-drones-v14,long,20ed5481a08605f3,10.028021;10.382799;10.710773,5.686722;6.170778;6.654835,broad_swell;late_bloom;breathing_drone,modal_noise_resonator,detune_cents=42.639;mode_disorder_percent=4.340;resonated_noise_percent=15.175;clean_percent=60.000;parallel_ruin_percent=24.825;drive=4.925;folds=1,6,0.94223255,-8.983295,-0.8993406,0.0,-1.5,-0.8993406,wav/07_doepfer_random_melody__43_ambulance_siren.wav,2,288000,6.0,1727999,35.99997916666667,0.4514584,0.09856902,-20.12519,9.28195e-10,0,0,0.4514584,-20.126938,-1.6753611e-9,0.4185015,-20.123446,3.5317511e-9,0.13292846,-17.527641
07-44,long_additive_synth,doepfer_random_melody,woodshop_process,f41715824a987366,8e1e1d890ae5881a,7,7;11;2,159.766510;197.747208;122.378456,sparse-hashed-13edo-gradual-drones-v14,long,3c139e800505e0cd,9.010751;9.454531;9.857138,4.499198;4.983254;5.467310,broad_swell;late_bloom;breathing_drone,modal_noise_resonator,detune_cents=43.655;mode_disorder_percent=3.636;resonated_noise_percent=17.306;clean_percent=60.000;parallel_ruin_percent=22.694;drive=4.001;folds=1,6,0.9656392,-11.397326,4.4509106,0.0,-1.5,4.4509106,wav/07_doepfer_random_melody__44_woodshop_process.wav,2,288000,6.0,1727999,35.99997916666667,0.6375981,0.09634222,-20.323668,7.3408435e-9,0,0,0.5976973,-20.335785,5.1229856e-9,0.6375981,-20.311583,9.558701e-9,0.13593164,-17.333588
07-45,long_additive_synth,doepfer_random_melody,tractor_turning_hay,f41715824a987366,241aba059f6c939a,11,11;2;6,197.747208;122.378456;151.471039,sparse-hashed-13edo-gradual-drones-v14,long,cc3991ec18c52a7f,8.187747;8.718668;9.191696,3.722500;4.206557;4.690613,breathing_drone;soft_drone;broad_swell,inharmonic_fm,detune_cents=41.831;feedback=0.460;crossfeedback_percent=8.000;index=8.428->3.896;clean_percent=45.000;raw_fm_percent=40.000;parallel_ruin_percent=15.000;phase_drift_radians=0.080;drive=2.878;folds=2,6,0.9481422,-9.49814,-7.8347797,6.3347797,-1.5,-1.5,wav/07_doepfer_random_melody__45_tractor_turning_hay.wav,2,288000,6.0,1727999,35.99997916666667,0.48613086,0.09831071,-20.147984,-9.017449e-10,0,0,0.48613086,-20.149826,1.6291951e-10,0.47986123,-20.146141,-1.9664093e-9,0.14263594,-16.91542
07-46,long_additive_synth,doepfer_random_melody,hail_thunder,f41715824a987366,8ca435fa8014940b,0,0;4;8,110.000000;136.149902;168.516296,sparse-hashed-13edo-gradual-drones-v14,long,62c3853478964bd5,9.500118;9.898708;8.572918,5.035839;5.519896;4.067727,breathing_drone;soft_drone;broad_swell,modal_noise_resonator,detune_cents=52.198;mode_disorder_percent=4.120;resonated_noise_percent=12.125;clean_percent=60.000;parallel_ruin_percent=27.875;drive=4.619;folds=1,4,0.9877804,-16.0406,-12.899734,11.399734,-1.5,-1.5,wav/07_doepfer_random_melody__46_hail_thunder.wav,2,288000,6.0,1727999,35.99997916666667,0.48974097,0.098466836,-20.134201,-8.1364e-9,0,0,0.48974097,-20.133312,-6.8959105e-9,0.45983088,-20.135088,-9.376889e-9,0.13837086,-17.179108
07-47,long_additive_synth,doepfer_random_melody,marielle_protest,f41715824a987366,b99f4919a8dffbad,1,1;5;9,116.024269;143.606293;177.745285,sparse-hashed-13edo-gradual-drones-v14,long,dd2fd0dade6ba233,7.363293;7.997450;8.550697,3.078855;3.562912;4.046968,broad_swell;late_bloom;breathing_drone,saturated_saw_cluster,detune_cents=75.990;drift_cents=12.972;drive=8.654;folds=3;alias_percent=62.348;bits=5;hard_sync_percent=69.932;sample_hold_frames=2,6,0.94475186,-9.1823225,-0.5624788,0.0,-1.5,-0.5624788,wav/07_doepfer_random_melody__47_marielle_protest.wav,2,288000,6.0,1727999,35.99997916666667,0.59549093,0.09816636,-20.160748,-2.5447824e-9,0,0,0.4976309,-20.13808,-6.162713e-9,0.59549093,-20.183529,1.0731482e-9,0.13694717,-17.26894
07-48,long_additive_synth,doepfer_random_melody,hair_salon_tools,f41715824a987366,91febc7e6d506cc8,9,9;0;4,177.745285;110.000000;136.149902,sparse-hashed-13edo-gradual-drones-v14,long,c2ad681d4b51aae8,8.169572;8.702587;10.765252,3.706954;4.191010;6.738841,broad_swell;late_bloom;breathing_drone,inharmonic_fm,detune_cents=34.540;feedback=0.471;crossfeedback_percent=8.000;index=6.894->3.398;clean_percent=45.000;raw_fm_percent=40.000;parallel_ruin_percent=15.000;phase_drift_radians=0.080;drive=3.200;folds=2,4,0.96829253,-11.768737,-5.7756476,4.2756476,-1.5,-1.5,wav/07_doepfer_random_melody__48_hair_salon_tools.wav,2,288000,6.0,1727999,35.99997916666667,0.49920538,0.09831239,-20.147835,3.594765e-10,0,0,0.49920538,-20.14505,-3.3195038e-10,0.49852386,-20.150621,1.0509034e-9,0.13667212,-17.2864
08-25,long_additive_synth,astana_brass_band,thunder_mountain,3e460675755e6cb4,4e2a8e922a968e95,5,5;9;0,143.606293;177.745285;110.000000,sparse-hashed-13edo-gradual-drones-v14,long,215a6df0eda05b7a,9.164488;9.593572;9.984045,4.661319;5.145376;5.629432,late_bloom;breathing_drone;soft_drone,modal_noise_resonator,detune_cents=39.120;mode_disorder_percent=3.071;resonated_noise_percent=10.029;clean_percent=60.000;parallel_ruin_percent=29.971;drive=3.842;folds=1,6,0.9440112,-9.115568,-0.8816309,0.0,-1.5,-0.8816309,wav/08_astana_brass_band__25_thunder_mountain.wav,2,288000,6.0,1727999,35.99997916666667,0.601605,0.09820999,-20.156887,-2.2084166e-9,0,0,0.47970828,-20.167507,-3.839359e-9,0.601605,-20.14629,-5.7747385e-10,0.13757358,-17.229298
08-26,long_additive_synth,astana_brass_band,inside_car_wash,3e460675755e6cb4,903a06c594b2e6cb,8,8;12;3,168.516296;208.577057;129.080658,sparse-hashed-13edo-gradual-drones-v14,long,ba4a401343ddddee,9.064323;9.502928;9.901272,4.555042;5.039098;5.523154,soft_drone;broad_swell;late_bloom,saturated_saw_cluster,detune_cents=83.088;drift_cents=17.258;drive=9.252;folds=3;alias_percent=68.932;bits=5;hard_sync_percent=49.439;sample_hold_frames=2,6,0.97420704,-12.704303,-14.2062845,12.7062845,-1.5,-1.5000007,wav/08_astana_brass_band__26_inside_car_wash.wav,2,288000,6.0,1727999,35.99997916666667,0.5962766,0.0982473,-20.153587,1.2116151e-8,0,0,0.5962766,-20.155598,1.9250342e-8,0.58892417,-20.151579,4.9819593e-9,0.13499609,-17.393576
08-27,long_additive_synth,astana_brass_band,peru_new_year_fireworks,3e460675755e6cb4,83317dd5c74822ca,8,8;12;3,168.516296;208.577057;129.080658,sparse-hashed-13edo-gradual-drones-v14,long,5e095d80783f6e1f,10.864679;7.767225;8.348660,6.894899;3.378956;3.863012,broad_swell;late_bloom;breathing_drone,saturated_saw_cluster,detune_cents=78.269;drift_cents=15.848;drive=9.096;folds=3;alias_percent=68.767;bits=5;hard_sync_percent=54.046;sample_hold_frames=4,6,0.94689,-9.382647,-11.633978,10.133978,-1.5,-1.4999995,wav/08_astana_brass_band__27_peru_new_year_fireworks.wav,2,288000,6.0,1727999,35.99997916666667,0.5440704,0.098331645,-20.146133,5.3687756e-9,0,0,0.5440704,-20.149963,9.224862e-9,0.54094905,-20.14231,1.5126893e-9,0.13826187,-17.185951
08-28,long_additive_synth,astana_brass_band,efteling_steam_train,3e460675755e6cb4,9a412959184abdf9,11,11;2;6,197.747208;122.378456;151.471039,sparse-hashed-13edo-gradual-drones-v14,long,2f1644cb75282b28,8.735464;9.206763;9.631886,4.222858;4.706914;5.190970,broad_swell;late_bloom;breathing_drone,inharmonic_fm,detune_cents=44.217;feedback=0.353;crossfeedback_percent=8.000;index=8.601->3.842;clean_percent=45.000;raw_fm_percent=40.000;parallel_ruin_percent=15.000;phase_drift_radians=0.080;drive=2.994;folds=2,6,0.925305,-7.753418,-7.8599195,6.3599195,-1.5,-1.5,wav/08_astana_brass_band__28_efteling_steam_train.wav,2,288000,6.0,1727999,35.99997916666667,0.51847786,0.09834642,-20.144829,8.165405e-10,0,0,0.5151148,-20.146358,2.5623232e-9,0.51847786,-20.143301,-9.292423e-10,0.13632746,-17.308332
08-29,long_additive_synth,astana_brass_band,helicopter_takeoff,3e460675755e6cb4,4534148b4903c233,8,8;12;3,168.516296;208.577057;129.080658,sparse-hashed-13edo-gradual-drones-v14,long,36666a0bad10d386,8.786974;8.264858;9.673835,4.273241;3.789185;5.241354,broad_swell;soft_drone;breathing_drone,modal_noise_resonator,detune_cents=44.721;mode_disorder_percent=3.328;resonated_noise_percent=12.486;clean_percent=60.000;parallel_ruin_percent=27.514;drive=4.314;folds=2,3,0.97654575,-13.154342,-11.527117,10.027117,-1.5,-1.4999987,wav/08_astana_brass_band__29_helicopter_takeoff.wav,2,288000,6.0,1727999,35.99997916666667,0.56720454,0.09813757,-20.163292,-4.5790842e-9,0,0,0.56720454,-20.165232,-1.19456205e-8,0.50397706,-20.161354,2.787452e-9,0.13650076,-17.297298
08-30,long_additive_synth,astana_brass_band,scuba_bubbles,3e460675755e6cb4,d2eaf6d35c117589,6,6;10;1,151.471039;187.479691;116.024269,sparse-hashed-13edo-gradual-drones-v14,long,04ec53ea7959b459,9.573936;9.966103;8.664120,5.122165;5.606221;4.154052,late_bloom;breathing_drone;soft_drone,modal_noise_resonator,detune_cents=43.973;mode_disorder_percent=3.651;resonated_noise_percent=11.536;clean_percent=60.000;parallel_ruin_percent=28.464;drive=4.799;folds=1,4,0.9593364,-10.632772,-6.9889536,5.4889536,-1.5,-1.5,wav/08_astana_brass_band__30_scuba_bubbles.wav,2,288000,6.0,1727999,35.99997916666667,0.51196414,0.09815736,-20.161543,1.8155769e-9,0,0,0.51196414,-20.161743,6.1362497e-9,0.49856788,-20.161343,-2.505096e-9,0.13605458,-17.325737
08-31,long_additive_synth,astana_brass_band,building_demolition,3e460675755e6cb4,d502a0866ac3b927,11,11;2;6,197.747208;122.378456;151.471039,sparse-hashed-13edo-gradual-drones-v14,long,741c6a5aaa7742a0,10.514291;10.170523;9.797186,6.360467;5.876411;5.392355,broad_swell;soft_drone;breathing_drone,saturated_saw_cluster,detune_cents=65.616;drift_cents=17.264;drive=8.428;folds=4;alias_percent=67.589;bits=6;hard_sync_percent=50.214;sample_hold_frames=4,5,0.9593113,-10.618529,-13.727437,12.227437,-1.5,-1.5,wav/08_astana_brass_band__31_building_demolition.wav,2,288000,6.0,1727999,35.99997916666667,0.52804595,0.09840232,-20.139893,9.947977e-9,0,0,0.52804595,-20.146715,1.3581606e-8,0.48288512,-20.133083,6.3143477e-9,0.13816176,-17.192242
08-32,long_additive_synth,astana_brass_band,finnish_blacksmith,3e460675755e6cb4,8828c2d1c0ff4488,12,12;3;7,208.577057;129.080658;159.766510,sparse-hashed-13edo-gradual-drones-v14,long,2d6473c10c65be4a,8.144950;8.680817;9.157766,3.685997;4.170054;4.654110,breathing_drone;soft_drone;broad_swell,modal_noise_resonator,detune_cents=42.412;mode_disorder_percent=3.834;resonated_noise_percent=15.775;clean_percent=60.000;parallel_ruin_percent=24.225;drive=4.034;folds=1,6,0.95252335,-9.9065895,-4.4616947,2.9616947,-1.5,-1.4999995,wav/08_astana_brass_band__32_finnish_blacksmith.wav,2,288000,6.0,1727999,35.99997916666667,0.6296397,0.09811965,-20.16488,-2.0862787e-9,0,0,0.6296397,-20.168562,-1.185129e-9,0.6078757,-20.161205,-2.9874283e-9,0.13665141,-17.287718
08-33,long_additive_synth,astana_brass_band,cattle_auction,3e460675755e6cb4,63aeff78df8557af,0,0;4;8,110.000000;136.149902;168.516296,sparse-hashed-13edo-gradual-drones-v14,long,bb7a524fd41967e5,7.848146;10.904524;10.591391,3.442505;6.958449;6.474393,late_bloom;broad_swell;soft_drone,modal_noise_resonator,detune_cents=51.514;mode_disorder_percent=5.561;resonated_noise_percent=15.233;clean_percent=60.000;parallel_ruin_percent=24.767;drive=4.333;folds=2,5,0.9518249,-9.878588,-10.138808,8.638808,-1.5,-1.5,wav/08_astana_brass_band__33_cattle_auction.wav,2,288000,6.0,1727999,35.99997916666667,0.58374417,0.09804405,-20.171576,3.3713978e-9,0,0,0.58374417,-20.167633,1.4303024e-9,0.513857,-20.175522,5.312493e-9,0.1391104,-17.132809
08-34,long_additive_synth,astana_brass_band,ferry_alarm,3e460675755e6cb4,63fa0671c3c8b3fd,4,4;8;12,136.149902;168.516296;208.577057,sparse-hashed-13edo-gradual-drones-v14,long,4c2e7855640b303d,10.571449;10.232355;7.810565,6.444733;5.960676;3.412845,breathing_drone;late_bloom;broad_swell,inharmonic_fm,detune_cents=35.317;feedback=0.397;crossfeedback_percent=8.000;index=8.957->2.501;clean_percent=45.000;raw_fm_percent=40.000;parallel_ruin_percent=15.000;phase_drift_radians=0.080;drive=2.994;folds=3,3,0.97854453,-13.530269,-10.04077,8.54077,-1.5,-1.5,wav/08_astana_brass_band__34_ferry_alarm.wav,2,288000,6.0,1727999,35.99997916666667,0.54770976,0.098331906,-20.14611,-4.4096532e-10,0,0,0.54770976,-20.150938,-9.174843e-10,0.53887874,-20.141289,3.5553668e-11,0.13662796,-17.289207
08-35,long_additive_synth,astana_brass_band,flooded_mine,3e460675755e6cb4,5ef5719090cb3c3e,6,6;10;1,151.471039;187.479691;116.024269,sparse-hashed-13edo-gradual-drones-v14,long,0c6089087bca5dbf,10.846128;7.729286;10.186004,6.865510;3.349566;5.897397,late_bloom;breathing_drone;breathing_drone,inharmonic_fm,detune_cents=40.780;feedback=0.474;crossfeedback_percent=8.000;index=6.217->3.301;clean_percent=45.000;raw_fm_percent=40.000;parallel_ruin_percent=15.000;phase_drift_radians=0.080;drive=2.967;folds=2,4,0.9663488,-11.497629,-10.860156,9.360156,-1.5,-1.5000007,wav/08_astana_brass_band__35_flooded_mine.wav,2,288000,6.0,1727999,35.99997916666667,0.5484533,0.098284274,-20.150318,-6.0043415e-11,0,0,0.5484533,-20.139482,-1.7491537e-9,0.5226831,-20.161182,1.6290669e-9,0.13850595,-17.170631
08-36,long_additive_synth,astana_brass_band,cappuccino_process,3e460675755e6cb4,c9cb796a64de33e2,1,1;5;9,116.024269;143.606293;177.745285,sparse-hashed-13edo-gradual-drones-v14,long,13ed89e3122a8139,7.397374;8.026917;8.576651,3.103111;3.587168;4.071224,broad_swell;late_bloom;breathing_drone,saturated_saw_cluster,detune_cents=72.880;drift_cents=19.421;drive=8.743;folds=3;alias_percent=60.240;bits=5;hard_sync_percent=56.279;sample_hold_frames=3,6,0.95224947,-9.852147,-12.577656,11.077656,-1.5,-1.4999987,wav/08_astana_brass_band__36_cappuccino_process.wav,2,288000,6.0,1727999,35.99997916666667,0.6643668,0.09712306,-20.253553,-4.4419597e-9,0,0,0.66035926,-20.216785,-1.9518045e-9,0.6643668,-20.290634,-6.9321153e-9,0.13732125,-17.245245
08-37,long_additive_synth,astana_brass_band,tennis_match,3e460675755e6cb4,09cb934e68f8f084,4,4;8;12,136.149902;168.516296;208.577057,sparse-hashed-13edo-gradual-drones-v14,long,a309422273e4f21b,9.912418;10.276379;9.077835,5.537349;6.021405;4.569236,late_bloom;breathing_drone;soft_drone,saturated_saw_cluster,detune_cents=56.330;drift_cents=16.897;drive=8.078;folds=3;alias_percent=71.640;bits=6;hard_sync_percent=52.040;sample_hold_frames=4,4,0.9499439,-9.661084,-10.77731,9.27731,-1.5,-1.4999995,wav/08_astana_brass_band__37_tennis_match.wav,2,288000,6.0,1727999,35.99997916666667,0.6562563,0.09749787,-20.220097,1.1508833e-8,0,0,0.6272615,-20.17439,1.7405847e-8,0.6562563,-20.266287,5.6118177e-9,0.13644773,-17.300674
08-38,long_additive_synth,astana_brass_band,chainsaw_cycle,3e460675755e6cb4,5c7feb9d452f2bef,6,6;10;1,151.471039;187.479691;116.024269,sparse-hashed-13edo-gradual-drones-v14,long,e3f27ff6741cd5b7,7.635877;8.233991;10.479818,3.278293;3.762349;6.310181,late_bloom;breathing_drone;soft_drone,modal_noise_resonator,detune_cents=50.916;mode_disorder_percent=5.120;resonated_noise_percent=10.511;clean_percent=60.000;parallel_ruin_percent=29.489;drive=4.189;folds=1,4,0.9826006,-14.483876,-10.748986,9.248986,-1.5,-1.5,wav/08_astana_brass_band__38_chainsaw_cycle.wav,2,288000,6.0,1727999,35.99997916666667,0.6224563,0.09729152,-20.238499,1.4222834e-10,0,0,0.6110779,-20.211334,3.9523425e-9,0.6224563,-20.265837,-3.6678858e-9,0.133943,-17.4616
08-39,long_additive_synth,astana_brass_band,near_foghorn,3e460675755e6cb4,1d6af12c6225ab62,12,12;3;7,208.577057;129.080658;159.766510,sparse-hashed-13edo-gradual-drones-v14,long,21758323cb51faf6,8.269895;8.791441;10.820726,3.793582;4.277638;6.825470,breathing_drone;soft_drone;broad_swell,inharmonic_fm,detune_cents=29.520;feedback=0.410;crossfeedback_percent=8.000;index=7.427->3.857;clean_percent=45.000;raw_fm_percent=40.000;parallel_ruin_percent=15.000;phase_drift_radians=0.080;drive=2.520;folds=2,4,0.93751353,-8.619686,-6.6542206,5.1542206,-1.5,-1.5000007,wav/08_astana_brass_band__39_near_foghorn.wav,2,288000,6.0,1727999,35.99997916666667,0.6547985,0.09741427,-20.227549,-6.626621e-9,0,0,0.5596473,-20.191877,-2.070448e-9,0.6547985,-20.263517,-1.1182794e-8,0.13547137,-17.363049
08-40,long_additive_synth,astana_brass_band,barcelona_gate_pa,3e460675755e6cb4,e28efd5cee017776,3,3;7;11,129.080658;159.766510;197.747208,sparse-hashed-13edo-gradual-drones-v14,long,436c666820779e10,10.246039;10.584106;10.897748,5.979487;6.463544;6.947600,soft_drone;broad_swell;late_bloom,modal_noise_resonator,detune_cents=43.921;mode_disorder_percent=5.631;resonated_noise_percent=10.279;clean_percent=60.000;parallel_ruin_percent=29.721;drive=4.774;folds=1,6,0.9553931,-10.200004,-8.090871,6.590871,-1.5,-1.4999995,wav/08_astana_brass_band__40_barcelona_gate_pa.wav,2,288000,6.0,1727999,35.99997916666667,0.4719762,0.09832,-20.147161,4.336932e-9,0,0,0.47173288,-20.14182,1.0263306e-8,0.4719762,-20.152512,-1.5894414e-9,0.13596791,-17.331272
08-41,long_additive_synth,astana_brass_band,delhi_subway_cycle,3e460675755e6cb4,3187a582eafedd91,12,12;3;7,208.577057;129.080658;159.766510,sparse-hashed-13edo-gradual-drones-v14,long,b4f6b9a2b307b5a7,8.327412;7.742924;9.302900,3.844157;3.360101;4.812270,soft_drone;breathing_drone;late_bloom,modal_noise_resonator,detune_cents=48.857;mode_disorder_percent=4.139;resonated_noise_percent=13.427;clean_percent=60.000;parallel_ruin_percent=26.573;drive=4.344;folds=2,3,0.9666416,-11.515976,-9.586218,8.086218,-1.5,-1.5,wav/08_astana_brass_band__41_delhi_subway_cycle.wav,2,288000,6.0,1727999,35.99997916666667,0.55772537,0.098125964,-20.16432,-1.4564354e-9,0,0,0.5212383,-20.157583,-3.5720666e-9,0.55772537,-20.17107,6.5919575e-10,0.13352431,-17.488792
08-42,long_additive_synth,astana_brass_band,hockey_goal,3e460675755e6cb4,7338d14d9c7d0103,10,10;1;5,187.479691;116.024269;143.606293,sparse-hashed-13edo-gradual-drones-v14,long,a52d2f22a7a12aba,8.994995;8.498750;9.844176,4.482904;3.998848;5.451017,breathing_drone;late_bloom;broad_swell,saturated_saw_cluster,detune_cents=76.394;drift_cents=15.234;drive=9.398;folds=4;alias_percent=68.900;bits=7;hard_sync_percent=67.478;sample_hold_frames=4,3,0.98161143,-14.224897,-15.217358,13.717358,-1.5,-1.5,wav/08_astana_brass_band__42_hockey_goal.wav,2,288000,6.0,1727999,35.99997916666667,0.56106305,0.098319404,-20.147217,3.468446e-9,0,0,0.51431525,-20.14367,5.1571676e-9,0.56106305,-20.150764,1.7797243e-9,0.13814257,-17.193449
08-43,long_additive_synth,astana_brass_band,ambulance_siren,3e460675755e6cb4,f8af2f1a4cb0c701,5,5;9;0,143.606293;177.745285;110.000000,sparse-hashed-13edo-gradual-drones-v14,long,298babd786f5ff13,9.297857;8.836880;8.321098,4.806685;4.322629;3.838573,soft_drone;breathing_drone;late_bloom,inharmonic_fm,detune_cents=28.448;feedback=0.486;crossfeedback_percent=8.000;index=6.666->3.670;clean_percent=45.000;raw_fm_percent=40.000;parallel_ruin_percent=15.000;phase_drift_radians=0.080;drive=2.603;folds=3,5,0.9571033,-10.376651,-11.9417515,10.4417515,-1.5,-1.4999995,wav/08_astana_brass_band__43_ambulance_siren.wav,2,288000,6.0,1727999,35.99997916666667,0.5780211,0.098192096,-20.15847,-4.3360258e-9,0,0,0.56550664,-20.160011,-2.519891e-9,0.5780211,-20.156929,-6.152161e-9,0.13764931,-17.22452
08-44,long_additive_synth,astana_brass_band,woodshop_process,3e460675755e6cb4,8e1e1d890ae5881a,4,4;8;12,136.149902;168.516296;208.577057,sparse-hashed-13edo-gradual-drones-v14,long,f9d0ae7b15920bed,9.625769;9.200017;8.727945,5.183664;4.699608;4.215552,broad_swell;soft_drone;breathing_drone,saturated_saw_cluster,detune_cents=74.035;drift_cents=20.800;drive=8.262;folds=4;alias_percent=76.970;bits=6;hard_sync_percent=46.260;sample_hold_frames=4,5,0.9618552,-10.926264,-11.508818,10.008818,-1.5,-1.5,wav/08_astana_brass_band__44_woodshop_process.wav,2,288000,6.0,1727999,35.99997916666667,0.67071253,0.09682856,-20.27993,7.093676e-9,0,0,0.67071253,-20.291853,1.792965e-8,0.6440357,-20.268042,-3.7422985e-9,0.13665298,-17.287619
08-45,long_additive_synth,astana_brass_band,tractor_turning_hay,3e460675755e6cb4,241aba059f6c939a,4,4;8;12,136.149902;168.516296;208.577057,sparse-hashed-13edo-gradual-drones-v14,long,16ef68c445fbeb5f,8.720758;8.190110;7.585481,4.208583;3.724527;3.240470,late_bloom;broad_swell;soft_drone,inharmonic_fm,detune_cents=39.345;feedback=0.547;crossfeedback_percent=8.000;index=8.487->3.278;clean_percent=45.000;raw_fm_percent=40.000;parallel_ruin_percent=15.000;phase_drift_radians=0.080;drive=3.000;folds=3,5,0.9536749,-10.018394,-10.833045,9.333045,-1.5,-1.5,wav/08_astana_brass_band__45_tractor_turning_hay.wav,2,288000,6.0,1727999,35.99997916666667,0.530594,0.098296516,-20.149239,-2.9208216e-9,0,0,0.530594,-20.151955,7.31924e-9,0.4756207,-20.146523,-1.3160883e-8,0.13311662,-17.515354
08-46,long_additive_synth,astana_brass_band,hail_thunder,3e460675755e6cb4,8ca435fa8014940b,11,11;2;6,197.747208;122.378456;151.471039,sparse-hashed-13edo-gradual-drones-v14,long,e074f55978ab3675,10.909761;7.858726;8.428801,6.966846;3.450902;3.934958,breathing_drone;soft_drone;broad_swell,inharmonic_fm,detune_cents=43.726;feedback=0.424;crossfeedback_percent=8.000;index=8.624->3.293;clean_percent=45.000;raw_fm_percent=40.000;parallel_ruin_percent=15.000;phase_drift_radians=0.080;drive=2.353;folds=2,6,0.9263939,-7.8244934,-7.7253537,6.2253537,-1.5,-1.5000007,wav/08_astana_brass_band__46_hail_thunder.wav,2,288000,6.0,1727999,35.99997916666667,0.5697745,0.098053575,-20.17073,-9.3910296e-11,0,0,0.5350119,-20.171616,8.945395e-10,0.5697745,-20.169847,-1.0823601e-9,0.13462329,-17.417597
08-47,long_additive_synth,astana_brass_band,marielle_protest,3e460675755e6cb4,b99f4919a8dffbad,2,2;6;10,122.378456;151.471039;187.479691,sparse-hashed-13edo-gradual-drones-v14,long,4cc88608c01364d3,10.117897;10.465694;10.787691,5.805635;6.289692;6.773748,broad_swell;breathing_drone;soft_drone,inharmonic_fm,detune_cents=30.799;feedback=0.518;crossfeedback_percent=8.000;index=6.739->3.568;clean_percent=45.000;raw_fm_percent=40.000;parallel_ruin_percent=15.000;phase_drift_radians=0.080;drive=2.604;folds=2,6,0.9426318,-9.014567,-2.803523,1.3035231,-1.5,-1.4999995,wav/08_astana_brass_band__47_marielle_protest.wav,2,288000,6.0,1727999,35.99997916666667,0.50718284,0.098389834,-20.140995,-2.216941e-9,0,0,0.50718284,-20.136194,-2.3846152e-9,0.50700694,-20.145802,-2.049267e-9,0.13744321,-17.237534
08-48,long_additive_synth,astana_brass_band,hair_salon_tools,3e460675755e6cb4,91febc7e6d506cc8,0,0;4;8,110.000000;136.149902;168.516296,sparse-hashed-13edo-gradual-drones-v14,long,aef10df1d43cdc48,10.350239;9.992678;7.382918,6.124687;5.640631;3.092800,soft_drone;late_bloom;late_bloom,inharmonic_fm,detune_cents=44.465;feedback=0.384;crossfeedback_percent=8.000;index=6.843->3.691;clean_percent=45.000;raw_fm_percent=40.000;parallel_ruin_percent=15.000;phase_drift_radians=0.080;drive=2.838;folds=3,3,0.98563623,-15.320637,-11.90887,10.40887,-1.5,-1.4999995,wav/08_astana_brass_band__48_hair_salon_tools.wav,2,288000,6.0,1727999,35.99997916666667,0.55095893,0.09847943,-20.133091,-1.0478923e-9,0,0,0.5252119,-20.134659,-1.8364382e-10,0.55095893,-20.131521,-1.912141e-9,0.13668293,-17.285713
09-25,long_additive_synth,chopin_string_quartet,thunder_mountain,767d62ee778766a1,4e2a8e922a968e95,10,10;1;5,187.479691;116.024269;143.606293,sparse-hashed-13edo-gradual-drones-v14,long,98a6416fa47231d8,10.275360;9.911312;9.513931,6.019994;5.535938;5.051882,soft_drone;late_bloom;broad_swell,saturated_saw_cluster,detune_cents=70.049;drift_cents=19.370;drive=8.989;folds=4;alias_percent=76.147;bits=7;hard_sync_percent=61.982;sample_hold_frames=3,5,0.9338189,-8.327889,-14.659845,13.159845,-1.5,-1.5000007,wav/09_chopin_string_quartet__25_thunder_mountain.wav,2,288000,6.0,1727999,35.99997916666667,0.5855982,0.09778331,-20.194704,3.6061696e-9,0,0,0.482346,-20.179464,8.343723e-9,0.5855982,-20.21,-1.1313837e-9,0.13634975,-17.306913
09-26,long_additive_synth,chopin_string_quartet,inside_car_wash,767d62ee778766a1,903a06c594b2e6cb,3,3;7;11,129.080658;159.766510;197.747208,sparse-hashed-13edo-gradual-drones-v14,long,facff9b4a9ceff4c,10.517703;10.836004;7.708509,6.365468;6.849524;3.333580,soft_drone;broad_swell;late_bloom,inharmonic_fm,detune_cents=29.499;feedback=0.544;crossfeedback_percent=8.000;index=7.698->3.168;clean_percent=45.000;raw_fm_percent=40.000;parallel_ruin_percent=15.000;phase_drift_radians=0.080;drive=2.460;folds=2,6,0.9709215,-12.1594715,-17.820408,16.320408,-1.5,-1.5000007,wav/09_chopin_string_quartet__26_inside_car_wash.wav,2,288000,6.0,1727999,35.99997916666667,0.684011,0.09764456,-20.207039,-1.77671e-8,0,0,0.567914,-20.231731,-1.9441075e-8,0.684011,-20.182487,-1.6093127e-8,0.13943994,-17.112257
09-27,long_additive_synth,chopin_string_quartet,peru_new_year_fireworks,767d62ee778766a1,83317dd5c74822ca,7,7;11;2,159.766510;197.747208;122.378456,sparse-hashed-13edo-gradual-drones-v14,long,d6d6fbecd141a895,8.319759;8.835690;9.296789,3.837390;4.321446;4.805503,broad_swell;late_bloom;breathing_drone,modal_noise_resonator,detune_cents=50.396;mode_disorder_percent=5.099;resonated_noise_percent=17.241;clean_percent=60.000;parallel_ruin_percent=22.759;drive=4.688;folds=1,6,0.9492402,-9.593925,-6.5856986,5.0856986,-1.5,-1.5000007,wav/09_chopin_string_quartet__27_peru_new_year_fireworks.wav,2,288000,6.0,1727999,35.99997916666667,0.63580734,0.09730202,-20.237562,-3.132478e-8,0,0,0.63580734,-20.271809,-5.830765e-8,0.5698238,-20.203583,-4.341916e-9,0.13906881,-17.135406
09-28,long_additive_synth,chopin_string_quartet,efteling_steam_train,767d62ee778766a1,9a412959184abdf9,2,2;6;10,122.378456;151.471039;187.479691,sparse-hashed-13edo-gradual-drones-v14,long,334f55103ba5034e,9.223427;9.646997;10.032904,4.725008;5.209064;5.693121,breathing_drone;soft_drone;broad_swell,saturated_saw_cluster,detune_cents=60.165;drift_cents=12.529;drive=8.543;folds=3;alias_percent=71.773;bits=7;hard_sync_percent=69.760;sample_hold_frames=3,6,0.92431873,-7.685411,-11.925315,10.425315,-1.5,-1.5,wav/09_chopin_string_quartet__28_efteling_steam_train.wav,2,288000,6.0,1727999,35.99997916666667,0.62482786,0.097617544,-20.209444,-1.0492343e-9,0,0,0.540762,-20.220736,4.2190558e-9,0.62482786,-20.198177,-6.3175243e-9,0.13867886,-17.159794
09-29,long_additive_synth,chopin_string_quartet,helicopter_takeoff,767d62ee778766a1,4534148b4903c233,0,0;4;8,110.000000;136.149902;168.516296,sparse-hashed-13edo-gradual-drones-v14,long,f6ee2ba5616ce548,10.329980;10.661818;9.578940,6.096183;6.580239;5.128070,breathing_drone;soft_drone;broad_swell,inharmonic_fm,detune_cents=34.808;feedback=0.412;crossfeedback_percent=8.000;index=8.615->2.872;clean_percent=45.000;raw_fm_percent=40.000;parallel_ruin_percent=15.000;phase_drift_radians=0.080;drive=3.037;folds=2,4,0.96208054,-10.956721,-19.116823,17.616823,-1.5,-1.4999995,wav/09_chopin_string_quartet__29_helicopter_takeoff.wav,2,288000,6.0,1727999,35.99997916666667,0.5826815,0.09674863,-20.287104,-3.3722807e-9,0,0,0.5252033,-20.191845,-1.47339785e-8,0.5826815,-20.384499,7.989417e-9,0.13820235,-17.189692
09-30,long_additive_synth,chopin_string_quartet,scuba_bubbles,767d62ee778766a1,d2eaf6d35c117589,9,9;0;4,177.745285;110.000000;136.149902,sparse-hashed-13edo-gradual-drones-v14,long,fc94d1f77b7b69f3,7.704553;8.293892;8.812728,3.330544;3.814601;4.298657,soft_drone;broad_swell;late_bloom,inharmonic_fm,detune_cents=34.851;feedback=0.549;crossfeedback_percent=8.000;index=8.716->2.939;clean_percent=45.000;raw_fm_percent=40.000;parallel_ruin_percent=15.000;phase_drift_radians=0.080;drive=2.649;folds=2,6,0.9310183,-8.135462,-11.207039,9.707039,-1.5,-1.5000007,wav/09_chopin_string_quartet__30_scuba_bubbles.wav,2,288000,6.0,1727999,35.99997916666667,0.60944945,0.09744759,-20.224579,6.301099e-9,0,0,0.5179053,-20.17494,8.282908e-9,0.60944945,-20.27479,4.319291e-9,0.13375258,-17.473957
09-31,long_additive_synth,chopin_string_quartet,building_demolition,767d62ee778766a1,d502a0866ac3b927,9,9;0;4,177.745285;110.000000;136.149902,sparse-hashed-13edo-gradual-drones-v14,long,062c6ec406554baa,8.200874;8.730285;10.782499,3.733768;4.217824;6.765656,breathing_drone;soft_drone;broad_swell,inharmonic_fm,detune_cents=41.074;feedback=0.352;crossfeedback_percent=8.000;index=6.227->2.930;clean_percent=45.000;raw_fm_percent=40.000;parallel_ruin_percent=15.000;phase_drift_radians=0.080;drive=2.621;folds=2,4,0.95764875,-10.451967,-17.69873,16.19873,-1.5,-1.5000007,wav/09_chopin_string_quartet__31_building_demolition.wav,2,288000,6.0,1727999,35.99997916666667,0.5880172,0.09775752,-20.196995,-9.536035e-9,0,0,0.54840803,-20.170444,-2.0740355e-8,0.5880172,-20.223713,1.6682848e-9,0.1323445,-17.565882
09-32,long_additive_synth,chopin_string_quartet,finnish_blacksmith,767d62ee778766a1,8828c2d1c0ff4488,10,10;1;5,187.479691;116.024269;143.606293,sparse-hashed-13edo-gradual-drones-v14,long,0e8b41dc773092e8,9.445121;9.000328;10.217690,4.972469;4.488413;5.940581,broad_swell;soft_drone;breathing_drone,inharmonic_fm,detune_cents=33.122;feedback=0.457;crossfeedback_percent=8.000;index=6.066->3.853;clean_percent=45.000;raw_fm_percent=40.000;parallel_ruin_percent=15.000;phase_drift_radians=0.080;drive=2.905;folds=3,3,0.9780502,-13.425072,-14.247662,12.747662,-1.5,-1.5,wav/09_chopin_string_quartet__32_finnish_blacksmith.wav,2,288000,6.0,1727999,35.99997916666667,0.6593413,0.097513,-20.21875,6.199311e-9,0,0,0.49486977,-20.168036,1.3339327e-8,0.6593413,-20.270063,-9.407055e-10,0.13430788,-17.437971
09-33,long_additive_synth,chopin_string_quartet,cattle_auction,767d62ee778766a1,63aeff78df8557af,10,10;1;5,187.479691;116.024269;143.606293,sparse-hashed-13edo-gradual-drones-v14,long,30253ff2d85b1e53,10.900225;7.839450;10.248918,6.951563;3.435619;5.983451,late_bloom;breathing_drone;soft_drone,inharmonic_fm,detune_cents=32.316;feedback=0.388;crossfeedback_percent=8.000;index=8.486->3.432;clean_percent=45.000;raw_fm_percent=40.000;parallel_ruin_percent=15.000;phase_drift_radians=0.080;drive=2.905;folds=2,4,0.9522769,-9.87738,-16.829842,15.329842,-1.5,-1.5000012,wav/09_chopin_string_quartet__33_cattle_auction.wav,2,288000,6.0,1727999,35.99997916666667,0.61547637,0.09786183,-20.187733,-1.3927151e-8,0,0,0.61547637,-20.19342,-2.2130596e-8,0.5139981,-20.182056,-5.723706e-9,0.13472499,-17.411037
09-34,long_additive_synth,chopin_string_quartet,ferry_alarm,767d62ee778766a1,63fa0671c3c8b3fd,0,0;4;8,110.000000;136.149902;168.516296,sparse-hashed-13edo-gradual-drones-v14,long,7d8c3f940801daff,8.623289;9.106258;9.540852,4.115181;4.599238;5.083294,late_bloom;breathing_drone;soft_drone,modal_noise_resonator,detune_cents=50.667;mode_disorder_percent=5.104;resonated_noise_percent=15.549;clean_percent=60.000;parallel_ruin_percent=24.451;drive=4.392;folds=1,6,0.95002025,-9.66751,-7.380372,5.880372,-1.5,-1.5,wav/09_chopin_string_quartet__34_ferry_alarm.wav,2,288000,6.0,1727999,35.99997916666667,0.653676,0.09762061,-20.20917,-1.1564276e-9,0,0,0.653676,-20.218445,-6.089357e-9,0.6443831,-20.199917,3.776502e-9,0.13267478,-17.544233
09-35,long_additive_synth,chopin_string_quartet,flooded_mine,767d62ee778766a1,5ef5719090cb3c3e,6,6;10;1,151.471039;187.479691;116.024269,sparse-hashed-13edo-gradual-drones-v14,long,79a5ac59ee416d39,10.084145;10.434547;10.758778,5.760689;6.244745;6.728802,broad_swell;late_bloom;breathing_drone,inharmonic_fm,detune_cents=32.978;feedback=0.467;crossfeedback_percent=8.000;index=6.952->3.027;clean_percent=45.000;raw_fm_percent=40.000;parallel_ruin_percent=15.000;phase_drift_radians=0.080;drive=2.547;folds=2,6,0.9538773,-10.051564,-12.848221,11.348221,-1.5,-1.5,wav/09_chopin_string_quartet__35_flooded_mine.wav,2,288000,6.0,1727999,35.99997916666667,0.6245893,0.097298734,-20.237856,4.967542e-9,0,0,0.5094578,-20.175106,-5.449364e-9,0.6245893,-20.301529,1.5384447e-8,0.13525112,-17.377182
09-36,long_additive_synth,chopin_string_quartet,cappuccino_process,767d62ee778766a1,c9cb796a64de33e2,4,4;8;12,136.149902;168.516296;208.577057,sparse-hashed-13edo-gradual-drones-v14,long,f914372baf279f1f,7.953248;7.312100;9.006643,3.526832;3.042776;4.494945,breathing_drone;late_bloom;broad_swell,inharmonic_fm,detune_cents=28.178;feedback=0.480;crossfeedback_percent=8.000;index=6.138->2.775;clean_percent=45.000;raw_fm_percent=40.000;parallel_ruin_percent=15.000;phase_drift_radians=0.080;drive=2.601;folds=3,3,0.96914196,-11.89329,2.1482275,0.0,-1.5,2.1482275,wav/09_chopin_string_quartet__36_cappuccino_process.wav,2,288000,6.0,1727999,35.99997916666667,0.6943337,0.09478672,-20.46505,4.2373833e-9,0,0,0.6943337,-20.435438,-2.3682372e-9,0.68777686,-20.494865,1.0843004e-8,0.12874314,-17.805517
09-37,long_additive_synth,chopin_string_quartet,tennis_match,767d62ee778766a1,09cb934e68f8f084,10,10;1;5,187.479691;116.024269;143.606293,sparse-hashed-13edo-gradual-drones-v14,long,666942f12ddc5a6d,10.019806;10.375229;9.207638,5.675976;6.160032;4.707863,breathing_drone;soft_drone;broad_swell,inharmonic_fm,detune_cents=39.668;feedback=0.403;crossfeedback_percent=8.000;index=7.940->2.848;clean_percent=45.000;raw_fm_percent=40.000;parallel_ruin_percent=15.000;phase_drift_radians=0.080;drive=2.792;folds=2,4,0.9587716,-10.553582,-13.967351,12.467351,-1.5,-1.5000007,wav/09_chopin_string_quartet__37_tennis_match.wav,2,288000,6.0,1727999,35.99997916666667,0.617981,0.097761534,-20.19664,1.7119486e-8,0,0,0.51032364,-20.167763,1.884421e-8,0.617981,-20.225708,1.5394765e-8,0.1361874,-17.31726
09-38,long_additive_synth,chopin_string_quartet,chainsaw_cycle,767d62ee778766a1,5c7feb9d452f2bef,1,1;5;9,116.024269;143.606293;177.745285,sparse-hashed-13edo-gradual-drones-v14,long,7ad8f15b30ff1345,8.439289;7.870684;9.392500,3.944473;3.460416;4.912585,soft_drone;breathing_drone;late_bloom,modal_noise_resonator,detune_cents=47.736;mode_disorder_percent=4.037;resonated_noise_percent=15.879;clean_percent=60.000;parallel_ruin_percent=24.121;drive=4.254;folds=2,3,0.9955498,-20.474442,-14.559048,13.059048,-1.5,-1.4999995,wav/09_chopin_string_quartet__38_chainsaw_cycle.wav,2,288000,6.0,1727999,35.99997916666667,0.69226336,0.095906004,-20.363083,3.0805558e-10,0,0,0.6034058,-20.212957,-5.5331277e-9,0.69226336,-20.518587,6.149239e-9,0.13546096,-17.363718
09-39,long_additive_synth,chopin_string_quartet,near_foghorn,767d62ee778766a1,1d6af12c6225ab62,12,12;3;7,208.577057;129.080658;159.766510,sparse-hashed-13edo-gradual-drones-v14,long,3800bdb44d3f5420,10.908848;10.596037;10.258934,6.965380;6.481323;5.997267,late_bloom;broad_swell;soft_drone,saturated_saw_cluster,detune_cents=61.524;drift_cents=18.494;drive=8.770;folds=4;alias_percent=78.636;bits=6;hard_sync_percent=45.201;sample_hold_frames=2,5,0.9546114,-10.097599,-10.671378,9.171378,-1.5,-1.5,wav/09_chopin_string_quartet__39_near_foghorn.wav,2,288000,6.0,1727999,35.99997916666667,0.59942377,0.097069904,-20.258308,3.5371514e-8,0,0,0.54723907,-20.226631,-1.592429e-9,0.59942377,-20.290218,7.233545e-8,0.13966149,-17.098467
09-40,long_additive_synth,chopin_string_quartet,barcelona_gate_pa,767d62ee778766a1,e28efd5cee017776,5,5;9;0,143.606293;177.745285;110.000000,sparse-hashed-13edo-gradual-drones-v14,long,aa63775f6a1c5982,10.806750;7.648186;10.140127,6.803541;3.287597;5.835429,soft_drone;broad_swell;late_bloom,modal_noise_resonator,detune_cents=48.548;mode_disorder_percent=3.808;resonated_noise_percent=17.242;clean_percent=60.000;parallel_ruin_percent=22.758;drive=3.884;folds=1,4,0.9730406,-12.496374,-11.978221,10.478221,-1.5,-1.4999995,wav/09_chopin_string_quartet__40_barcelona_gate_pa.wav,2,288000,6.0,1727999,35.99997916666667,0.60851157,0.09739928,-20.228884,-5.511135e-9,0,0,0.5852993,-20.21024,-9.5761565e-11,0.60851157,-20.24761,-1.0926509e-8,0.12543783,-18.03143
09-41,long_additive_synth,chopin_string_quartet,delhi_subway_cycle,767d62ee778766a1,3187a582eafedd91,5,5;9;0,143.606293;177.745285;110.000000,sparse-hashed-13edo-gradual-drones-v14,long,8e4950a462a0784d,7.923237;8.485428;10.631478,3.502544;3.986601;6.534432,late_bloom;breathing_drone;soft_drone,saturated_saw_cluster,detune_cents=82.428;drift_cents=13.109;drive=9.969;folds=3;alias_percent=69.536;bits=7;hard_sync_percent=66.655;sample_hold_frames=4,4,0.94845086,-9.515135,-12.686624,11.186624,-1.5,-1.4999995,wav/09_chopin_string_quartet__41_delhi_subway_cycle.wav,2,288000,6.0,1727999,35.99997916666667,0.56809676,0.098019965,-20.17371,-4.693287e-9,0,0,0.50084454,-20.157919,3.3133583e-9,0.56809676,-20.18956,-1.2699933e-8,0.1362405,-17.313877
09-42,long_additive_synth,chopin_string_quartet,hockey_goal,767d62ee778766a1,7338d14d9c7d0103,6,6;10;1,151.471039;187.479691;116.024269,sparse-hashed-13edo-gradual-drones-v14,long,a5010546799dcd20,9.081986;9.518897;9.915843,4.573605;5.057661;5.541717,breathing_drone;soft_drone;broad_swell,saturated_saw_cluster,detune_cents=77.431;drift_cents=23.281;drive=8.231;folds=3;alias_percent=69.694;bits=6;hard_sync_percent=69.586;sample_hold_frames=3,6,0.95320475,-9.974877,-7.7142563,6.2142563,-1.5,-1.4999987,wav/09_chopin_string_quartet__42_hockey_goal.wav,2,288000,6.0,1727999,35.99997916666667,0.6148373,0.09752608,-20.217587,1.6868178e-9,0,0,0.6148373,-20.217777,2.2890106e-8,0.56284595,-20.217392,-1.951647e-8,0.1362229,-17.314999
09-43,long_additive_synth,chopin_string_quartet,ambulance_siren,767d62ee778766a1,f8af2f1a4cb0c701,7,7;11;2,159.766510;197.747208;122.378456,sparse-hashed-13edo-gradual-drones-v14,long,9278e8baac106e85,7.823220;10.892212;10.578156,3.422805;6.938748;6.454692,soft_drone;breathing_drone;late_bloom,inharmonic_fm,detune_cents=46.840;feedback=0.391;crossfeedback_percent=8.000;index=8.362->3.118;clean_percent=45.000;raw_fm_percent=40.000;parallel_ruin_percent=15.000;phase_drift_radians=0.080;drive=2.957;folds=3,5,0.95820904,-10.518679,-11.255152,9.755152,-1.5,-1.5,wav/09_chopin_string_quartet__43_ambulance_siren.wav,2,288000,6.0,1727999,35.99997916666667,0.48171344,0.098379865,-20.141876,-1.4009505e-9,0,0,0.48171344,-20.152477,8.374415e-9,0.4380078,-20.131298,-1.1176316e-8,0.13533008,-17.372114
09-44,long_additive_synth,chopin_string_quartet,woodshop_process,767d62ee778766a1,8e1e1d890ae5881a,4,4;8;12,136.149902;168.516296;208.577057,sparse-hashed-13edo-gradual-drones-v14,long,59cf0226a03113ff,10.818411;10.498769;10.153719,6.821832;6.337776;5.853720,breathing_drone;late_bloom;broad_swell,saturated_saw_cluster,detune_cents=79.410;drift_cents=20.548;drive=7.726;folds=4;alias_percent=66.062;bits=5;hard_sync_percent=62.526;sample_hold_frames=4,5,0.96264005,-11.0130415,-2.6526287,1.1526287,-1.5,-1.5,wav/09_chopin_string_quartet__44_woodshop_process.wav,2,288000,6.0,1727999,35.99997916666667,0.70224625,0.09549016,-20.400827,1.0419009e-8,0,0,0.60538614,-20.379425,2.8482207e-8,0.70224625,-20.422337,-7.644189e-9,0.13391973,-17.463108
09-45,long_additive_synth,chopin_string_quartet,tractor_turning_hay,767d62ee778766a1,241aba059f6c939a,10,10;1;5,187.479691;116.024269;143.606293,sparse-hashed-13edo-gradual-drones-v14,long,898364f2500caacd,8.435457;7.866315;9.389424,3.940994;3.456937;4.909106,breathing_drone;late_bloom;broad_swell,saturated_saw_cluster,detune_cents=79.722;drift_cents=13.789;drive=9.313;folds=4;alias_percent=73.445;bits=6;hard_sync_percent=59.062;sample_hold_frames=2,3,0.9705728,-12.109653,-12.63891,11.13891,-1.5,-1.5,wav/09_chopin_string_quartet__45_tractor_turning_hay.wav,2,288000,6.0,1727999,35.99997916666667,0.6291195,0.097915255,-20.182993,-2.3446287e-8,0,0,0.5083154,-20.177462,-1.2674195e-8,0.6291195,-20.18853,-3.4218377e-8,0.14062141,-17.03897
09-46,long_additive_synth,chopin_string_quartet,hail_thunder,767d62ee778766a1,8ca435fa8014940b,11,11;2;6,197.747208;122.378456;151.471039,sparse-hashed-13edo-gradual-drones-v14,long,548ee908a71283d7,9.988052;10.345981;9.169326,5.634627;6.118684;4.666515,breathing_drone;soft_drone;broad_swell,inharmonic_fm,detune_cents=28.742;feedback=0.435;crossfeedback_percent=8.000;index=6.472->2.925;clean_percent=45.000;raw_fm_percent=40.000;parallel_ruin_percent=15.000;phase_drift_radians=0.080;drive=2.791;folds=2,4,0.98200667,-14.312225,-14.7437935,13.2437935,-1.5,-1.4999995,wav/09_chopin_string_quartet__46_hail_thunder.wav,2,288000,6.0,1727999,35.99997916666667,0.6308707,0.09655081,-20.304882,-1.7774346e-9,0,0,0.6308707,-20.276232,-8.557456e-9,0.5135649,-20.333721,5.002587e-9,0.12696417,-17.926376
09-47,long_additive_synth,chopin_string_quartet,marielle_protest,767d62ee778766a1,b99f4919a8dffbad,3,3;7;11,129.080658;159.766510;197.747208,sparse-hashed-13edo-gradual-drones-v14,long,f2d7b8f7520def2d,9.240238;8.772761;10.046862,4.743335;4.259279;5.711448,soft_drone;late_bloom;late_bloom,modal_noise_resonator,detune_cents=49.785;mode_disorder_percent=5.950;resonated_noise_percent=12.090;clean_percent=60.000;parallel_ruin_percent=27.910;drive=4.154;folds=2,3,0.9727132,-12.448018,-6.9234347,5.4234347,-1.5,-1.5,wav/09_chopin_string_quartet__47_marielle_protest.wav,2,288000,6.0,1727999,35.99997916666667,0.69620544,0.095624626,-20.388605,-5.5973284e-9,0,0,0.66137964,-20.199194,-8.866345e-9,0.69620544,-20.586655,-2.328312e-9,0.12576476,-18.008821
09-48,long_additive_synth,chopin_string_quartet,hair_salon_tools,767d62ee778766a1,91febc7e6d506cc8,11,11;2;6,197.747208;122.378456;151.471039,sparse-hashed-13edo-gradual-drones-v14,long,03b8aa77522c1b0a,8.557354;8.005010;9.487551,4.053175;3.569119;5.021288,breathing_drone;late_bloom;broad_swell,modal_noise_resonator,detune_cents=41.080;mode_disorder_percent=5.979;resonated_noise_percent=16.150;clean_percent=60.000;parallel_ruin_percent=23.850;drive=4.610;folds=2,3,0.9822809,-14.392987,-18.427673,16.927673,-1.5,-1.4999981,wav/09_chopin_string_quartet__48_hair_salon_tools.wav,2,288000,6.0,1727999,35.99997916666667,0.6621219,0.096700884,-20.29139,-2.9311698e-10,0,0,0.56293947,-20.16926,-2.7533453e-9,0.6621219,-20.417057,2.1671114e-9,0.14153732,-16.98258
10-25,long_additive_synth,handpan_strikes,thunder_mountain,42b41cd9f35d11cf,4e2a8e922a968e95,1,1;5;9,116.024269;143.606293;177.745285,sparse-hashed-13edo-gradual-drones-v14,long,834fb61cf65d91b2,9.961581;10.321609;10.654062,5.600388;6.084444;6.568500,breathing_drone;soft_drone;broad_swell,modal_noise_resonator,detune_cents=51.317;mode_disorder_percent=3.620;resonated_noise_percent=17.190;clean_percent=60.000;parallel_ruin_percent=22.810;drive=3.878;folds=1,6,0.941292,-8.9171505,-6.858343,5.358343,-1.5,-1.5,wav/10_handpan_strikes__25_thunder_mountain.wav,2,288000,6.0,1727999,35.99997916666667,0.57805085,0.097723775,-20.199995,-3.7837324e-9,0,0,0.5498176,-20.217579,7.4105844e-10,0.57805085,-20.182484,-8.308524e-9,0.1390952,-17.133757
10-26,long_additive_synth,handpan_strikes,inside_car_wash,42b41cd9f35d11cf,903a06c594b2e6cb,10,10;1;5,187.479691;116.024269;143.606293,sparse-hashed-13edo-gradual-drones-v14,long,2bdd8de629d6ace6,9.207520;9.632573;10.019708,4.707736;5.191792;5.675848,broad_swell;breathing_drone;soft_drone,inharmonic_fm,detune_cents=29.846;feedback=0.537;crossfeedback_percent=8.000;index=6.536->2.613;clean_percent=45.000;raw_fm_percent=40.000;parallel_ruin_percent=15.000;phase_drift_radians=0.080;drive=2.615;folds=2,6,0.9730624,-12.502528,-18.124449,16.624449,-1.5,-1.5000012,wav/10_handpan_strikes__26_inside_car_wash.wav,2,288000,6.0,1727999,35.99997916666667,0.7941113,0.0962322,-20.333593,-2.0539714e-9,0,0,0.77093405,-20.33309,-1.7435016e-9,0.7941113,-20.334093,-2.3644413e-9,0.13744392,-17.23749
10-27,long_additive_synth,handpan_strikes,peru_new_year_fireworks,42b41cd9f35d11cf,83317dd5c74822ca,1,1;5;9,116.024269;143.606293;177.745285,sparse-hashed-13edo-gradual-drones-v14,long,714a91b153e73a67,8.963348;9.411756;7.897993,4.450357;4.934413;3.482245,soft_drone;broad_swell;late_bloom,inharmonic_fm,detune_cents=35.411;feedback=0.500;crossfeedback_percent=8.000;index=7.685->3.776;clean_percent=45.000;raw_fm_percent=40.000;parallel_ruin_percent=15.000;phase_drift_radians=0.080;drive=2.733;folds=2,4,0.9647912,-11.284833,-21.501867,20.001867,-1.5,-1.5000007,wav/10_handpan_strikes__27_peru_new_year_fireworks.wav,2,288000,6.0,1727999,35.99997916666667,0.6095075,0.09811586,-20.165215,1.6197821e-9,0,0,0.4710482,-20.146296,1.6910584e-9,0.6095075,-20.18422,1.5485057e-9,0.13890706,-17.145514
10-28,long_additive_synth,handpan_strikes,efteling_steam_train,42b41cd9f35d11cf,9a412959184abdf9,0,0;4;8,110.000000;136.149902;168.516296,sparse-hashed-13edo-gradual-drones-v14,long,252097d536c1dac0,7.832249;8.405589;8.911991,3.429927;3.913983;4.398039,soft_drone;broad_swell;late_bloom,modal_noise_resonator,detune_cents=43.414;mode_disorder_percent=5.608;resonated_noise_percent=11.098;clean_percent=60.000;parallel_ruin_percent=28.902;drive=4.439;folds=1,6,0.9244621,-7.685824,-13.504917,12.004917,-1.5,-1.5000012,wav/10_handpan_strikes__28_efteling_steam_train.wav,2,288000,6.0,1727999,35.99997916666667,0.69767153,0.09655969,-20.304085,5.966507e-10,0,0,0.5965423,-20.24228,1.8628905e-10,0.69767153,-20.36678,1.0070123e-9,0.13960735,-17.101833
10-29,long_additive_synth,handpan_strikes,helicopter_takeoff,42b41cd9f35d11cf,4534148b4903c233,3,3;7;11,129.080658;159.766510;197.747208,sparse-hashed-13edo-gradual-drones-v14,long,3cad03f3bb7a0aee,10.179834;10.522896;9.399857,5.889026;6.373082;4.920913,late_bloom;breathing_drone;soft_drone,modal_noise_resonator,detune_cents=43.092;mode_disorder_percent=5.785;resonated_noise_percent=13.298;clean_percent=60.000;parallel_ruin_percent=26.702;drive=4.593;folds=1,4,0.96173275,-10.914051,-10.846193,9.346193,-1.5,-1.5,wav/10_handpan_strikes__29_helicopter_takeoff.wav,2,288000,6.0,1727999,35.99997916666667,0.59226596,0.09837644,-20.142178,-3.549649e-9,0,0,0.59226596,-20.147436,-4.604305e-9,0.5179423,-20.136927,-2.4949929e-9,0.14009571,-17.071503
10-30,long_additive_synth,handpan_strikes,scuba_bubbles,42b41cd9f35d11cf,d2eaf6d35c117589,5,5;9;0,143.606293;177.745285;110.000000,sparse-hashed-13edo-gradual-drones-v14,long,b0e5f73cdebbbaf1,10.346430;10.677058;7.375369,6.119316;6.603373;3.087428,late_bloom;breathing_drone;soft_drone,inharmonic_fm,detune_cents=41.625;feedback=0.398;crossfeedback_percent=8.000;index=6.518->3.259;clean_percent=45.000;raw_fm_percent=40.000;parallel_ruin_percent=15.000;phase_drift_radians=0.080;drive=2.876;folds=2,6,0.93525857,-8.450776,-13.548194,12.048194,-1.5,-1.4999995,wav/10_handpan_strikes__30_scuba_bubbles.wav,2,288000,6.0,1727999,35.99997916666667,0.5350207,0.09824693,-20.15362,7.94826e-10,0,0,0.51039875,-20.150871,1.105904e-10,0.5350207,-20.156372,1.4790615e-9,0.137156,-17.255705
10-31,long_additive_synth,handpan_strikes,building_demolition,42b41cd9f35d11cf,d502a0866ac3b927,12,12;3;7,208.577057;129.080658;159.766510,sparse-hashed-13edo-gradual-drones-v14,long,51310ef5d45545a8,7.851293;10.906081;10.593064,3.445001;6.960945;6.476889,broad_swell;soft_drone;breathing_drone,inharmonic_fm,detune_cents=34.256;feedback=0.442;crossfeedback_percent=8.000;index=8.582->3.853;clean_percent=45.000;raw_fm_percent=40.000;parallel_ruin_percent=15.000;phase_drift_radians=0.080;drive=3.125;folds=3,5,0.96122587,-10.842864,-16.494701,14.994701,-1.5,-1.5000007,wav/10_handpan_strikes__31_building_demolition.wav,2,288000,6.0,1727999,35.99997916666667,0.48371333,0.09843599,-20.13692,7.5393003e-10,0,0,0.48371333,-20.142786,4.865665e-10,0.44138986,-20.131065,1.0212936e-9,0.13627826,-17.311468
10-32,long_additive_synth,handpan_strikes,finnish_blacksmith,42b41cd9f35d11cf,8828c2d1c0ff4488,12,12;3;7,208.577057;129.080658;159.766510,sparse-hashed-13edo-gradual-drones-v14,long,dc83894f87a42ff2,9.773833;9.363049;10.494501,5.363439;4.879382;6.331551,broad_swell;soft_drone;breathing_drone,modal_noise_resonator,detune_cents=43.664;mode_disorder_percent=5.244;resonated_noise_percent=13.825;clean_percent=60.000;parallel_ruin_percent=26.175;drive=3.917;folds=2,3,0.99036354,-17.088272,-15.03399,13.53399,-1.5,-1.5,wav/10_handpan_strikes__32_finnish_blacksmith.wav,2,288000,6.0,1727999,35.99997916666667,0.58155257,0.097663485,-20.205355,3.3199745e-9,0,0,0.5020422,-20.183052,3.669842e-9,0.58155257,-20.227774,2.9701073e-9,0.13990597,-17.083275
10-33,long_additive_synth,handpan_strikes,cattle_auction,42b41cd9f35d11cf,63aeff78df8557af,4,4;8;12,136.149902;168.516296;208.577057,sparse-hashed-13edo-gradual-drones-v14,long,ee5c7c2b6ea5ad7d,8.787554;9.253525;7.672033,4.273812;4.757868;3.305699,broad_swell;late_bloom;breathing_drone,inharmonic_fm,detune_cents=42.712;feedback=0.476;crossfeedback_percent=8.000;index=6.017->3.319;clean_percent=45.000;raw_fm_percent=40.000;parallel_ruin_percent=15.000;phase_drift_radians=0.080;drive=2.931;folds=2,4,0.9510762,-9.783714,-16.91238,15.41238,-1.5,-1.5,wav/10_handpan_strikes__33_cattle_auction.wav,2,288000,6.0,1727999,35.99997916666667,0.5115348,0.09798609,-20.176712,-1.5548158e-9,0,0,0.50431126,-20.175535,-2.3611484e-9,0.5115348,-20.177889,-7.4848333e-10,0.14257322,-16.91924
10-34,long_additive_synth,handpan_strikes,ferry_alarm,42b41cd9f35d11cf,63fa0671c3c8b3fd,1,1;5;9,116.024269;143.606293;177.745285,sparse-hashed-13edo-gradual-drones-v14,long,f3e81fd60ef015f5,10.147930;10.493423;10.813444,5.845922;6.329979;6.814035,late_bloom;breathing_drone;broad_swell,modal_noise_resonator,detune_cents=41.871;mode_disorder_percent=5.839;resonated_noise_percent=11.282;clean_percent=60.000;parallel_ruin_percent=28.718;drive=4.324;folds=1,6,0.95546234,-10.211354,-13.365146,11.865146,-1.5,-1.5,wav/10_handpan_strikes__34_ferry_alarm.wav,2,288000,6.0,1727999,35.99997916666667,0.6853453,0.09672829,-20.288929,8.002448e-9,0,0,0.6211023,-20.259249,4.2345847e-9,0.6853453,-20.318813,1.1770311e-8,0.13932842,-17.119205
10-35,long_additive_synth,handpan_strikes,flooded_mine,42b41cd9f35d11cf,5ef5719090cb3c3e,1,1;5;9,116.024269;143.606293;177.745285,sparse-hashed-13edo-gradual-drones-v14,long,1dc8956adb09d057,9.916979;9.520141;10.616062,5.543165;5.059109;6.511278,late_bloom;broad_swell;soft_drone,saturated_saw_cluster,detune_cents=64.428;drift_cents=15.205;drive=8.110;folds=4;alias_percent=76.624;bits=6;hard_sync_percent=61.626;sample_hold_frames=3,3,0.9576246,-10.4334955,-12.115482,10.615482,-1.5,-1.5,wav/10_handpan_strikes__35_flooded_mine.wav,2,288000,6.0,1727999,35.99997916666667,0.5692364,0.097775824,-20.19537,2.6363574e-9,0,0,0.5618855,-20.177807,2.4658742e-10,0.5692364,-20.213003,5.026127e-9,0.13732411,-17.245064
10-36,long_additive_synth,handpan_strikes,cappuccino_process,42b41cd9f35d11cf,c9cb796a64de33e2,11,11;2;6,197.747208;122.378456;151.471039,sparse-hashed-13edo-gradual-drones-v14,long,c103c57ad3f921a1,9.624142;9.198222;8.725944,5.181723;4.697666;4.213610,broad_swell;soft_drone;breathing_drone,saturated_saw_cluster,detune_cents=65.681;drift_cents=20.123;drive=9.177;folds=4;alias_percent=67.628;bits=6;hard_sync_percent=60.181;sample_hold_frames=3,5,0.9742928,-12.724784,-13.694057,12.194057,-1.5,-1.4999995,wav/10_handpan_strikes__36_cappuccino_process.wav,2,288000,6.0,1727999,35.99997916666667,0.724287,0.09496989,-20.448282,-9.751151e-9,0,0,0.724287,-20.529413,7.1608763e-10,0.6573046,-20.368637,-2.021839e-8,0.13381273,-17.470053
10-37,long_additive_synth,handpan_strikes,tennis_match,42b41cd9f35d11cf,09cb934e68f8f084,4,4;8;12,136.149902;168.516296;208.577057,sparse-hashed-13edo-gradual-drones-v14,long,68fd84ee79bf50c3,9.760304;10.136690;8.892797,5.346757;5.830813;4.378644,breathing_drone;soft_drone;broad_swell,modal_noise_resonator,detune_cents=53.725;mode_disorder_percent=5.965;resonated_noise_percent=17.756;clean_percent=60.000;parallel_ruin_percent=22.244;drive=4.770;folds=1,4,0.95893615,-10.581217,-14.178781,12.678781,-1.5,-1.5000007,wav/10_handpan_strikes__37_tennis_match.wav,2,288000,6.0,1727999,35.99997916666667,0.6061208,0.09802956,-20.17286,5.964671e-9,0,0,0.47385424,-20.1554,3.2895107e-9,0.6061208,-20.19039,8.639831e-9,0.13939637,-17.114971
10-38,long_additive_synth,handpan_strikes,chainsaw_cycle,42b41cd9f35d11cf,5c7feb9d452f2bef,1,1;5;9,116.024269;143.606293;177.745285,sparse-hashed-13edo-gradual-drones-v14,long,710bb8e99dee129f,9.267658;8.803288;10.069647,4.773379;4.289322;5.741491,broad_swell;soft_drone;breathing_drone,inharmonic_fm,detune_cents=29.694;feedback=0.360;crossfeedback_percent=8.000;index=6.398->3.534;clean_percent=45.000;raw_fm_percent=40.000;parallel_ruin_percent=15.000;phase_drift_radians=0.080;drive=2.532;folds=3,3,0.97427183,-12.718151,-14.0695,12.5695,-1.5,-1.4999995,wav/10_handpan_strikes__38_chainsaw_cycle.wav,2,288000,6.0,1727999,35.99997916666667,0.7047283,0.09652098,-20.307564,-1.0673109e-9,0,0,0.63324666,-20.269802,-1.9912376e-9,0.7047283,-20.345661,-1.4338424e-10,0.13719787,-17.253054
10-39,long_additive_synth,handpan_strikes,near_foghorn,42b41cd9f35d11cf,1d6af12c6225ab62,5,5;9;0,143.606293;177.745285;110.000000,sparse-hashed-13edo-gradual-drones-v14,long,7bb84b28ff085d9e,9.966098;10.325767;9.142804,5.606215;6.090271;4.638103,breathing_drone;soft_drone;soft_drone,modal_noise_resonator,detune_cents=43.874;mode_disorder_percent=5.503;resonated_noise_percent=11.327;clean_percent=60.000;parallel_ruin_percent=28.673;drive=3.996;folds=1,4,0.96265626,-11.016965,-14.301334,12.801334,-1.5,-1.5,wav/10_handpan_strikes__39_near_foghorn.wav,2,288000,6.0,1727999,35.99997916666667,0.6920196,0.09599568,-20.354967,-5.784023e-9,0,0,0.5147335,-20.236607,-5.503947e-9,0.6920196,-20.476643,-6.064099e-9,0.13840295,-17.177094
10-40,long_additive_synth,handpan_strikes,barcelona_gate_pa,42b41cd9f35d11cf,e28efd5cee017776,1,1;5;9,116.024269;143.606293;177.745285,sparse-hashed-13edo-gradual-drones-v14,long,960d9e0c1cab6f28,8.753748;8.227370;7.628278,4.240674;3.756618;3.272561,soft_drone;breathing_drone;late_bloom,inharmonic_fm,detune_cents=32.489;feedback=0.407;crossfeedback_percent=8.000;index=8.112->3.181;clean_percent=45.000;raw_fm_percent=40.000;parallel_ruin_percent=15.000;phase_drift_radians=0.080;drive=2.508;folds=3,5,0.9740788,-12.687548,-15.483727,13.983727,-1.5,-1.5,wav/10_handpan_strikes__40_barcelona_gate_pa.wav,2,288000,6.0,1727999,35.99997916666667,0.6625751,0.096510865,-20.308475,1.1537482e-9,0,0,0.6625751,-20.29552,-7.2677914e-10,0.6620628,-20.321468,3.0342755e-9,0.1359375,-17.333214
10-41,long_additive_synth,handpan_strikes,delhi_subway_cycle,42b41cd9f35d11cf,3187a582eafedd91,1,1;5;9,116.024269;143.606293;177.745285,sparse-hashed-13edo-gradual-drones-v14,long,5674531e28d46f1f,9.056328;8.567450;8.016473,4.546664;4.062608;3.578552,breathing_drone;late_bloom;broad_swell,saturated_saw_cluster,detune_cents=83.660;drift_cents=15.463;drive=8.174;folds=4;alias_percent=79.764;bits=7;hard_sync_percent=53.762;sample_hold_frames=3,5,0.95974123,-10.663658,-11.693839,10.193839,-1.5,-1.4999995,wav/10_handpan_strikes__41_delhi_subway_cycle.wav,2,288000,6.0,1727999,35.99997916666667,0.7158268,0.09725391,-20.24186,-4.777802e-9,0,0,0.7158268,-20.267126,-7.393918e-9,0.58003134,-20.216734,-2.1616864e-9,0.13674563,-17.28173
10-42,long_additive_synth,handpan_strikes,hockey_goal,42b41cd9f35d11cf,7338d14d9c7d0103,9,9;0;4,177.745285;110.000000;136.149902,sparse-hashed-13edo-gradual-drones-v14,long,c5dac3ea9d08bb62,9.428159;9.833107;10.203497,4.953086;5.437142;5.921199,breathing_drone;soft_drone;broad_swell,saturated_saw_cluster,detune_cents=56.588;drift_cents=21.617;drive=9.292;folds=3;alias_percent=74.063;bits=7;hard_sync_percent=57.384;sample_hold_frames=2,6,0.9575373,-10.43367,-7.8883047,6.3883047,-1.5,-1.4999995,wav/10_handpan_strikes__42_hockey_goal.wav,2,288000,6.0,1727999,35.99997916666667,0.62860507,0.097986184,-20.176704,1.0751271e-9,0,0,0.57748806,-20.162518,7.992706e-10,0.62860507,-20.190933,1.3509837e-9,0.13829003,-17.184183
10-43,long_additive_synth,handpan_strikes,ambulance_siren,42b41cd9f35d11cf,f8af2f1a4cb0c701,9,9;0;4,177.745285;110.000000;136.149902,sparse-hashed-13edo-gradual-drones-v14,long,65ed73c91302316b,8.785690;8.263411;9.672789,4.271979;3.787922;5.240091,broad_swell;soft_drone;breathing_drone,modal_noise_resonator,detune_cents=38.377;mode_disorder_percent=3.900;resonated_noise_percent=14.194;clean_percent=60.000;parallel_ruin_percent=25.806;drive=3.857;folds=2,3,0.9714995,-12.252606,-16.19937,14.699369,-1.5,-1.4999995,wav/10_handpan_strikes__43_ambulance_siren.wav,2,288000,6.0,1727999,35.99997916666667,0.5422224,0.09852525,-20.12905,2.6796099e-9,0,0,0.485897,-20.1288,6.128297e-9,0.5422224,-20.1293,-7.690774e-10,0.1398814,-17.0848
10-44,long_additive_synth,handpan_strikes,woodshop_process,42b41cd9f35d11cf,8e1e1d890ae5881a,10,10;1;5,187.479691;116.024269;143.606293,sparse-hashed-13edo-gradual-drones-v14,long,a13ddb7c4a1a4745,10.320710;9.960606;9.567918,6.083186;5.599130;5.115073,broad_swell;breathing_drone;late_bloom,modal_noise_resonator,detune_cents=40.470;mode_disorder_percent=5.896;resonated_noise_percent=14.521;clean_percent=60.000;parallel_ruin_percent=25.479;drive=4.212;folds=2,5,0.9539205,-10.04474,-15.503117,14.003117,-1.5,-1.4999995,wav/10_handpan_strikes__44_woodshop_process.wav,2,288000,6.0,1727999,35.99997916666667,0.6012914,0.096585095,-20.301798,1.00529345e-8,0,0,0.5646335,-20.312538,9.627631e-9,0.6012914,-20.291082,1.0478239e-8,0.14204009,-16.951782
10-45,long_additive_synth,handpan_strikes,tractor_turning_hay,42b41cd9f35d11cf,241aba059f6c939a,10,10;1;5,187.479691;116.024269;143.606293,sparse-hashed-13edo-gradual-drones-v14,long,e64d56caa5c6e447,7.584123;10.775911;8.719713,3.239457;6.755402;4.207570,breathing_drone;late_bloom;broad_swell,saturated_saw_cluster,detune_cents=68.236;drift_cents=21.497;drive=7.767;folds=4;alias_percent=65.063;bits=5;hard_sync_percent=62.009;sample_hold_frames=4,3,0.9710847,-12.186127,-10.326784,8.826784,-1.5,-1.4999995,wav/10_handpan_strikes__45_tractor_turning_hay.wav,2,288000,6.0,1727999,35.99997916666667,0.6160658,0.0979237,-20.182243,1.2695736e-9,0,0,0.4739829,-20.155945,-1.5319449e-9,0.6160658,-20.208702,4.071092e-9,0.13662896,-17.289145
10-46,long_additive_synth,handpan_strikes,hail_thunder,42b41cd9f35d11cf,8ca435fa8014940b,8,8;12;3,168.516296;208.577057;129.080658,sparse-hashed-13edo-gradual-drones-v14,long,21eff7c400db1c9d,10.840580;10.522626;10.179543,6.856744;6.372687;5.888631,soft_drone;breathing_drone;late_bloom,saturated_saw_cluster,detune_cents=75.335;drift_cents=15.858;drive=9.830;folds=4;alias_percent=65.247;bits=5;hard_sync_percent=45.344;sample_hold_frames=2,5,0.9849248,-15.103381,-16.499115,14.999115,-1.5,-1.5000007,wav/10_handpan_strikes__46_hail_thunder.wav,2,288000,6.0,1727999,35.99997916666667,0.6293833,0.09745257,-20.224134,-1.5310602e-9,0,0,0.570145,-20.192036,1.6922072e-9,0.6293833,-20.25647,-4.7543276e-9,0.13658173,-17.292149
10-47,long_additive_synth,handpan_strikes,marielle_protest,42b41cd9f35d11cf,b99f4919a8dffbad,10,10;1;5,187.479691;116.024269;143.606293,sparse-hashed-13edo-gradual-drones-v14,long,68a22860f5873bab,8.674668;9.152260;7.525526,4.164155;4.648212;3.196043,breathing_drone;soft_drone;broad_swell,inharmonic_fm,detune_cents=43.517;feedback=0.424;crossfeedback_percent=8.000;index=7.599->3.000;clean_percent=45.000;raw_fm_percent=40.000;parallel_ruin_percent=15.000;phase_drift_radians=0.080;drive=3.053;folds=2,4,0.9753216,-12.902116,-12.593675,11.093675,-1.5,-1.5,wav/10_handpan_strikes__47_marielle_protest.wav,2,288000,6.0,1727999,35.99997916666667,0.58426404,0.097861454,-20.187767,-2.6807156e-9,0,0,0.5780895,-20.184078,-2.3473161e-9,0.58426404,-20.19146,-3.0141154e-9,0.13672148,-17.283266
10-48,long_additive_synth,handpan_strikes,hair_salon_tools,42b41cd9f35d11cf,91febc7e6d506cc8,5,5;9;0,143.606293;177.745285;110.000000,sparse-hashed-13edo-gradual-drones-v14,long,6e7057ddbc0efe60,8.453725;8.954855;9.404096,3.957606;4.441662;4.925718,breathing_drone;soft_drone;broad_swell,saturated_saw_cluster,detune_cents=78.964;drift_cents=21.920;drive=9.333;folds=3;alias_percent=62.240;bits=5;hard_sync_percent=51.045;sample_hold_frames=2,6,0.9648441,-11.296309,-12.466274,10.966274,-1.5,-1.5,wav/10_handpan_strikes__48_hair_salon_tools.wav,2,288000,6.0,1727999,35.99997916666667,0.6603705,0.09786,-20.187895,4.777229e-10,0,0,0.6603705,-20.196629,5.5863486e-10,0.6337503,-20.179178,3.9681097e-10,0.13724951,-17.249783
11-25,long_additive_synth,madrid_street_accordion,thunder_mountain,698da8fc7a8264fe,4e2a8e922a968e95,5,5;9;0,143.606293;177.745285;110.000000,sparse-hashed-13edo-gradual-drones-v14,long,cf0c1ad04a885a2a,10.199396;9.828641;10.857635,5.915610;5.431554;6.883723,broad_swell;soft_drone;breathing_drone,inharmonic_fm,detune_cents=44.330;feedback=0.359;crossfeedback_percent=8.000;index=7.326->3.330;clean_percent=45.000;raw_fm_percent=40.000;parallel_ruin_percent=15.000;phase_drift_radians=0.080;drive=2.486;folds=3,3,0.9714742,-12.230898,-9.762708,8.262708,-1.5,-1.5,wav/11_madrid_street_accordion__25_thunder_mountain.wav,2,288000,6.0,1727999,35.99997916666667,0.6213326,0.09724783,-20.242403,3.5918992e-9,0,0,0.5980439,-20.250458,1.33471945e-8,0.6213326,-20.23436,-6.163396e-9,0.13804033,-17.19988
11-26,long_additive_synth,madrid_street_accordion,inside_car_wash,698da8fc7a8264fe,903a06c594b2e6cb,7,7;11;2,159.766510;197.747208;122.378456,sparse-hashed-13edo-gradual-drones-v14,long,541d32d1f6285a5e,7.263499;7.911348;10.290346,3.008914;3.492970;6.040802,breathing_drone;broad_swell;broad_swell,inharmonic_fm,detune_cents=39.927;feedback=0.459;crossfeedback_percent=8.000;index=8.778->3.696;clean_percent=45.000;raw_fm_percent=40.000;parallel_ruin_percent=15.000;phase_drift_radians=0.080;drive=2.653;folds=2,4,0.96606696,-11.454864,-6.613386,5.113386,-1.5,-1.5000007,wav/11_madrid_street_accordion__26_inside_car_wash.wav,2,288000,6.0,1727999,35.99997916666667,0.7076259,0.09648009,-20.311245,-1.914037e-8,0,0,0.6567489,-20.345201,-5.264067e-9,0.7076259,-20.277555,-3.3016672e-8,0.1337917,-17.471416
11-27,long_additive_synth,madrid_street_accordion,peru_new_year_fireworks,698da8fc7a8264fe,83317dd5c74822ca,2,2;6;10,122.378456;151.471039;187.479691,sparse-hashed-13edo-gradual-drones-v14,long,ff102882d2a5db8f,7.941285;8.501288;8.997260,3.517131;4.001187;4.485243,late_bloom;soft_drone;broad_swell,modal_noise_resonator,detune_cents=46.756;mode_disorder_percent=5.500;resonated_noise_percent=10.055;clean_percent=60.000;parallel_ruin_percent=29.945;drive=4.430;folds=1,6,0.9497958,-9.671462,-4.6301804,3.1301804,-1.5,-1.5000007,wav/11_madrid_street_accordion__27_peru_new_year_fireworks.wav,2,288000,6.0,1727999,35.99997916666667,0.55562645,0.09812636,-20.164288,1.6519189e-10,0,0,0.55562645,-20.18571,-8.378311e-10,0.52116567,-20.142965,1.1682149e-9,0.14097798,-17.016975
11-28,long_additive_synth,madrid_street_accordion,efteling_steam_train,698da8fc7a8264fe,9a412959184abdf9,2,2;6;10,122.378456;151.471039;187.479691,sparse-hashed-13edo-gradual-drones-v14,long,76d9b360e93832f8,8.579299;8.029923;7.400848,4.073708;3.589651;3.105595,broad_swell;soft_drone;breathing_drone,modal_noise_resonator,detune_cents=47.336;mode_disorder_percent=3.292;resonated_noise_percent=10.986;clean_percent=60.000;parallel_ruin_percent=29.014;drive=4.981;folds=2,5,0.96596223,-11.454524,-11.344545,9.844545,-1.5,-1.5000007,wav/11_madrid_street_accordion__28_efteling_steam_train.wav,2,288000,6.0,1727999,35.99997916666667,0.601124,0.09799773,-20.175678,-4.842634e-9,0,0,0.5619123,-20.181787,-6.2015e-10,0.601124,-20.16958,-9.0651175e-9,0.14188382,-16.961342
11-29,long_additive_synth,madrid_street_accordion,helicopter_takeoff,698da8fc7a8264fe,4534148b4903c233,8,8;12;3,168.516296;208.577057;129.080658,sparse-hashed-13edo-gradual-drones-v14,long,04e7ce98334ef556,8.292401;7.702847;10.833249,3.813293;3.329237;6.845181,late_bloom;broad_swell;soft_drone,modal_noise_resonator,detune_cents=51.418;mode_disorder_percent=3.627;resonated_noise_percent=14.113;clean_percent=60.000;parallel_ruin_percent=25.887;drive=4.930;folds=2,5,0.9522434,-9.880172,-5.8913174,4.3913174,-1.5,-1.4999995,wav/11_madrid_street_accordion__29_helicopter_takeoff.wav,2,288000,6.0,1727999,35.99997916666667,0.58384174,0.09821596,-20.15636,2.2132362e-8,0,0,0.58384174,-20.17458,7.820688e-9,0.44908634,-20.138214,3.6444035e-8,0.14225234,-16.938812
11-30,long_additive_synth,madrid_street_accordion,scuba_bubbles,698da8fc7a8264fe,d2eaf6d35c117589,6,6;10;1,151.471039;187.479691;116.024269,sparse-hashed-13edo-gradual-drones-v14,long,a2f92b937892dde9,9.314118;8.854958;10.108307,4.824717;4.340661;5.792830,breathing_drone;late_bloom;broad_swell,modal_noise_resonator,detune_cents=46.387;mode_disorder_percent=3.917;resonated_noise_percent=14.873;clean_percent=60.000;parallel_ruin_percent=25.127;drive=3.862;folds=2,3,0.96698207,-11.57908,-2.1749883,0.67498827,-1.5,-1.5,wav/11_madrid_street_accordion__30_scuba_bubbles.wav,2,288000,6.0,1727999,35.99997916666667,0.5939601,0.09770384,-20.201767,2.0717188e-9,0,0,0.51161945,-20.16764,3.604308e-9,0.5939601,-20.236164,5.391295e-10,0.1388095,-17.151615
11-31,long_additive_synth,madrid_street_accordion,building_demolition,698da8fc7a8264fe,d502a0866ac3b927,6,6;10;1,151.471039;187.479691;116.024269,sparse-hashed-13edo-gradual-drones-v14,long,c43ceb68f18593d0,10.483062;10.803820;7.642120,6.314896;6.798952;3.283008,breathing_drone;soft_drone;broad_swell,modal_noise_resonator,detune_cents=38.059;mode_disorder_percent=3.562;resonated_noise_percent=13.234;clean_percent=60.000;parallel_ruin_percent=26.766;drive=4.681;folds=1,6,0.9503183,-9.706433,-5.742851,4.242851,-1.5,-1.4999995,wav/11_madrid_street_accordion__31_building_demolition.wav,2,288000,6.0,1727999,35.99997916666667,0.5972245,0.09814625,-20.162525,-2.4743345e-9,0,0,0.4952061,-20.151237,-3.993998e-9,0.5972245,-20.173843,-9.546712e-10,0.14021853,-17.063892
11-32,long_additive_synth,madrid_street_accordion,finnish_blacksmith,698da8fc7a8264fe,8828c2d1c0ff4488,9,9;0;4,177.745285;110.000000;136.149902,sparse-hashed-13edo-gradual-drones-v14,long,5bbdcdb333ae7b7a,9.142166;9.573352;8.125242,4.637421;5.121477;3.669308,broad_swell;late_bloom;breathing_drone,inharmonic_fm,detune_cents=34.915;feedback=0.358;crossfeedback_percent=8.000;index=7.818->3.862;clean_percent=45.000;raw_fm_percent=40.000;parallel_ruin_percent=15.000;phase_drift_radians=0.080;drive=2.750;folds=2,4,0.98156744,-14.213392,-8.881079,7.3810787,-1.5,-1.4999987,wav/11_madrid_street_accordion__32_finnish_blacksmith.wav,2,288000,6.0,1727999,35.99997916666667,0.5815488,0.09813596,-20.163437,5.22053e-9,0,0,0.5748976,-20.164192,9.2267305e-9,0.5815488,-20.16268,1.214329e-9,0.13973518,-17.093885
11-33,long_additive_synth,madrid_street_accordion,cattle_auction,698da8fc7a8264fe,63aeff78df8557af,11,11;2;6,197.747208;122.378456;151.471039,sparse-hashed-13edo-gradual-drones-v14,long,080ede17f687e255,8.841272;8.326043;9.718154,4.327003;3.842946;5.295115,breathing_drone;broad_swell;broad_swell,inharmonic_fm,detune_cents=29.912;feedback=0.542;crossfeedback_percent=8.000;index=8.889->2.733;clean_percent=45.000;raw_fm_percent=40.000;parallel_ruin_percent=15.000;phase_drift_radians=0.080;drive=3.042;folds=3,3,0.96259046,-11.037268,-12.72061,11.22061,-1.5,-1.5000007,wav/11_madrid_street_accordion__33_cattle_auction.wav,2,288000,6.0,1727999,35.99997916666667,0.6067317,0.097719885,-20.20034,-1.5496122e-9,0,0,0.6067317,-20.233498,2.54428e-9,0.5131667,-20.167435,-5.6435043e-9,0.14248224,-16.924786
11-34,long_additive_synth,madrid_street_accordion,ferry_alarm,698da8fc7a8264fe,63fa0671c3c8b3fd,10,10;1;5,187.479691;116.024269;143.606293,sparse-hashed-13edo-gradual-drones-v14,long,b32f916644f2b24d,10.330397;10.662203;7.343534,6.096767;6.580824;3.064880,soft_drone;broad_swell;late_bloom,saturated_saw_cluster,detune_cents=57.177;drift_cents=21.304;drive=9.214;folds=3;alias_percent=73.542;bits=6;hard_sync_percent=64.532;sample_hold_frames=4,6,0.95646435,-10.306127,-9.863411,8.363411,-1.5,-1.5000007,wav/11_madrid_street_accordion__34_ferry_alarm.wav,2,288000,6.0,1727999,35.99997916666667,0.5499334,0.09827312,-20.151306,8.582104e-10,0,0,0.5266485,-20.144161,1.612074e-9,0.5499334,-20.15846,1.043468e-10,0.14075705,-17.030598
11-35,long_additive_synth,madrid_street_accordion,flooded_mine,698da8fc7a8264fe,5ef5719090cb3c3e,8,8;12;3,168.516296;208.577057;129.080658,sparse-hashed-13edo-gradual-drones-v14,long,2458aa693d163aaf,8.101433;7.483399;10.727902,3.649247;3.165191;6.681135,broad_swell;soft_drone;breathing_drone,saturated_saw_cluster,detune_cents=79.830;drift_cents=19.216;drive=7.866;folds=4;alias_percent=62.758;bits=7;hard_sync_percent=63.336;sample_hold_frames=3,5,0.94005406,-8.7934675,-9.589975,8.089975,-1.5,-1.4999987,wav/11_madrid_street_accordion__35_flooded_mine.wav,2,288000,6.0,1727999,35.99997916666667,0.57595193,0.09797407,-20.177776,-1.1727991e-10,0,0,0.5265206,-20.165123,4.983231e-10,0.57595193,-20.190468,-7.328829e-10,0.13880198,-17.152086
11-36,long_additive_synth,madrid_street_accordion,cappuccino_process,698da8fc7a8264fe,c9cb796a64de33e2,0,0;4;8,110.000000;136.149902;168.516296,sparse-hashed-13edo-gradual-drones-v14,long,f0c8b63b24c97b29,9.579460;9.971149;8.670931,5.128685;5.612741;4.160572,late_bloom;breathing_drone;soft_drone,saturated_saw_cluster,detune_cents=70.587;drift_cents=16.081;drive=9.431;folds=3;alias_percent=78.377;bits=6;hard_sync_percent=46.295;sample_hold_frames=4,4,0.9969738,-22.161001,-22.669846,21.169846,-1.5,-1.5,wav/11_madrid_street_accordion__36_cappuccino_process.wav,2,288000,6.0,1727999,35.99997916666667,0.66471976,0.09770765,-20.201427,-1.5391873e-9,0,0,0.5545328,-20.170452,3.1757386e-9,0.66471976,-20.232628,-6.2541132e-9,0.13858871,-17.165443
11-37,long_additive_synth,madrid_street_accordion,tennis_match,698da8fc7a8264fe,09cb934e68f8f084,3,3;7;11,129.080658;159.766510;197.747208,sparse-hashed-13edo-gradual-drones-v14,long,40140d319620c92b,8.998917;9.443848;7.943398,4.486955;4.971011;3.518842,late_bloom;breathing_drone;soft_drone,inharmonic_fm,detune_cents=47.045;feedback=0.458;crossfeedback_percent=8.000;index=8.716->3.357;clean_percent=45.000;raw_fm_percent=40.000;parallel_ruin_percent=15.000;phase_drift_radians=0.080;drive=2.910;folds=2,4,0.9581297,-10.494455,-8.337101,6.837101,-1.5,-1.4999995,wav/11_madrid_street_accordion__37_tennis_match.wav,2,288000,6.0,1727999,35.99997916666667,0.66230595,0.097761095,-20.196678,-6.259852e-10,0,0,0.5519325,-20.171165,-2.8340033e-9,0.66230595,-20.222343,1.5820328e-9,0.13790938,-17.208122
11-38,long_additive_synth,madrid_street_accordion,chainsaw_cycle,698da8fc7a8264fe,5c7feb9d452f2bef,7,7;11;2,159.766510;197.747208;122.378456,sparse-hashed-13edo-gradual-drones-v14,long,a0800b01c927ec47,10.172080;9.798883;9.390574,5.878520;5.394464;4.910407,broad_swell;breathing_drone;late_bloom,saturated_saw_cluster,detune_cents=68.409;drift_cents=18.661;drive=7.728;folds=4;alias_percent=73.405;bits=7;hard_sync_percent=50.602;sample_hold_frames=4,5,0.9365568,-8.505766,-9.190704,7.6907043,-1.5,-1.5,wav/11_madrid_street_accordion__38_chainsaw_cycle.wav,2,288000,6.0,1727999,35.99997916666667,0.66469073,0.09723483,-20.243565,-4.9183893e-9,0,0,0.6558443,-20.227024,-6.3252052e-9,0.66469073,-20.260164,-3.511573e-9,0.13836293,-17.179605
11-39,long_additive_synth,madrid_street_accordion,near_foghorn,698da8fc7a8264fe,1d6af12c6225ab62,8,8;12;3,168.516296;208.577057;129.080658,sparse-hashed-13edo-gradual-drones-v14,long,501d08d923fc9826,10.906008;10.592985;10.255636,6.960827;6.476771;5.992715,broad_swell;soft_drone;breathing_drone,inharmonic_fm,detune_cents=36.337;feedback=0.450;crossfeedback_percent=8.000;index=7.226->2.520;clean_percent=45.000;raw_fm_percent=40.000;parallel_ruin_percent=15.000;phase_drift_radians=0.080;drive=2.335;folds=3,5,0.9636256,-11.128419,-16.374151,14.874151,-1.5,-1.5,wav/11_madrid_street_accordion__39_near_foghorn.wav,2,288000,6.0,1727999,35.99997916666667,0.65273553,0.09730995,-20.236855,-2.6866276e-9,0,0,0.65273553,-20.225288,-1.174848e-8,0.6125898,-20.248453,6.3752252e-9,0.13905968,-17.135975
11-40,long_additive_synth,madrid_street_accordion,barcelona_gate_pa,698da8fc7a8264fe,e28efd5cee017776,6,6;10;1,151.471039;187.479691;116.024269,sparse-hashed-13edo-gradual-drones-v14,long,5f266bb0d730d000,9.097254;8.613225;8.068403,4.589712;4.105656;3.621599,late_bloom;broad_swell;soft_drone,inharmonic_fm,detune_cents=42.265;feedback=0.483;crossfeedback_percent=8.000;index=7.463->2.965;clean_percent=45.000;raw_fm_percent=40.000;parallel_ruin_percent=15.000;phase_drift_radians=0.080;drive=2.460;folds=3,5,0.97486925,-12.815126,-12.651102,11.151102,-1.5,-1.5000012,wav/11_madrid_street_accordion__40_barcelona_gate_pa.wav,2,288000,6.0,1727999,35.99997916666667,0.58302236,0.09804843,-20.171186,-4.8856874e-9,0,0,0.47471175,-20.153463,3.9482548e-10,0.58302236,-20.188984,-1.01662e-8,0.14137661,-16.992449
11-41,long_additive_synth,madrid_street_accordion,delhi_subway_cycle,698da8fc7a8264fe,3187a582eafedd91,2,2;6;10,122.378456;151.471039;187.479691,sparse-hashed-13edo-gradual-drones-v14,long,173d0f5ee84e81f7,8.788428;8.266499;9.675021,4.274673;3.790617;5.242785,late_bloom;broad_swell;soft_drone,inharmonic_fm,detune_cents=44.052;feedback=0.426;crossfeedback_percent=8.000;index=6.922->3.759;clean_percent=45.000;raw_fm_percent=40.000;parallel_ruin_percent=15.000;phase_drift_radians=0.080;drive=3.042;folds=3,3,0.962828,-11.051437,-7.485702,5.985702,-1.5,-1.4999995,wav/11_madrid_street_accordion__41_delhi_subway_cycle.wav,2,288000,6.0,1727999,35.99997916666667,0.62678045,0.09759161,-20.211752,4.4610338e-10,0,0,0.53483576,-20.202576,-3.491755e-10,0.62678045,-20.220947,1.2413822e-9,0.13744512,-17.237413
11-42,long_additive_synth,madrid_street_accordion,hockey_goal,698da8fc7a8264fe,7338d14d9c7d0103,3,3;7;11,129.080658;159.766510;197.747208,sparse-hashed-13edo-gradual-drones-v14,long,eed8959cdefd88aa,10.714925;7.455961;10.032878,6.661201;3.145257;5.693088,soft_drone;broad_swell;late_bloom,inharmonic_fm,detune_cents=35.195;feedback=0.458;crossfeedback_percent=8.000;index=8.203->2.794;clean_percent=45.000;raw_fm_percent=40.000;parallel_ruin_percent=15.000;phase_drift_radians=0.080;drive=3.014;folds=2,4,0.9765331,-13.13207,-8.081415,6.581415,-1.5,-1.5000012,wav/11_madrid_street_accordion__42_hockey_goal.wav,2,288000,6.0,1727999,35.99997916666667,0.5450726,0.09826217,-20.152273,2.8366753e-10,0,0,0.5171206,-20.162766,2.3714106e-9,0.5450726,-20.141808,-1.8040756e-9,0.14147682,-16.986294
11-43,long_additive_synth,madrid_street_accordion,ambulance_siren,698da8fc7a8264fe,f8af2f1a4cb0c701,1,1;5;9,116.024269;143.606293;177.745285,sparse-hashed-13edo-gradual-drones-v14,long,a32a368b3a8caf83,7.313382;7.954354;8.512778,3.043674;3.527730;4.011787,breathing_drone;soft_drone;broad_swell,inharmonic_fm,detune_cents=31.708;feedback=0.404;crossfeedback_percent=8.000;index=7.943->2.563;clean_percent=45.000;raw_fm_percent=40.000;parallel_ruin_percent=15.000;phase_drift_radians=0.080;drive=2.881;folds=2,6,0.9456798,-9.277412,-7.0166845,5.5166845,-1.5,-1.4999995,wav/11_madrid_street_accordion__43_ambulance_siren.wav,2,288000,6.0,1727999,35.99997916666667,0.5746261,0.09775497,-20.197222,-4.604406e-9,0,0,0.5332027,-20.157633,-5.5853006e-10,0.5746261,-20.237179,-8.650282e-9,0.14024693,-17.062132
11-44,long_additive_synth,madrid_street_accordion,woodshop_process,698da8fc7a8264fe,8e1e1d890ae5881a,4,4;8;12,136.149902;168.516296;208.577057,sparse-hashed-13edo-gradual-drones-v14,long,d1aa2897d7a6215d,10.650334;10.317585;9.957209,6.562865;6.078809;5.594752,breathing_drone;late_bloom;soft_drone,modal_noise_resonator,detune_cents=38.751;mode_disorder_percent=4.146;resonated_noise_percent=16.098;clean_percent=60.000;parallel_ruin_percent=23.902;drive=3.995;folds=2,5,0.9557022,-10.231421,-6.916089,5.416089,-1.5,-1.5,wav/11_madrid_street_accordion__44_woodshop_process.wav,2,288000,6.0,1727999,35.99997916666667,0.64568126,0.096858524,-20.277243,-3.3925374e-10,0,0,0.60667413,-20.26136,1.208744e-9,0.64568126,-20.293186,-1.8872515e-9,0.13649389,-17.297735
11-45,long_additive_synth,madrid_street_accordion,tractor_turning_hay,698da8fc7a8264fe,241aba059f6c939a,3,3;7;11,129.080658;159.766510;197.747208,sparse-hashed-13edo-gradual-drones-v14,long,58aa811dbdfb53ef,7.407741;8.035888;8.584555,3.110528;3.594584;4.078641,late_bloom;breathing_drone;soft_drone,inharmonic_fm,detune_cents=47.688;feedback=0.543;crossfeedback_percent=8.000;index=6.597->3.583;clean_percent=45.000;raw_fm_percent=40.000;parallel_ruin_percent=15.000;phase_drift_radians=0.080;drive=2.624;folds=2,6,0.9473556,-9.4249525,-13.9954605,12.4954605,-1.5,-1.4999995,wav/11_madrid_street_accordion__45_tractor_turning_hay.wav,2,288000,6.0,1727999,35.99997916666667,0.50179845,0.09826003,-20.152462,-2.7929605e-9,0,0,0.50179845,-20.162888,-5.0770554e-10,0.45372292,-20.14206,-5.0782156e-9,0.13668706,-17.285452
11-46,long_additive_synth,madrid_street_accordion,hail_thunder,698da8fc7a8264fe,8ca435fa8014940b,1,1;5;9,116.024269;143.606293;177.745285,sparse-hashed-13edo-gradual-drones-v14,long,6ed39eab92bb5a85,9.093753;9.529540;9.925558,4.586014;5.070070;5.554127,breathing_drone;soft_drone;broad_swell,inharmonic_fm,detune_cents=30.240;feedback=0.414;crossfeedback_percent=8.000;index=8.898->3.301;clean_percent=45.000;raw_fm_percent=40.000;parallel_ruin_percent=15.000;phase_drift_radians=0.080;drive=2.847;folds=2,6,0.9288491,-7.97297,-9.668535,8.168535,-1.5,-1.4999995,wav/11_madrid_street_accordion__46_hail_thunder.wav,2,288000,6.0,1727999,35.99997916666667,0.6259229,0.0971214,-20.2537,4.744307e-9,0,0,0.61875457,-20.247574,4.6151896e-9,0.6259229,-20.259836,4.873425e-9,0.13722365,-17.251421
11-47,long_additive_synth,madrid_street_accordion,marielle_protest,698da8fc7a8264fe,b99f4919a8dffbad,1,1;5;9,116.024269;143.606293;177.745285,sparse-hashed-13edo-gradual-drones-v14,long,ad2707ce2632d423,9.335591;9.748861;8.368298,4.848631;5.332687;3.880518,breathing_drone;soft_drone;broad_swell,inharmonic_fm,detune_cents=37.590;feedback=0.350;crossfeedback_percent=8.000;index=6.470->3.627;clean_percent=45.000;raw_fm_percent=40.000;parallel_ruin_percent=15.000;phase_drift_radians=0.080;drive=2.879;folds=2,4,0.9798689,-13.819264,-5.644291,4.144291,-1.5,-1.5,wav/11_madrid_street_accordion__47_marielle_protest.wav,2,288000,6.0,1727999,35.99997916666667,0.58282703,0.097984,-20.176897,1.5318624e-10,0,0,0.58282703,-20.172575,2.0837194e-9,0.5550047,-20.181221,-1.7773469e-9,0.14021191,-17.064302
11-48,long_additive_synth,madrid_street_accordion,hair_salon_tools,698da8fc7a8264fe,91febc7e6d506cc8,1,1;5;9,116.024269;143.606293;177.745285,sparse-hashed-13edo-gradual-drones-v14,long,b81babbe0dc51e78,7.388047;8.018851;10.352831,3.096455;3.580511;6.128343,soft_drone;broad_swell;late_bloom,modal_noise_resonator,detune_cents=39.116;mode_disorder_percent=3.488;resonated_noise_percent=15.484;clean_percent=60.000;parallel_ruin_percent=24.516;drive=4.931;folds=1,4,0.9678951,-11.709908,-3.6963062,2.1963062,-1.5,-1.5,wav/11_madrid_street_accordion__48_hair_salon_tools.wav,2,288000,6.0,1727999,35.99997916666667,0.54183996,0.0980514,-20.170925,2.4794642e-9,0,0,0.54183996,-20.158855,4.3537223e-9,0.5401703,-20.183025,6.052063e-10,0.13940156,-17.114647
12-25,long_additive_synth,blues_harmonica,thunder_mountain,6f54f04b4a6b8177,4e2a8e922a968e95,1,1;5;9,116.024269;143.606293;177.745285,sparse-hashed-13edo-gradual-drones-v14,long,28d975ea38ba33f2,10.466125;10.118366;7.609484,6.290317;5.806261;3.258429,late_bloom;broad_swell;soft_drone,saturated_saw_cluster,detune_cents=74.914;drift_cents=12.692;drive=7.516;folds=4;alias_percent=73.871;bits=7;hard_sync_percent=50.425;sample_hold_frames=3,3,0.9738142,-12.625891,-11.4721775,9.9721775,-1.5,-1.4999995,wav/12_blues_harmonica__25_thunder_mountain.wav,2,288000,6.0,1727999,35.99997916666667,0.6697493,0.09637444,-20.320763,1.4456374e-9,0,0,0.6697493,-20.340822,1.901806e-9,0.6641967,-20.300797,9.894688e-10,0.13366273,-17.479794
12-26,long_additive_synth,blues_harmonica,inside_car_wash,6f54f04b4a6b8177,903a06c594b2e6cb,10,10;1;5,187.479691;116.024269;143.606293,sparse-hashed-13edo-gradual-drones-v14,long,e9986c44bdbe5c26,7.720076;8.307448;10.523766,3.342470;3.826527;6.374358,breathing_drone;soft_drone;broad_swell,modal_noise_resonator,detune_cents=38.218;mode_disorder_percent=4.358;resonated_noise_percent=10.524;clean_percent=60.000;parallel_ruin_percent=29.476;drive=3.856;folds=1,4,0.9672694,-11.619767,-18.047552,16.547552,-1.5,-1.5000007,wav/12_blues_harmonica__26_inside_car_wash.wav,2,288000,6.0,1727999,35.99997916666667,0.55330604,0.09820016,-20.157757,-1.2792628e-10,0,0,0.5079769,-20.148008,-3.9721818e-10,0.55330604,-20.167526,1.413656e-10,0.14008783,-17.071993
12-27,long_additive_synth,blues_harmonica,peru_new_year_fireworks,6f54f04b4a6b8177,83317dd5c74822ca,1,1;5;9,116.024269;143.606293;177.745285,sparse-hashed-13edo-gradual-drones-v14,long,943f1868c6fafea7,9.308126;9.723897;10.103317,4.818065;5.302121;5.786178,broad_swell;late_bloom;breathing_drone,modal_noise_resonator,detune_cents=52.930;mode_disorder_percent=3.297;resonated_noise_percent=11.809;clean_percent=60.000;parallel_ruin_percent=28.191;drive=4.045;folds=1,6,0.9502348,-9.676602,-21.421516,19.921516,-1.5,-1.4999995,wav/12_blues_harmonica__27_peru_new_year_fireworks.wav,2,288000,6.0,1727999,35.99997916666667,0.52884096,0.09829538,-20.149338,1.1604022e-9,0,0,0.51351786,-20.15214,1.0858457e-9,0.52884096,-20.14654,1.2349586e-9,0.13956876,-17.104237
12-28,long_additive_synth,blues_harmonica,efteling_steam_train,6f54f04b4a6b8177,9a412959184abdf9,11,11;2;6,197.747208;122.378456;151.471039,sparse-hashed-13edo-gradual-drones-v14,long,4d3ecfac4e5d1700,10.317101;10.649887;7.317048,6.078132;6.562188;3.046245,broad_swell;late_bloom;breathing_drone,modal_noise_resonator,detune_cents=49.923;mode_disorder_percent=4.768;resonated_noise_percent=10.788;clean_percent=60.000;parallel_ruin_percent=29.212;drive=4.948;folds=1,6,0.92493606,-7.7332144,-9.463003,7.963003,-1.5,-1.5000007,wav/12_blues_harmonica__28_efteling_steam_train.wav,2,288000,6.0,1727999,35.99997916666667,0.52549416,0.098297216,-20.149176,-5.8647687e-10,0,0,0.52549416,-20.151543,3.632879e-10,0.50947845,-20.146809,-1.5362417e-9,0.13832042,-17.182274
12-29,long_additive_synth,blues_harmonica,helicopter_takeoff,6f54f04b4a6b8177,4534148b4903c233,2,2;6;10,122.378456;151.471039;187.479691,sparse-hashed-13edo-gradual-drones-v14,long,7e9a11c934edff2e,10.685599;7.393617;9.998548,6.616372;3.100428;5.648260,soft_drone;broad_swell;late_bloom,modal_noise_resonator,detune_cents=50.966;mode_disorder_percent=5.368;resonated_noise_percent=16.644;clean_percent=60.000;parallel_ruin_percent=23.356;drive=4.575;folds=1,4,0.96163607,-10.880984,-21.546469,20.046469,-1.5,-1.5000019,wav/12_blues_harmonica__29_helicopter_takeoff.wav,2,288000,6.0,1727999,35.99997916666667,0.698253,0.09747143,-20.222454,4.4477774e-10,0,0,0.64199936,-20.187244,1.5314247e-12,0.698253,-20.25795,8.8802404e-10,0.1350895,-17.387568
12-30,long_additive_synth,blues_harmonica,scuba_bubbles,6f54f04b4a6b8177,d2eaf6d35c117589,3,3;7;11,129.080658;159.766510;197.747208,sparse-hashed-13edo-gradual-drones-v14,long,0a50c1bbba012031,8.366570;8.877284;10.874723,3.878975;4.363032;6.910863,breathing_drone;soft_drone;soft_drone,saturated_saw_cluster,detune_cents=62.289;drift_cents=20.171;drive=9.980;folds=3;alias_percent=64.097;bits=5;hard_sync_percent=57.116;sample_hold_frames=3,4,0.9593602,-10.621826,-1.3862553,0.0,-1.5,-1.3862553,wav/12_blues_harmonica__30_scuba_bubbles.wav,2,288000,6.0,1727999,35.99997916666667,0.578003,0.09821098,-20.1568,8.4054763e-10,0,0,0.5416321,-20.143187,1.1741297e-9,0.578003,-20.170452,5.069655e-10,0.13797429,-17.204037
12-31,long_additive_synth,blues_harmonica,building_demolition,6f54f04b4a6b8177,d502a0866ac3b927,4,4;8;12,136.149902;168.516296;208.577057,sparse-hashed-13edo-gradual-drones-v14,long,8dd019b0385108e8,7.277828;10.631725;8.485831,3.018859;6.534803;3.986971,soft_drone;breathing_drone;late_bloom,saturated_saw_cluster,detune_cents=74.774;drift_cents=13.295;drive=7.470;folds=4;alias_percent=69.315;bits=5;hard_sync_percent=51.141;sample_hold_frames=3,3,0.9717398,-12.298441,-12.09309,10.59309,-1.5,-1.5,wav/12_blues_harmonica__31_building_demolition.wav,2,288000,6.0,1727999,35.99997916666667,0.5137371,0.098383255,-20.141575,-3.963277e-10,0,0,0.5137371,-20.147804,-4.576871e-11,0.49801183,-20.135355,-7.4688666e-10,0.1405567,-17.042969
12-32,long_additive_synth,blues_harmonica,finnish_blacksmith,6f54f04b4a6b8177,8828c2d1c0ff4488,11,11;2;6,197.747208;122.378456;151.471039,sparse-hashed-13edo-gradual-drones-v14,long,616db547eaea9832,9.531106;9.926987;8.611247,5.071899;5.555955;4.103786,breathing_drone;soft_drone;broad_swell,inharmonic_fm,detune_cents=46.893;feedback=0.424;crossfeedback_percent=8.000;index=8.471->2.816;clean_percent=45.000;raw_fm_percent=40.000;parallel_ruin_percent=15.000;phase_drift_radians=0.080;drive=2.337;folds=2,4,0.9810008,-14.077833,-9.611188,8.111188,-1.5,-1.5,wav/12_blues_harmonica__32_finnish_blacksmith.wav,2,288000,6.0,1727999,35.99997916666667,0.5709725,0.09817462,-20.160015,1.8286118e-9,0,0,0.5305155,-20.157347,1.3540322e-10,0.5709725,-20.162687,3.5218204e-9,0.1391362,-17.131197
12-33,long_additive_synth,blues_harmonica,cattle_auction,6f54f04b4a6b8177,63aeff78df8557af,8,8;12;3,168.516296;208.577057;129.080658,sparse-hashed-13edo-gradual-drones-v14,long,f0b1110796d353bd,8.939429;9.390188;7.867399,4.425913;4.909970;3.457801,soft_drone;broad_swell;late_bloom,modal_noise_resonator,detune_cents=45.596;mode_disorder_percent=3.456;resonated_noise_percent=12.501;clean_percent=60.000;parallel_ruin_percent=27.499;drive=4.040;folds=1,4,0.9560054,-10.233717,-13.562703,12.062703,-1.5,-1.4999995,wav/12_blues_harmonica__33_cattle_auction.wav,2,288000,6.0,1727999,35.99997916666667,0.5797676,0.0980756,-20.168781,-1.2515611e-9,0,0,0.5313776,-20.16624,-7.110925e-10,0.5797676,-20.171322,-1.7920296e-9,0.13776255,-17.217377
12-34,long_additive_synth,blues_harmonica,ferry_alarm,6f54f04b4a6b8177,63fa0671c3c8b3fd,7,7;11;2,159.766510;197.747208;122.378456,sparse-hashed-13edo-gradual-drones-v14,long,f2edb3a9838fda35,9.154266;9.584311;9.975584,4.650362;5.134418;5.618474,broad_swell;late_bloom;breathing_drone,saturated_saw_cluster,detune_cents=72.933;drift_cents=20.350;drive=7.498;folds=3;alias_percent=74.646;bits=7;hard_sync_percent=54.754;sample_hold_frames=2,6,0.9545607,-10.113037,-3.733141,2.233141,-1.5,-1.5,wav/12_blues_harmonica__34_ferry_alarm.wav,2,288000,6.0,1727999,35.99997916666667,0.5255413,0.09842093,-20.138248,1.1054968e-9,0,0,0.5255413,-20.147831,4.138849e-10,0.48481098,-20.12869,1.7971088e-9,0.1387708,-17.154037
12-35,long_additive_synth,blues_harmonica,flooded_mine,6f54f04b4a6b8177,5ef5719090cb3c3e,8,8;12;3,168.516296;208.577057;129.080658,sparse-hashed-13edo-gradual-drones-v14,long,df7ab1a24de00f97,8.452897;7.886191;10.923388,3.956851;3.472795;6.988739,late_bloom;broad_swell;soft_drone,saturated_saw_cluster,detune_cents=58.813;drift_cents=14.536;drive=7.781;folds=4;alias_percent=71.218;bits=7;hard_sync_percent=47.857;sample_hold_frames=4,5,0.9315946,-8.174099,-11.067219,9.567219,-1.5,-1.5,wav/12_blues_harmonica__35_flooded_mine.wav,2,288000,6.0,1727999,35.99997916666667,0.66675144,0.09765982,-20.20568,1.0334488e-9,0,0,0.6086934,-20.190018,1.5994758e-10,0.66675144,-20.221403,1.90695e-9,0.13637841,-17.305088
12-36,long_additive_synth,blues_harmonica,cappuccino_process,6f54f04b4a6b8177,c9cb796a64de33e2,5,5;9;0,143.606293;177.745285;110.000000,sparse-hashed-13edo-gradual-drones-v14,long,cde953844fb476e1,8.754639;8.228374;9.647490,4.241542;3.757486;5.209655,broad_swell;soft_drone;breathing_drone,saturated_saw_cluster,detune_cents=74.527;drift_cents=15.592;drive=9.764;folds=4;alias_percent=76.451;bits=6;hard_sync_percent=60.940;sample_hold_frames=4,3,0.9886105,-16.349855,-14.6694,13.1694,-1.5,-1.5,wav/12_blues_harmonica__36_cappuccino_process.wav,2,288000,6.0,1727999,35.99997916666667,0.63512665,0.09709094,-20.256426,-1.8156561e-9,0,0,0.63512665,-20.276485,-3.1979448e-9,0.619887,-20.236458,-4.333674e-10,0.13623357,-17.314318
12-37,long_additive_synth,blues_harmonica,tennis_match,6f54f04b4a6b8177,09cb934e68f8f084,0,0;4;8,110.000000;136.149902;168.516296,sparse-hashed-13edo-gradual-drones-v14,long,5eda94bc84966b03,10.834745;7.705924;10.172750,6.847541;3.331597;5.879428,soft_drone;broad_swell;late_bloom,saturated_saw_cluster,detune_cents=83.465;drift_cents=21.805;drive=9.143;folds=3;alias_percent=78.514;bits=7;hard_sync_percent=61.256;sample_hold_frames=4,4,0.95894855,-10.572294,-14.350152,12.850152,-1.5,-1.4999995,wav/12_blues_harmonica__37_tennis_match.wav,2,288000,6.0,1727999,35.99997916666667,0.6407126,0.09716929,-20.24942,-1.7567368e-9,0,0,0.6407126,-20.231693,-1.055574e-9,0.6272584,-20.26722,-2.4578997e-9,0.1385697,-17.166636
12-38,long_additive_synth,blues_harmonica,chainsaw_cycle,6f54f04b4a6b8177,5c7feb9d452f2bef,0,0;4;8,110.000000;136.149902;168.516296,sparse-hashed-13edo-gradual-drones-v14,long,dfff3a56b692bddf,8.548266;9.039192;9.480217,4.044703;4.528759;5.012815,broad_swell;late_bloom;breathing_drone,inharmonic_fm,detune_cents=37.885;feedback=0.383;crossfeedback_percent=8.000;index=7.001->3.771;clean_percent=45.000;raw_fm_percent=40.000;parallel_ruin_percent=15.000;phase_drift_radians=0.080;drive=2.969;folds=2,6,0.9396402,-8.774991,-7.588111,6.088111,-1.5,-1.5000012,wav/12_blues_harmonica__38_chainsaw_cycle.wav,2,288000,6.0,1727999,35.99997916666667,0.7175085,0.09675125,-20.286867,4.232224e-9,0,0,0.6940114,-20.255787,4.952354e-9,0.7175085,-20.318174,3.5120935e-9,0.13572644,-17.34671
12-39,long_additive_synth,blues_harmonica,near_foghorn,6f54f04b4a6b8177,1d6af12c6225ab62,4,4;8;12,136.149902;168.516296;208.577057,sparse-hashed-13edo-gradual-drones-v14,long,d9df9434f4fbf3de,9.874628;10.241637;9.031996,5.489373;5.973430;4.521261,breathing_drone;soft_drone;soft_drone,inharmonic_fm,detune_cents=28.734;feedback=0.485;crossfeedback_percent=8.000;index=7.292->3.544;clean_percent=45.000;raw_fm_percent=40.000;parallel_ruin_percent=15.000;phase_drift_radians=0.080;drive=2.485;folds=2,4,0.9442514,-9.150335,-10.275222,8.775222,-1.5,-1.5,wav/12_blues_harmonica__39_near_foghorn.wav,2,288000,6.0,1727999,35.99997916666667,0.5600463,0.09741593,-20.227402,-6.0894345e-10,0,0,0.5548619,-20.223358,-4.4308354e-10,0.5600463,-20.231447,-7.7480333e-10,0.13481112,-17.405487
12-40,long_additive_synth,blues_harmonica,barcelona_gate_pa,6f54f04b4a6b8177,e28efd5cee017776,1,1;5;9,116.024269;143.606293;177.745285,sparse-hashed-13edo-gradual-drones-v14,long,ee0f2a897ae13768,8.173027;8.705643;10.767154,3.709904;4.193960;6.741792,breathing_drone;soft_drone;broad_swell,modal_noise_resonator,detune_cents=40.716;mode_disorder_percent=5.222;resonated_noise_percent=16.583;clean_percent=60.000;parallel_ruin_percent=23.417;drive=4.899;folds=1,4,0.9730767,-12.516805,-21.46795,19.96795,-1.5,-1.5,wav/12_blues_harmonica__40_barcelona_gate_pa.wav,2,288000,6.0,1727999,35.99997916666667,0.55314225,0.09833029,-20.146254,-8.25167e-11,0,0,0.50846404,-20.131357,3.6496225e-10,0.55314225,-20.161201,-5.2999566e-10,0.14042869,-17.050882
12-41,long_additive_synth,blues_harmonica,delhi_subway_cycle,6f54f04b4a6b8177,3187a582eafedd91,11,11;2;6,197.747208;122.378456;151.471039,sparse-hashed-13edo-gradual-drones-v14,long,630f93d39793065f,9.121683;8.640526;8.099339,4.615602;4.131545;3.647489,broad_swell;soft_drone;breathing_drone,inharmonic_fm,detune_cents=41.147;feedback=0.496;crossfeedback_percent=8.000;index=8.275->2.972;clean_percent=45.000;raw_fm_percent=40.000;parallel_ruin_percent=15.000;phase_drift_radians=0.080;drive=2.548;folds=3,5,0.9520378,-9.858156,-12.524009,11.024009,-1.5,-1.4999995,wav/12_blues_harmonica__41_delhi_subway_cycle.wav,2,288000,6.0,1727999,35.99997916666667,0.59405416,0.09783215,-20.190369,-2.0179018e-9,0,0,0.5759535,-20.18361,-2.3541464e-9,0.59405416,-20.197136,-1.6816573e-9,0.13746911,-17.235897
12-42,long_additive_synth,blues_harmonica,hockey_goal,6f54f04b4a6b8177,7338d14d9c7d0103,3,3;7;11,129.080658;159.766510;197.747208,sparse-hashed-13edo-gradual-drones-v14,long,d471b98ab64e6ba2,10.025105;9.638472;9.214025,5.682905;5.198849;4.714792,late_bloom;broad_swell;soft_drone,modal_noise_resonator,detune_cents=50.035;mode_disorder_percent=5.197;resonated_noise_percent=15.593;clean_percent=60.000;parallel_ruin_percent=24.407;drive=4.636;folds=2,5,0.96753573,-11.662233,-26.851059,25.351059,-1.5,-1.5,wav/12_blues_harmonica__42_hockey_goal.wav,2,288000,6.0,1727999,35.99997916666667,0.6880203,0.0980526,-20.170818,-2.9502262e-11,0,0,0.6387647,-20.160227,-7.447562e-10,0.6880203,-20.181437,6.857517e-10,0.1378886,-17.209433
12-43,long_additive_synth,blues_harmonica,ambulance_siren,6f54f04b4a6b8177,f8af2f1a4cb0c701,4,4;8;12,136.149902;168.516296;208.577057,sparse-hashed-13edo-gradual-drones-v14,long,1bc71ceade895dab,8.902534;8.394960;7.820118,4.388473;3.904416;3.420360,broad_swell;soft_drone;breathing_drone,saturated_saw_cluster,detune_cents=58.712;drift_cents=16.633;drive=8.305;folds=4;alias_percent=67.329;bits=5;hard_sync_percent=52.892;sample_hold_frames=3,5,0.9565753,-10.325271,-16.569077,15.069077,-1.5,-1.4999975,wav/12_blues_harmonica__43_ambulance_siren.wav,2,288000,6.0,1727999,35.99997916666667,0.54678094,0.09802906,-20.172903,-5.7118654e-10,0,0,0.5456654,-20.180851,-1.1210337e-10,0.54678094,-20.16497,-1.0302698e-9,0.14030068,-17.058805
12-44,long_additive_synth,blues_harmonica,woodshop_process,6f54f04b4a6b8177,8e1e1d890ae5881a,0,0;4;8,110.000000;136.149902;168.516296,sparse-hashed-13edo-gradual-drones-v14,long,150cc7f6795bce85,8.161600;7.552696;10.760870,3.700156;3.216100;6.732044,breathing_drone;late_bloom;broad_swell,inharmonic_fm,detune_cents=33.932;feedback=0.448;crossfeedback_percent=8.000;index=6.862->3.285;clean_percent=45.000;raw_fm_percent=40.000;parallel_ruin_percent=15.000;phase_drift_radians=0.080;drive=3.056;folds=3,5,0.95112675,-9.771116,-18.37976,16.87976,-1.5,-1.5,wav/12_blues_harmonica__44_woodshop_process.wav,2,288000,6.0,1727999,35.99997916666667,0.66872716,0.09664361,-20.296537,-2.285751e-10,0,0,0.66872716,-20.307352,1.5850109e-9,0.65757895,-20.28575,-2.042161e-9,0.13933349,-17.11889
12-45,long_additive_synth,blues_harmonica,tractor_turning_hay,6f54f04b4a6b8177,241aba059f6c939a,11,11;2;6,197.747208;122.378456;151.471039,sparse-hashed-13edo-gradual-drones-v14,long,978a65f6c19a6787,8.180032;7.573894;9.185575,3.715893;3.231837;4.684006,soft_drone;breathing_drone;late_bloom,inharmonic_fm,detune_cents=46.854;feedback=0.403;crossfeedback_percent=8.000;index=7.487->3.763;clean_percent=45.000;raw_fm_percent=40.000;parallel_ruin_percent=15.000;phase_drift_radians=0.080;drive=2.682;folds=3,3,0.97313505,-12.530173,-12.519718,11.019718,-1.5,-1.5,wav/12_blues_harmonica__45_tractor_turning_hay.wav,2,288000,6.0,1727999,35.99997916666667,0.54910874,0.09758887,-20.211994,4.677401e-10,0,0,0.5431721,-20.20388,2.4146618e-10,0.54910874,-20.220123,6.9401407e-10,0.14035164,-17.055649
12-46,long_additive_synth,blues_harmonica,hail_thunder,6f54f04b4a6b8177,8ca435fa8014940b,7,7;11;2,159.766510;197.747208;122.378456,sparse-hashed-13edo-gradual-drones-v14,long,dae81c51a68ac3dd,9.515088;9.077773;8.591442,5.053226;4.569170;4.085114,breathing_drone;late_bloom;broad_swell,inharmonic_fm,detune_cents=35.079;feedback=0.548;crossfeedback_percent=8.000;index=6.614->3.314;clean_percent=45.000;raw_fm_percent=40.000;parallel_ruin_percent=15.000;phase_drift_radians=0.080;drive=2.399;folds=3,5,0.96207863,-10.951675,-7.7196317,6.2196317,-1.5,-1.5000007,wav/12_blues_harmonica__46_hail_thunder.wav,2,288000,6.0,1727999,35.99997916666667,0.6029081,0.09799798,-20.175657,1.077001e-9,0,0,0.6029081,-20.185295,1.0808375e-9,0.5540598,-20.166042,1.0731646e-9,0.13913915,-17.131014
12-47,long_additive_synth,blues_harmonica,marielle_protest,6f54f04b4a6b8177,b99f4919a8dffbad,4,4;8;12,136.149902;168.516296;208.577057,sparse-hashed-13edo-gradual-drones-v14,long,4329bfba4379aceb,9.103197;9.538081;8.075933,4.595996;5.080052;3.627883,broad_swell;late_bloom;late_bloom,inharmonic_fm,detune_cents=40.921;feedback=0.423;crossfeedback_percent=8.000;index=6.453->3.288;clean_percent=45.000;raw_fm_percent=40.000;parallel_ruin_percent=15.000;phase_drift_radians=0.080;drive=3.004;folds=2,4,0.9729579,-12.4956665,-18.317722,16.817722,-1.5,-1.5000007,wav/12_blues_harmonica__47_marielle_protest.wav,2,288000,6.0,1727999,35.99997916666667,0.5596873,0.09799599,-20.175835,6.5613126e-11,0,0,0.5596873,-20.18112,-7.5589646e-10,0.5414497,-20.170555,8.871227e-10,0.13616794,-17.318502
12-48,long_additive_synth,blues_harmonica,hair_salon_tools,6f54f04b4a6b8177,91febc7e6d506cc8,11,11;2;6,197.747208;122.378456;151.471039,sparse-hashed-13edo-gradual-drones-v14,long,ea1d30b7a9118aa0,10.523960;10.841818;9.808588,6.374645;6.858701;5.406532,late_bloom;breathing_drone;soft_drone,modal_noise_resonator,detune_cents=51.971;mode_disorder_percent=3.050;resonated_noise_percent=12.153;clean_percent=60.000;parallel_ruin_percent=27.847;drive=5.189;folds=1,4,0.9668299,-11.563605,-25.31897,23.81897,-1.5,-1.5,wav/12_blues_harmonica__48_hair_salon_tools.wav,2,288000,6.0,1727999,35.99997916666667,0.57053185,0.09820718,-20.157135,1.0985755e-9,0,0,0.57053185,-20.163633,1.4439642e-9,0.561639,-20.150644,7.531868e-10,0.13897438,-17.141306
13-25,long_additive_synth,electric_mbira,thunder_mountain,5ef7a0a28baffc94,4e2a8e922a968e95,2,2;6;10,122.378456;151.471039;187.479691,sparse-hashed-13edo-gradual-drones-v14,long,09d14a344689f2d0,10.168608;9.795098;10.831188,5.873821;5.389765;6.841933,late_bloom;broad_swell;soft_drone,inharmonic_fm,detune_cents=39.129;feedback=0.397;crossfeedback_percent=8.000;index=6.673->3.183;clean_percent=45.000;raw_fm_percent=40.000;parallel_ruin_percent=15.000;phase_drift_radians=0.080;drive=3.040;folds=3,3,0.9705894,-12.101914,-11.194874,9.694874,-1.5,-1.5000007,wav/13_electric_mbira__25_thunder_mountain.wav,2,288000,6.0,1727999,35.99997916666667,0.58122766,0.09771233,-20.201014,2.8941452e-10,0,0,0.58122766,-20.198303,1.0539611e-9,0.56320745,-20.203726,-4.751321e-10,0.13709614,-17.259495
13-26,long_additive_synth,electric_mbira,inside_car_wash,5ef7a0a28baffc94,903a06c594b2e6cb,1,1;5;9,116.024269;143.606293;177.745285,sparse-hashed-13edo-gradual-drones-v14,long,b8f1f973bc315ea4,10.650371;7.318089;7.958415,6.562919;3.046975;3.531031,breathing_drone;soft_drone;broad_swell,saturated_saw_cluster,detune_cents=82.449;drift_cents=14.958;drive=7.431;folds=3;alias_percent=62.308;bits=5;hard_sync_percent=50.176;sample_hold_frames=3,6,0.9740175,-12.668506,-8.133685,6.633685,-1.5,-1.5,wav/13_electric_mbira__26_inside_car_wash.wav,2,288000,6.0,1727999,35.99997916666667,0.7461371,0.09658779,-20.301554,6.099097e-10,0,0,0.73547316,-20.312605,1.9141697e-9,0.7461371,-20.290531,-6.943504e-10,0.13837826,-17.178642
13-27,long_additive_synth,electric_mbira,peru_new_year_fireworks,5ef7a0a28baffc94,83317dd5c74822ca,1,1;5;9,116.024269;143.606293;177.745285,sparse-hashed-13edo-gradual-drones-v14,long,096a2d87150747fd,10.648747;10.315871;7.955399,6.560467;6.076410;3.528579,breathing_drone;late_bloom;broad_swell,modal_noise_resonator,detune_cents=44.387;mode_disorder_percent=4.942;resonated_noise_percent=11.094;clean_percent=60.000;parallel_ruin_percent=28.906;drive=4.949;folds=2,3,0.9692567,-11.902734,-22.037174,20.537174,-1.5,-1.5000007,wav/13_electric_mbira__27_peru_new_year_fireworks.wav,2,288000,6.0,1727999,35.99997916666667,0.64546496,0.097800545,-20.193174,-2.393119e-11,0,0,0.58560145,-20.186434,-1.642048e-9,0.64546496,-20.199924,1.5941857e-9,0.13790719,-17.208261
13-28,long_additive_synth,electric_mbira,efteling_steam_train,5ef7a0a28baffc94,9a412959184abdf9,0,0;4;8,110.000000;136.149902;168.516296,sparse-hashed-13edo-gradual-drones-v14,long,80c16f151745e146,10.412317;10.738150;9.676647,6.212861;6.696918;5.244749,breathing_drone;soft_drone;broad_swell,modal_noise_resonator,detune_cents=43.204;mode_disorder_percent=3.282;resonated_noise_percent=10.194;clean_percent=60.000;parallel_ruin_percent=29.806;drive=3.977;folds=1,4,0.9754571,-12.929371,-18.27251,16.77251,-1.5,-1.4999995,wav/13_electric_mbira__28_efteling_steam_train.wav,2,288000,6.0,1727999,35.99997916666667,0.8155905,0.09408151,-20.529915,1.8234912e-9,0,0,0.7673471,-20.442411,1.5733934e-9,0.8155905,-20.619213,2.073589e-9,0.13161989,-17.61357
13-29,long_additive_synth,electric_mbira,helicopter_takeoff,5ef7a0a28baffc94,4534148b4903c233,4,4;8;12,136.149902;168.516296;208.577057,sparse-hashed-13edo-gradual-drones-v14,long,aba0d4a10ee228b0,8.578175;9.065913;7.399373,4.072653;4.556710;3.104541,breathing_drone;soft_drone;broad_swell,saturated_saw_cluster,detune_cents=83.756;drift_cents=23.935;drive=9.837;folds=3;alias_percent=68.887;bits=7;hard_sync_percent=46.920;sample_hold_frames=2,4,0.96201545,-10.941445,-8.752438,7.2524376,-1.5,-1.4999995,wav/13_electric_mbira__29_helicopter_takeoff.wav,2,288000,6.0,1727999,35.99997916666667,0.628288,0.097047776,-20.260288,6.872285e-10,0,0,0.628288,-20.267717,8.498786e-10,0.5786982,-20.252872,5.2457844e-10,0.13289572,-17.52978
13-30,long_additive_synth,electric_mbira,scuba_bubbles,5ef7a0a28baffc94,d2eaf6d35c117589,6,6;10;1,151.471039;187.479691;116.024269,sparse-hashed-13edo-gradual-drones-v14,long,2a710ddb59fa3eeb,10.003139;9.614457;9.187538,5.654237;5.170181;4.686124,breathing_drone;late_bloom;broad_swell,inharmonic_fm,detune_cents=28.700;feedback=0.425;crossfeedback_percent=8.000;index=8.182->3.917;clean_percent=45.000;raw_fm_percent=40.000;parallel_ruin_percent=15.000;phase_drift_radians=0.080;drive=3.032;folds=3,5,0.966491,-11.516109,-25.977406,24.477406,-1.5,-1.5,wav/13_electric_mbira__30_scuba_bubbles.wav,2,288000,6.0,1727999,35.99997916666667,0.62723327,0.09783271,-20.190317,-7.2131995e-11,0,0,0.5526449,-20.189913,-6.8572054e-10,0.62723327,-20.190725,5.4145655e-10,0.14015175,-17.06803
13-31,long_additive_synth,electric_mbira,building_demolition,5ef7a0a28baffc94,d502a0866ac3b927,3,3;7;11,129.080658;159.766510;197.747208,sparse-hashed-13edo-gradual-drones-v14,long,28c2519fc375dbf2,8.957720;8.456942;9.813545,4.444593;3.960537;5.412706,broad_swell;soft_drone;soft_drone,saturated_saw_cluster,detune_cents=77.145;drift_cents=20.613;drive=7.743;folds=4;alias_percent=78.347;bits=5;hard_sync_percent=48.091;sample_hold_frames=2,3,0.97140586,-12.245507,-12.83187,11.33187,-1.5,-1.5,wav/13_electric_mbira__31_building_demolition.wav,2,288000,6.0,1727999,35.99997916666667,0.5746429,0.09822609,-20.155464,-1.2654522e-9,0,0,0.5746429,-20.157995,-8.0356033e-10,0.5145292,-20.152931,-1.727344e-9,0.13750795,-17.233444
13-32,long_additive_synth,electric_mbira,finnish_blacksmith,5ef7a0a28baffc94,8828c2d1c0ff4488,4,4;8;12,136.149902;168.516296;208.577057,sparse-hashed-13edo-gradual-drones-v14,long,cbbfe091fbef2930,10.156974;10.501776;10.821203,5.858109;6.342165;6.826221,soft_drone;broad_swell;late_bloom,modal_noise_resonator,detune_cents=48.043;mode_disorder_percent=5.070;resonated_noise_percent=12.389;clean_percent=60.000;parallel_ruin_percent=27.611;drive=4.517;folds=1,6,0.95627344,-10.294824,-10.925243,9.425243,-1.5,-1.5,wav/13_electric_mbira__32_finnish_blacksmith.wav,2,288000,6.0,1727999,35.99997916666667,0.6282465,0.097214185,-20.245407,3.4427053e-10,0,0,0.6282465,-20.235924,-2.477908e-11,0.6203332,-20.25491,7.133201e-10,0.13586214,-17.33803
13-33,long_additive_synth,electric_mbira,cattle_auction,5ef7a0a28baffc94,63aeff78df8557af,3,3;7;11,129.080658;159.766510;197.747208,sparse-hashed-13edo-gradual-drones-v14,long,7a2c7539af92a76b,10.808620;10.488230;8.248090,6.806471;6.322415;3.774583,soft_drone;breathing_drone;late_bloom,modal_noise_resonator,detune_cents=48.848;mode_disorder_percent=3.768;resonated_noise_percent=15.526;clean_percent=60.000;parallel_ruin_percent=24.474;drive=4.369;folds=2,3,0.9587088,-10.562064,-16.892689,15.392689,-1.5,-1.5000007,wav/13_electric_mbira__33_cattle_auction.wav,2,288000,6.0,1727999,35.99997916666667,0.5473095,0.0979279,-20.18187,1.7991237e-9,0,0,0.51812875,-20.178051,2.1712776e-9,0.5473095,-20.185696,1.42697e-9,0.13820736,-17.189377
13-34,long_additive_synth,electric_mbira,ferry_alarm,5ef7a0a28baffc94,63fa0671c3c8b3fd,6,6;10;1,151.471039;187.479691;116.024269,sparse-hashed-13edo-gradual-drones-v14,long,6c27f60171433bb7,9.048965;9.489048;9.888610,4.538963;5.023019;5.507075,soft_drone;broad_swell;late_bloom,saturated_saw_cluster,detune_cents=59.186;drift_cents=15.317;drive=8.963;folds=3;alias_percent=67.801;bits=7;hard_sync_percent=49.179;sample_hold_frames=4,6,0.95626175,-10.292707,-7.433913,5.933913,-1.5,-1.5,wav/13_electric_mbira__34_ferry_alarm.wav,2,288000,6.0,1727999,35.99997916666667,0.8162511,0.095632285,-20.387909,2.1651818e-9,0,0,0.67381907,-20.224619,1.2678885e-9,0.8162511,-20.557579,3.0624752e-9,0.13318223,-17.511074
13-35,long_additive_synth,electric_mbira,flooded_mine,5ef7a0a28baffc94,5ef5719090cb3c3e,8,8;12;3,168.516296;208.577057;129.080658,sparse-hashed-13edo-gradual-drones-v14,long,b89e82b4bead6e91,8.777901;9.244855;7.659550,4.264323;4.748379;3.296210,broad_swell;late_bloom;breathing_drone,saturated_saw_cluster,detune_cents=63.273;drift_cents=18.206;drive=8.440;folds=3;alias_percent=68.636;bits=7;hard_sync_percent=53.168;sample_hold_frames=2,4,0.9710583,-12.179094,-16.644716,15.144716,-1.5,-1.5,wav/13_electric_mbira__35_flooded_mine.wav,2,288000,6.0,1727999,35.99997916666667,0.7446273,0.09700964,-20.263702,1.4191842e-12,0,0,0.7446273,-20.287436,2.6122102e-10,0.6264759,-20.240099,-2.5838265e-10,0.13720775,-17.252428
13-36,long_additive_synth,electric_mbira,cappuccino_process,5ef7a0a28baffc94,c9cb796a64de33e2,3,3;7;11,129.080658;159.766510;197.747208,sparse-hashed-13edo-gradual-drones-v14,long,90f62f1a243d8747,7.708786;8.297587;8.816010,3.333793;3.817849;4.301906,breathing_drone;soft_drone;broad_swell,inharmonic_fm,detune_cents=41.842;feedback=0.429;crossfeedback_percent=8.000;index=7.212->2.805;clean_percent=45.000;raw_fm_percent=40.000;parallel_ruin_percent=15.000;phase_drift_radians=0.080;drive=2.803;folds=2,6,0.9421208,-8.952448,-16.499268,14.999268,-1.5,-1.4999995,wav/13_electric_mbira__36_cappuccino_process.wav,2,288000,6.0,1727999,35.99997916666667,0.7402172,0.093434565,-20.589848,4.817166e-11,0,0,0.7402172,-20.671547,-5.3713206e-10,0.73150545,-20.50966,6.334754e-10,0.13188042,-17.596394
13-37,long_additive_synth,electric_mbira,tennis_match,5ef7a0a28baffc94,09cb934e68f8f084,5,5;9;0,143.606293;177.745285;110.000000,sparse-hashed-13edo-gradual-drones-v14,long,f4fa49430f86a455,10.285728;10.620836;9.526284,6.034384;6.518440;5.066271,soft_drone;broad_swell;late_bloom,modal_noise_resonator,detune_cents=38.336;mode_disorder_percent=3.069;resonated_noise_percent=12.981;clean_percent=60.000;parallel_ruin_percent=27.019;drive=4.941;folds=1,4,0.949897,-9.655744,-18.941721,17.441721,-1.5,-1.4999995,wav/13_electric_mbira__37_tennis_match.wav,2,288000,6.0,1727999,35.99997916666667,0.68316865,0.09663947,-20.29691,-2.8113067e-10,0,0,0.68316865,-20.303497,-3.5704198e-10,0.6588855,-20.290333,-2.0521938e-10,0.13433616,-17.436142
13-38,long_additive_synth,electric_mbira,chainsaw_cycle,5ef7a0a28baffc94,5c7feb9d452f2bef,11,11;2;6,197.747208;122.378456;151.471039,sparse-hashed-13edo-gradual-drones-v14,long,fbbd034102c133ad,8.856760;8.343479;7.761301,4.342462;3.858406;3.374349,breathing_drone;late_bloom;broad_swell,saturated_saw_cluster,detune_cents=58.873;drift_cents=16.983;drive=8.392;folds=4;alias_percent=67.912;bits=5;hard_sync_percent=52.605;sample_hold_frames=4,5,0.9320784,-8.217598,-9.156993,7.656993,-1.5,-1.5,wav/13_electric_mbira__38_chainsaw_cycle.wav,2,288000,6.0,1727999,35.99997916666667,0.700168,0.09554821,-20.395548,-7.830485e-10,0,0,0.61873597,-20.308277,-4.942801e-10,0.700168,-20.48461,-1.071817e-9,0.13545932,-17.363823
13-39,long_additive_synth,electric_mbira,near_foghorn,5ef7a0a28baffc94,1d6af12c6225ab62,11,11;2;6,197.747208;122.378456;151.471039,sparse-hashed-13edo-gradual-drones-v14,long,75f1268e6b68dfe8,9.545681;9.940294;10.302019,5.088949;5.573005;6.057061,late_bloom;breathing_drone;soft_drone,inharmonic_fm,detune_cents=29.992;feedback=0.549;crossfeedback_percent=8.000;index=6.841->2.572;clean_percent=45.000;raw_fm_percent=40.000;parallel_ruin_percent=15.000;phase_drift_radians=0.080;drive=2.447;folds=2,6,0.9573728,-10.419022,-8.552027,7.0520267,-1.5,-1.4999995,wav/13_electric_mbira__39_near_foghorn.wav,2,288000,6.0,1727999,35.99997916666667,0.6787437,0.097038314,-20.261135,-1.0742722e-8,0,0,0.54946345,-20.199377,-6.571861e-9,0.6787437,-20.323782,-1.4913583e-8,0.13752034,-17.232662
13-40,long_additive_synth,electric_mbira,barcelona_gate_pa,5ef7a0a28baffc94,e28efd5cee017776,6,6;10;1,151.471039;187.479691;116.024269,sparse-hashed-13edo-gradual-drones-v14,long,d36d24b819fbe51a,9.224031;8.754707;10.033406,4.725667;4.241611;5.693779,broad_swell;soft_drone;breathing_drone,modal_noise_resonator,detune_cents=53.454;mode_disorder_percent=3.227;resonated_noise_percent=16.689;clean_percent=60.000;parallel_ruin_percent=23.311;drive=4.776;folds=2,3,0.96164054,-10.898285,-21.437538,19.937538,-1.5,-1.5000007,wav/13_electric_mbira__40_barcelona_gate_pa.wav,2,288000,6.0,1727999,35.99997916666667,0.7985634,0.095844604,-20.368649,-1.5029156e-9,0,0,0.7985634,-20.458164,-1.6305278e-9,0.70037496,-20.280935,-1.3753033e-9,0.13521804,-17.379307
13-41,long_additive_synth,electric_mbira,delhi_subway_cycle,5ef7a0a28baffc94,3187a582eafedd91,4,4;8;12,136.149902;168.516296;208.577057,sparse-hashed-13edo-gradual-drones-v14,long,820834269dcab125,8.821389;8.303651;7.715729,4.307239;3.823183;3.339127,broad_swell;soft_drone;breathing_drone,modal_noise_resonator,detune_cents=48.160;mode_disorder_percent=4.877;resonated_noise_percent=10.724;clean_percent=60.000;parallel_ruin_percent=29.276;drive=4.891;folds=2,5,0.96198356,-10.916683,-14.1779175,12.6779175,-1.5,-1.4999995,wav/13_electric_mbira__41_delhi_subway_cycle.wav,2,288000,6.0,1727999,35.99997916666667,0.63378346,0.09762229,-20.209019,3.4951605e-10,0,0,0.63378346,-20.2201,-7.2632395e-10,0.6100765,-20.197968,1.425356e-9,0.13661753,-17.289871
13-42,long_additive_synth,electric_mbira,hockey_goal,5ef7a0a28baffc94,7338d14d9c7d0103,11,11;2;6,197.747208;122.378456;151.471039,sparse-hashed-13edo-gradual-drones-v14,long,a85ad99888959ac8,10.443870;10.767429;7.566417,6.258165;6.742221;3.226277,broad_swell;late_bloom;breathing_drone,saturated_saw_cluster,detune_cents=68.319;drift_cents=22.028;drive=8.114;folds=3;alias_percent=75.321;bits=7;hard_sync_percent=65.804;sample_hold_frames=3,6,0.95761883,-10.441225,-17.056591,15.556591,-1.5,-1.4999995,wav/13_electric_mbira__42_hockey_goal.wav,2,288000,6.0,1727999,35.99997916666667,0.56209934,0.09811877,-20.164959,-3.8855102e-10,0,0,0.56209934,-20.183674,3.8105988e-10,0.49440005,-20.146322,-1.1581619e-9,0.13930263,-17.120815
13-43,long_additive_synth,electric_mbira,ambulance_siren,5ef7a0a28baffc94,f8af2f1a4cb0c701,4,4;8;12,136.149902;168.516296;208.577057,sparse-hashed-13edo-gradual-drones-v14,long,d1edd86f79646a3d,10.617796;10.282446;7.897676,6.513879;6.029822;3.481991,broad_swell;soft_drone;breathing_drone,inharmonic_fm,detune_cents=43.193;feedback=0.539;crossfeedback_percent=8.000;index=6.651->2.966;clean_percent=45.000;raw_fm_percent=40.000;parallel_ruin_percent=15.000;phase_drift_radians=0.080;drive=2.681;folds=3,3,0.9715714,-12.2677965,-16.091362,14.591362,-1.5,-1.5,wav/13_electric_mbira__43_ambulance_siren.wav,2,288000,6.0,1727999,35.99997916666667,0.7365004,0.09652688,-20.307035,8.121722e-10,0,0,0.7365004,-20.439661,5.944188e-10,0.5659514,-20.178337,1.0299256e-9,0.1363103,-17.309427
13-44,long_additive_synth,electric_mbira,woodshop_process,5ef7a0a28baffc94,8e1e1d890ae5881a,2,2;6;10,122.378456;151.471039;187.479691,sparse-hashed-13edo-gradual-drones-v14,long,81f58595a332b137,8.937721;8.434490;7.865213,4.424173;3.940117;3.456060,broad_swell;soft_drone;breathing_drone,modal_noise_resonator,detune_cents=50.418;mode_disorder_percent=3.736;resonated_noise_percent=11.929;clean_percent=60.000;parallel_ruin_percent=28.071;drive=4.989;folds=2,5,0.9509256,-9.751559,-19.973528,18.473528,-1.5,-1.5000007,wav/13_electric_mbira__44_woodshop_process.wav,2,288000,6.0,1727999,35.99997916666667,0.8064199,0.095108576,-20.435608,6.388234e-10,0,0,0.8064199,-20.510872,4.673951e-10,0.66585255,-20.361624,8.1025164e-10,0.135003,-17.393131
13-45,long_additive_synth,electric_mbira,tractor_turning_hay,5ef7a0a28baffc94,241aba059f6c939a,7,7;11;2,159.766510;197.747208;122.378456,sparse-hashed-13edo-gradual-drones-v14,long,42eb4607531e51b5,9.844247;9.440387;10.554222,5.451107;4.967051;6.419220,late_bloom;broad_swell;soft_drone,inharmonic_fm,detune_cents=31.487;feedback=0.516;crossfeedback_percent=8.000;index=6.408->2.823;clean_percent=45.000;raw_fm_percent=40.000;parallel_ruin_percent=15.000;phase_drift_radians=0.080;drive=2.724;folds=3,3,0.9710102,-12.181442,-14.381513,12.881513,-1.5,-1.5,wav/13_electric_mbira__45_tractor_turning_hay.wav,2,288000,6.0,1727999,35.99997916666667,0.5940252,0.09797814,-20.177418,-3.39785e-9,0,0,0.5940252,-20.173851,-6.649143e-9,0.53187567,-20.180986,-1.4655721e-10,0.13737023,-17.242147
13-46,long_additive_synth,electric_mbira,hail_thunder,5ef7a0a28baffc94,8ca435fa8014940b,0,0;4;8,110.000000;136.149902;168.516296,sparse-hashed-13edo-gradual-drones-v14,long,d418a4e2a71642bf,9.054367;9.493929;8.013980,4.544611;5.028667;3.576499,breathing_drone;soft_drone;broad_swell,saturated_saw_cluster,detune_cents=59.581;drift_cents=15.872;drive=9.102;folds=3;alias_percent=62.967;bits=7;hard_sync_percent=48.410;sample_hold_frames=2,4,0.9837459,-14.768644,-7.025284,5.525284,-1.5,-1.4999995,wav/13_electric_mbira__46_hail_thunder.wav,2,288000,6.0,1727999,35.99997916666667,0.5663281,0.097854726,-20.188366,-7.677803e-11,0,0,0.54929584,-20.18185,-1.6808631e-9,0.5663281,-20.194885,1.5273071e-9,0.13702865,-17.263773
13-47,long_additive_synth,electric_mbira,marielle_protest,5ef7a0a28baffc94,b99f4919a8dffbad,11,11;2;6,197.747208;122.378456;151.471039,sparse-hashed-13edo-gradual-drones-v14,long,b6ac9d562d1b2c25,10.653969;7.325838;7.965103,6.568360;3.052417;3.536473,breathing_drone;soft_drone;broad_swell,saturated_saw_cluster,detune_cents=82.142;drift_cents=19.641;drive=8.764;folds=3;alias_percent=78.443;bits=6;hard_sync_percent=49.106;sample_hold_frames=2,6,0.9467963,-9.37423,-17.81105,16.31105,-1.5,-1.4999995,wav/13_electric_mbira__47_marielle_protest.wav,2,288000,6.0,1727999,35.99997916666667,0.7201293,0.0959287,-20.36103,1.5581206e-10,0,0,0.54364836,-20.195599,-2.65969e-11,0.7201293,-20.53301,3.38221e-10,0.13496853,-17.39535
13-48,long_additive_synth,electric_mbira,hair_salon_tools,5ef7a0a28baffc94,91febc7e6d506cc8,10,10;1;5,187.479691;116.024269;143.606293,sparse-hashed-13edo-gradual-drones-v14,long,4649da373d3e39a2,10.350843;10.681149;7.384114,6.125539;6.609595;3.093652,broad_swell;late_bloom;breathing_drone,inharmonic_fm,detune_cents=35.691;feedback=0.446;crossfeedback_percent=8.000;index=6.743->3.693;clean_percent=45.000;raw_fm_percent=40.000;parallel_ruin_percent=15.000;phase_drift_radians=0.080;drive=2.387;folds=2,6,0.9564727,-10.314869,-15.085577,13.585577,-1.5,-1.5,wav/13_electric_mbira__48_hair_salon_tools.wav,2,288000,6.0,1727999,35.99997916666667,0.7716989,0.09689571,-20.27391,-1.5374152e-10,0,0,0.7716989,-20.358814,-1.2264336e-9,0.6033058,-20.190632,9.189506e-10,0.13414404,-17.448572
14-25,long_additive_synth,didgeridoo_shaker_drum,thunder_mountain,914726363e355e23,4e2a8e922a968e95,2,2;6;10,122.378456;151.471039;187.479691,sparse-hashed-13edo-gradual-drones-v14,long,548751ffa6d034cb,9.783677;10.158129;10.502842,5.375609;5.859666;6.343722,late_bloom;breathing_drone;soft_drone,modal_noise_resonator,detune_cents=41.286;mode_disorder_percent=3.879;resonated_noise_percent=13.720;clean_percent=60.000;parallel_ruin_percent=26.280;drive=3.804;folds=1,6,0.9382612,-8.661378,-18.033678,16.533678,-1.5,-1.5,wav/14_didgeridoo_shaker_drum__25_thunder_mountain.wav,2,288000,6.0,1727999,35.99997916666667,0.48666573,0.098295644,-20.149315,-5.7394702e-9,0,0,0.45285177,-20.146744,-2.0205346e-9,0.48666573,-20.151886,-9.458406e-9,0.14997709,-16.479502
14-26,long_additive_synth,didgeridoo_shaker_drum,inside_car_wash,914726363e355e23,903a06c594b2e6cb,9,9;0;4,177.745285;110.000000;136.149902,sparse-hashed-13edo-gradual-drones-v14,long,b63892e6a63e958d,8.995952;9.441171;7.939616,4.483892;4.967948;3.515779,late_bloom;breathing_drone;soft_drone,modal_noise_resonator,detune_cents=46.455;mode_disorder_percent=5.638;resonated_noise_percent=16.211;clean_percent=60.000;parallel_ruin_percent=23.789;drive=4.688;folds=1,4,0.9607709,-10.789705,-17.382853,15.882853,-1.5,-1.4999995,wav/14_didgeridoo_shaker_drum__26_inside_car_wash.wav,2,288000,6.0,1727999,35.99997916666667,0.68382686,0.097061396,-20.259071,-6.4699255e-9,0,0,0.6420442,-20.243168,-1.1942619e-8,0.68382686,-20.275028,-9.972316e-10,0.14124492,-17.000544
14-27,long_additive_synth,didgeridoo_shaker_drum,peru_new_year_fireworks,914726363e355e23,83317dd5c74822ca,10,10;1;5,187.479691;116.024269;143.606293,sparse-hashed-13edo-gradual-drones-v14,long,4336a85c400206fc,8.491261;7.929876;7.284997,3.991959;3.507903;3.023847,late_bloom;broad_swell;soft_drone,modal_noise_resonator,detune_cents=45.868;mode_disorder_percent=5.697;resonated_noise_percent=15.573;clean_percent=60.000;parallel_ruin_percent=24.427;drive=5.185;folds=2,5,0.93876696,-8.703411,-9.708172,8.208172,-1.5,-1.4999995,wav/14_didgeridoo_shaker_drum__27_peru_new_year_fireworks.wav,2,288000,6.0,1727999,35.99997916666667,0.55655885,0.09827814,-20.150862,-2.8007918e-9,0,0,0.55655885,-20.149551,-4.3571187e-9,0.5085877,-20.152172,-1.2444649e-9,0.1396285,-17.10052
14-28,long_additive_synth,didgeridoo_shaker_drum,efteling_steam_train,914726363e355e23,9a412959184abdf9,5,5;9;0,143.606293;177.745285;110.000000,sparse-hashed-13edo-gradual-drones-v14,long,924de9cf2a1fe3b1,10.179156;10.522268;10.840246,5.888106;6.372162;6.856218,breathing_drone;soft_drone;broad_swell,inharmonic_fm,detune_cents=29.506;feedback=0.462;crossfeedback_percent=8.000;index=6.416->2.961;clean_percent=45.000;raw_fm_percent=40.000;parallel_ruin_percent=15.000;phase_drift_radians=0.080;drive=2.827;folds=2,6,0.92580193,-7.7796974,-13.855373,12.355373,-1.5,-1.5000024,wav/14_didgeridoo_shaker_drum__28_efteling_steam_train.wav,2,288000,6.0,1727999,35.99997916666667,0.48458615,0.098291144,-20.149712,3.8538746e-9,0,0,0.48458615,-20.150219,4.084704e-9,0.45302457,-20.149208,3.623045e-9,0.14576371,-16.72701
14-29,long_additive_synth,didgeridoo_shaker_drum,helicopter_takeoff,914726363e355e23,4534148b4903c233,6,6;10;1,151.471039;187.479691;116.024269,sparse-hashed-13edo-gradual-drones-v14,long,1fb9c0e72e4d0343,10.035460;10.389656;10.717132,5.696473;6.180529;6.664585,broad_swell;late_bloom;breathing_drone,modal_noise_resonator,detune_cents=49.154;mode_disorder_percent=3.609;resonated_noise_percent=17.456;clean_percent=60.000;parallel_ruin_percent=22.544;drive=4.152;folds=1,6,0.9418217,-8.945669,-15.088773,13.588773,-1.5,-1.4999995,wav/14_didgeridoo_shaker_drum__29_helicopter_takeoff.wav,2,288000,6.0,1727999,35.99997916666667,0.5254734,0.098236546,-20.154537,-1.050604e-12,0,0,0.48815805,-20.145329,1.908721e-9,0.5254734,-20.163767,-1.9108222e-9,0.14859094,-16.560154
14-30,long_additive_synth,didgeridoo_shaker_drum,scuba_bubbles,914726363e355e23,d2eaf6d35c117589,3,3;7;11,129.080658;159.766510;197.747208,sparse-hashed-13edo-gradual-drones-v14,long,6098535fd873b02a,10.228603;9.860442;9.458156,5.955529;5.471472;4.987416,soft_drone;breathing_drone;late_bloom,saturated_saw_cluster,detune_cents=75.936;drift_cents=16.313;drive=8.387;folds=4;alias_percent=79.128;bits=6;hard_sync_percent=59.522;sample_hold_frames=2,5,0.9464441,-9.342839,-7.123456,5.623456,-1.5,-1.4999995,wav/14_didgeridoo_shaker_drum__30_scuba_bubbles.wav,2,288000,6.0,1727999,35.99997916666667,0.5385396,0.09836016,-20.143616,-1.3096566e-8,0,0,0.47137052,-20.135515,-2.3106342e-8,0.5385396,-20.151731,-3.0867886e-9,0.14104506,-17.012842
14-31,long_additive_synth,didgeridoo_shaker_drum,building_demolition,914726363e355e23,d502a0866ac3b927,12,12;3;7,208.577057;129.080658;159.766510,sparse-hashed-13edo-gradual-drones-v14,long,9d2013816259999b,10.466013;10.787989;9.740184,6.290155;6.774212;5.322043,soft_drone;broad_swell;late_bloom,modal_noise_resonator,detune_cents=43.987;mode_disorder_percent=3.004;resonated_noise_percent=16.979;clean_percent=60.000;parallel_ruin_percent=23.021;drive=4.151;folds=1,4,0.9575844,-10.443526,-12.935414,11.435414,-1.5,-1.4999987,wav/14_didgeridoo_shaker_drum__31_building_demolition.wav,2,288000,6.0,1727999,35.99997916666667,0.4664687,0.09840699,-20.13948,4.0623815e-9,0,0,0.4664687,-20.144207,6.4007275e-9,0.46001872,-20.134758,1.7240358e-9,0.14425126,-16.817608
14-32,long_additive_synth,didgeridoo_shaker_drum,finnish_blacksmith,914726363e355e23,8828c2d1c0ff4488,8,8;12;3,168.516296;208.577057;129.080658,sparse-hashed-13edo-gradual-drones-v14,long,acdedcccb7a074d3,7.821914;8.396534;10.577463,3.421775;3.905831;6.453662,late_bloom;breathing_drone;soft_drone,saturated_saw_cluster,detune_cents=62.939;drift_cents=22.242;drive=7.695;folds=3;alias_percent=65.727;bits=6;hard_sync_percent=55.498;sample_hold_frames=4,4,0.9572738,-10.4026375,-16.148315,14.648315,-1.5,-1.5000007,wav/14_didgeridoo_shaker_drum__32_finnish_blacksmith.wav,2,288000,6.0,1727999,35.99997916666667,0.53999466,0.09848499,-20.132599,-2.3385775e-8,0,0,0.53999466,-20.127369,-4.3478366e-8,0.49004903,-20.137835,-3.293184e-9,0.14751163,-16.623474
14-33,long_additive_synth,didgeridoo_shaker_drum,cattle_auction,914726363e355e23,63aeff78df8557af,4,4;8;12,136.149902;168.516296;208.577057,sparse-hashed-13edo-gradual-drones-v14,long,11b46f70373bba64,10.843097;7.723070;8.310063,6.860720;3.344776;3.828832,late_bloom;breathing_drone;soft_drone,inharmonic_fm,detune_cents=43.244;feedback=0.357;crossfeedback_percent=8.000;index=7.121->2.919;clean_percent=45.000;raw_fm_percent=40.000;parallel_ruin_percent=15.000;phase_drift_radians=0.080;drive=2.687;folds=2,6,0.9477377,-9.461739,-7.902946,6.402946,-1.5,-1.5,wav/14_didgeridoo_shaker_drum__33_cattle_auction.wav,2,288000,6.0,1727999,35.99997916666667,0.4998164,0.09820161,-20.157627,-1.7974977e-9,0,0,0.4998164,-20.157665,3.6147182e-10,0.47308755,-20.157589,-3.956467e-9,0.14162716,-16.97707
14-34,long_additive_synth,didgeridoo_shaker_drum,ferry_alarm,914726363e355e23,63fa0671c3c8b3fd,0,0;4;8,110.000000;136.149902;168.516296,sparse-hashed-13edo-gradual-drones-v14,long,69b6884419407992,9.941708;9.547228;9.113305,5.574819;5.090763;4.606706,broad_swell;soft_drone;breathing_drone,modal_noise_resonator,detune_cents=39.219;mode_disorder_percent=4.506;resonated_noise_percent=10.541;clean_percent=60.000;parallel_ruin_percent=29.459;drive=4.338;folds=2,5,0.9398405,-8.80763,-4.8309073,3.3309073,-1.5,-1.5000007,wav/14_didgeridoo_shaker_drum__34_ferry_alarm.wav,2,288000,6.0,1727999,35.99997916666667,0.5653848,0.098250434,-20.15331,1.4417172e-9,0,0,0.5246349,-20.141666,7.379556e-9,0.5653848,-20.164986,-4.4961217e-9,0.15152662,-16.39022
14-35,long_additive_synth,didgeridoo_shaker_drum,flooded_mine,914726363e355e23,5ef5719090cb3c3e,12,12;3;7,208.577057;129.080658;159.766510,sparse-hashed-13edo-gradual-drones-v14,long,433da09b6879e05e,8.481007;8.979171;7.271455,3.982544;4.466600;3.014432,broad_swell;late_bloom;breathing_drone,inharmonic_fm,detune_cents=43.268;feedback=0.438;crossfeedback_percent=8.000;index=6.572->2.992;clean_percent=45.000;raw_fm_percent=40.000;parallel_ruin_percent=15.000;phase_drift_radians=0.080;drive=3.133;folds=2,4,0.9695987,-11.95685,-8.043439,6.543439,-1.5,-1.5,wav/14_didgeridoo_shaker_drum__35_flooded_mine.wav,2,288000,6.0,1727999,35.99997916666667,0.67424357,0.09773399,-20.199087,2.7916676e-9,0,0,0.55947965,-20.176617,5.554034e-9,0.67424357,-20.221676,2.930083e-11,0.14599736,-16.7131
14-36,long_additive_synth,didgeridoo_shaker_drum,cappuccino_process,914726363e355e23,c9cb796a64de33e2,5,5;9;0,143.606293;177.745285;110.000000,sparse-hashed-13edo-gradual-drones-v14,long,78de062b79068250,8.368608;8.879094;10.875866,3.880795;4.364851;6.912683,breathing_drone;soft_drone;soft_drone,saturated_saw_cluster,detune_cents=58.588;drift_cents=19.045;drive=8.453;folds=3;alias_percent=79.431;bits=6;hard_sync_percent=69.019;sample_hold_frames=2,4,0.99702793,-22.240047,-21.347546,19.847546,-1.5,-1.5000012,wav/14_didgeridoo_shaker_drum__36_cappuccino_process.wav,2,288000,6.0,1727999,35.99997916666667,0.80390936,0.09718545,-20.247974,-5.415486e-9,0,0,0.5553967,-20.188663,-1.416484e-8,0.80390936,-20.30811,3.3338683e-9,0.14040418,-17.052399
14-37,long_additive_synth,didgeridoo_shaker_drum,tennis_match,914726363e355e23,09cb934e68f8f084,1,1;5;9,116.024269;143.606293;177.745285,sparse-hashed-13edo-gradual-drones-v14,long,bea16c978c669c8a,7.748976;8.332703;10.538942,3.364787;3.848843;6.396675,broad_swell;late_bloom;breathing_drone,modal_noise_resonator,detune_cents=54.380;mode_disorder_percent=3.973;resonated_noise_percent=11.311;clean_percent=60.000;parallel_ruin_percent=28.689;drive=5.059;folds=1,4,0.95226324,-9.875858,-2.3894768,0.8894768,-1.5,-1.5,wav/14_didgeridoo_shaker_drum__37_tennis_match.wav,2,288000,6.0,1727999,35.99997916666667,0.613464,0.09797224,-20.177938,-1.2227662e-8,0,0,0.55132127,-20.150528,-2.707324e-8,0.613464,-20.205524,2.6179157e-9,0.13895729,-17.142374
14-38,long_additive_synth,didgeridoo_shaker_drum,chainsaw_cycle,914726363e355e23,5c7feb9d452f2bef,1,1;5;9,116.024269;143.606293;177.745285,sparse-hashed-13edo-gradual-drones-v14,long,3f543bd249d6f5fa,8.716604;9.189846;9.616549,4.204559;4.688615;5.172671,soft_drone;broad_swell;late_bloom,modal_noise_resonator,detune_cents=42.403;mode_disorder_percent=3.843;resonated_noise_percent=12.662;clean_percent=60.000;parallel_ruin_percent=27.338;drive=4.821;folds=1,6,0.9467438,-9.381025,-4.5963697,3.0963697,-1.5,-1.5,wav/14_didgeridoo_shaker_drum__38_chainsaw_cycle.wav,2,288000,6.0,1727999,35.99997916666667,0.65714353,0.096989356,-20.26552,-4.941298e-9,0,0,0.57706666,-20.213633,-8.160417e-9,0.65714353,-20.318031,-1.7221791e-9,0.13977464,-17.091433
14-39,long_additive_synth,didgeridoo_shaker_drum,near_foghorn,914726363e355e23,1d6af12c6225ab62,2,2;6;10,122.378456;151.471039;187.479691,sparse-hashed-13edo-gradual-drones-v14,long,43385625c188810b,10.079569;9.697973;10.754860,5.754623;5.270567;6.722735,late_bloom;broad_swell;soft_drone,inharmonic_fm,detune_cents=38.363;feedback=0.419;crossfeedback_percent=8.000;index=8.111->2.950;clean_percent=45.000;raw_fm_percent=40.000;parallel_ruin_percent=15.000;phase_drift_radians=0.080;drive=2.934;folds=3,3,0.9673337,-11.618489,-12.798943,11.298943,-1.5,-1.5,wav/14_didgeridoo_shaker_drum__39_near_foghorn.wav,2,288000,6.0,1727999,35.99997916666667,0.6488243,0.09702518,-20.26231,-7.913258e-9,0,0,0.5346672,-20.198818,-7.097804e-9,0.6488243,-20.326746,-8.728711e-9,0.14053541,-17.044285
14-40,long_additive_synth,didgeridoo_shaker_drum,barcelona_gate_pa,914726363e355e23,e28efd5cee017776,4,4;8;12,136.149902;168.516296;208.577057,sparse-hashed-13edo-gradual-drones-v14,long,eb14d4e7437b1487,9.396721;8.946675;8.444545,4.917361;4.433305;3.949248,breathing_drone;late_bloom;broad_swell,modal_noise_resonator,detune_cents=42.896;mode_disorder_percent=5.462;resonated_noise_percent=17.906;clean_percent=60.000;parallel_ruin_percent=22.094;drive=4.809;folds=2,5,0.9729435,-12.487111,-17.600655,16.100655,-1.5,-1.4999987,wav/14_didgeridoo_shaker_drum__40_barcelona_gate_pa.wav,2,288000,6.0,1727999,35.99997916666667,0.50658154,0.0983463,-20.14484,-7.3968107e-9,0,0,0.49167296,-20.144733,-5.6168643e-9,0.50658154,-20.144943,-9.176757e-9,0.14132433,-16.99566
14-41,long_additive_synth,didgeridoo_shaker_drum,delhi_subway_cycle,914726363e355e23,3187a582eafedd91,5,5;9;0,143.606293;177.745285;110.000000,sparse-hashed-13edo-gradual-drones-v14,long,592f438f7a7a4932,10.710844;10.382877;10.028105,6.654944;6.170888;5.686832,soft_drone;breathing_drone;late_bloom,saturated_saw_cluster,detune_cents=55.830;drift_cents=19.075;drive=8.915;folds=4;alias_percent=78.783;bits=7;hard_sync_percent=64.720;sample_hold_frames=2,5,0.95058846,-9.726263,-14.634041,13.134041,-1.5,-1.4999987,wav/14_didgeridoo_shaker_drum__41_delhi_subway_cycle.wav,2,288000,6.0,1727999,35.99997916666667,0.52407545,0.09833824,-20.145552,-1.35243345e-8,0,0,0.49441028,-20.139091,-2.5274254e-8,0.52407545,-20.15202,-1.774416e-9,0.143356,-16.871683
14-42,long_additive_synth,didgeridoo_shaker_drum,hockey_goal,914726363e355e23,7338d14d9c7d0103,2,2;6;10,122.378456;151.471039;187.479691,sparse-hashed-13edo-gradual-drones-v14,long,568ab1ebee3e6da9,9.171602;9.600016;9.989937,4.668961;5.153017;5.637074,soft_drone;broad_swell;late_bloom,modal_noise_resonator,detune_cents=52.961;mode_disorder_percent=3.834;resonated_noise_percent=11.433;clean_percent=60.000;parallel_ruin_percent=28.567;drive=4.867;folds=1,6,0.95521486,-10.179317,0.7592722,0.0,-1.5,0.7592722,wav/14_didgeridoo_shaker_drum__42_hockey_goal.wav,2,288000,6.0,1727999,35.99997916666667,0.57033587,0.09819747,-20.157995,-5.3108655e-9,0,0,0.54131323,-20.159475,-3.5295042e-9,0.57033587,-20.156513,-7.0922264e-9,0.14462358,-16.795218
14-43,long_additive_synth,didgeridoo_shaker_drum,ambulance_siren,914726363e355e23,f8af2f1a4cb0c701,8,8;12;3,168.516296;208.577057;129.080658,sparse-hashed-13edo-gradual-drones-v14,long,f51f511c1cbf9520,10.099710;9.719958;9.303793,5.781372;5.297316;4.813260,broad_swell;soft_drone;breathing_drone,inharmonic_fm,detune_cents=46.146;feedback=0.361;crossfeedback_percent=8.000;index=8.980->2.554;clean_percent=45.000;raw_fm_percent=40.000;parallel_ruin_percent=15.000;phase_drift_radians=0.080;drive=3.180;folds=3,5,0.95698905,-10.372561,-12.557049,11.057049,-1.5,-1.4999995,wav/14_didgeridoo_shaker_drum__43_ambulance_siren.wav,2,288000,6.0,1727999,35.99997916666667,0.49021053,0.0984123,-20.139011,-3.5698327e-9,0,0,0.49021053,-20.150143,-9.301208e-9,0.45780355,-20.12791,2.1615425e-9,0.14357682,-16.858313
14-44,long_additive_synth,didgeridoo_shaker_drum,woodshop_process,914726363e355e23,8e1e1d890ae5881a,2,2;6;10,122.378456;151.471039;187.479691,sparse-hashed-13edo-gradual-drones-v14,long,8d0d275192e32834,10.302236;9.940530;9.545938,6.057363;5.573307;5.089251,late_bloom;broad_swell;soft_drone,saturated_saw_cluster,detune_cents=75.848;drift_cents=19.052;drive=8.910;folds=4;alias_percent=75.616;bits=6;hard_sync_percent=62.215;sample_hold_frames=4,5,0.95587057,-10.237287,-5.7892923,4.2892923,-1.5,-1.4999995,wav/14_didgeridoo_shaker_drum__44_woodshop_process.wav,2,288000,6.0,1727999,35.99997916666667,0.68909895,0.09689695,-20.273798,-3.286032e-8,0,0,0.63607305,-20.247723,-6.678305e-8,0.68909895,-20.300034,1.0624078e-9,0.13927427,-17.122581
14-45,long_additive_synth,didgeridoo_shaker_drum,tractor_turning_hay,914726363e355e23,241aba059f6c939a,11,11;2;6,197.747208;122.378456;151.471039,sparse-hashed-13edo-gradual-drones-v14,long,148a1bbfcb53eb94,10.257972;9.892399;9.493202,5.995938;5.511882;5.027826,breathing_drone;late_bloom;broad_swell,inharmonic_fm,detune_cents=45.767;feedback=0.541;crossfeedback_percent=8.000;index=7.994->2.663;clean_percent=45.000;raw_fm_percent=40.000;parallel_ruin_percent=15.000;phase_drift_radians=0.080;drive=2.718;folds=3,5,0.9534679,-9.993405,-6.9173245,5.4173245,-1.5,-1.5000007,wav/14_didgeridoo_shaker_drum__45_tractor_turning_hay.wav,2,288000,6.0,1727999,35.99997916666667,0.53039515,0.098307244,-20.148289,-1.352234e-9,0,0,0.53039515,-20.139904,1.4056998e-9,0.52821326,-20.15669,-4.1101678e-9,0.1411346,-17.00733
14-46,long_additive_synth,didgeridoo_shaker_drum,hail_thunder,914726363e355e23,8ca435fa8014940b,7,7;11;2,159.766510;197.747208;122.378456,sparse-hashed-13edo-gradual-drones-v14,long,7bf02081528faeb4,7.439410;10.707119;10.378859,3.133293;6.649238;6.165181,broad_swell;soft_drone;breathing_drone,modal_noise_resonator,detune_cents=41.734;mode_disorder_percent=3.977;resonated_noise_percent=11.003;clean_percent=60.000;parallel_ruin_percent=28.997;drive=4.183;folds=2,5,0.98288447,-14.538151,-25.012905,23.512905,-1.5,-1.5,wav/14_didgeridoo_shaker_drum__46_hail_thunder.wav,2,288000,6.0,1727999,35.99997916666667,0.5906242,0.097660646,-20.205608,3.1149586e-10,0,0,0.55641735,-20.201057,-7.344238e-10,0.5906242,-20.210163,1.3574155e-9,0.14094165,-17.019213
14-47,long_additive_synth,didgeridoo_shaker_drum,marielle_protest,914726363e355e23,b99f4919a8dffbad,11,11;2;6,197.747208;122.378456;151.471039,sparse-hashed-13edo-gradual-drones-v14,long,c6b4624f31f33466,10.108926;9.730017;10.780002,5.793654;5.309598;6.761766,broad_swell;soft_drone;soft_drone,inharmonic_fm,detune_cents=31.677;feedback=0.465;crossfeedback_percent=8.000;index=8.286->2.888;clean_percent=45.000;raw_fm_percent=40.000;parallel_ruin_percent=15.000;phase_drift_radians=0.080;drive=2.404;folds=3,3,0.96751946,-11.652938,-2.5672927,1.0672927,-1.5,-1.5,wav/14_didgeridoo_shaker_drum__47_marielle_protest.wav,2,288000,6.0,1727999,35.99997916666667,0.55008346,0.09832627,-20.146608,8.037259e-9,0,0,0.5017928,-20.142902,1.7098246e-8,0.55008346,-20.150318,-1.0237289e-9,0.14207882,-16.949413
14-48,long_additive_synth,didgeridoo_shaker_drum,hair_salon_tools,914726363e355e23,91febc7e6d506cc8,0,0;4;8,110.000000;136.149902;168.516296,sparse-hashed-13edo-gradual-drones-v14,long,5e567e45ba0b2689,9.112978;8.630798;9.941437,4.606359;4.122303;5.574471,breathing_drone;late_bloom;broad_swell,modal_noise_resonator,detune_cents=53.604;mode_disorder_percent=3.613;resonated_noise_percent=10.600;clean_percent=60.000;parallel_ruin_percent=29.400;drive=5.111;folds=2,3,0.978672,-13.559914,-5.792225,4.292225,-1.5,-1.4999995,wav/14_didgeridoo_shaker_drum__48_hair_salon_tools.wav,2,288000,6.0,1727999,35.99997916666667,0.54557353,0.09835328,-20.144222,-1.5855814e-9,0,0,0.54557353,-20.14904,-3.3183372e-9,0.53980625,-20.13941,1.4717416e-10,0.1435525,-16.859785
15-25,long_additive_synth,opera_rehearsal,thunder_mountain,3008e4616dc9a70f,4e2a8e922a968e95,7,7;11;2,159.766510;197.747208;122.378456,sparse-hashed-13edo-gradual-drones-v14,long,e39ba832a9459cd1,8.720099;8.189366;7.584624,4.207944;3.723888;3.239832,breathing_drone;late_bloom;broad_swell,saturated_saw_cluster,detune_cents=61.885;drift_cents=14.356;drive=7.898;folds=4;alias_percent=75.866;bits=7;hard_sync_percent=61.868;sample_hold_frames=2,5,0.9566482,-10.333867,-3.826628,2.326628,-1.5,-1.5,wav/15_opera_rehearsal__25_thunder_mountain.wav,2,288000,6.0,1727999,35.99997916666667,0.6400562,0.09792283,-20.182322,-1.968253e-9,0,0,0.5838569,-20.187428,-1.6772893e-9,0.6400562,-20.177221,-2.2592166e-9,0.14024583,-17.062202
15-26,long_additive_synth,opera_rehearsal,inside_car_wash,3008e4616dc9a70f,903a06c594b2e6cb,1,1;5;9,116.024269;143.606293;177.745285,sparse-hashed-13edo-gradual-drones-v14,long,393b360377d8304b,10.280758;9.917182;9.520362,6.027481;5.543425;5.059368,late_bloom;broad_swell;soft_drone,modal_noise_resonator,detune_cents=45.114;mode_disorder_percent=5.723;resonated_noise_percent=12.811;clean_percent=60.000;parallel_ruin_percent=27.189;drive=4.702;folds=2,5,0.97547764,-12.927265,-15.921206,14.421206,-1.5,-1.5,wav/15_opera_rehearsal__26_inside_car_wash.wav,2,288000,6.0,1727999,35.99997916666667,0.59612346,0.09817326,-20.160137,7.228223e-10,0,0,0.494774,-20.148724,-2.528934e-10,0.59612346,-20.171577,1.698538e-9,0.1378133,-17.214178
15-27,long_additive_synth,opera_rehearsal,peru_new_year_fireworks,3008e4616dc9a70f,83317dd5c74822ca,0,0;4;8,110.000000;136.149902;168.516296,sparse-hashed-13edo-gradual-drones-v14,long,89235dcb574af082,10.646179;10.313099;7.950623,6.556589;6.072533;3.524702,soft_drone;breathing_drone;late_bloom,saturated_saw_cluster,detune_cents=83.109;drift_cents=13.385;drive=7.655;folds=4;alias_percent=66.866;bits=5;hard_sync_percent=51.126;sample_hold_frames=2,3,0.96744114,-11.643702,-14.014811,12.514811,-1.5,-1.5000007,wav/15_opera_rehearsal__27_peru_new_year_fireworks.wav,2,288000,6.0,1727999,35.99997916666667,0.56168306,0.09812942,-20.164015,8.606845e-10,0,0,0.56168306,-20.17008,1.379327e-9,0.51938206,-20.157959,3.420421e-10,0.13864416,-17.161968
15-28,long_additive_synth,opera_rehearsal,efteling_steam_train,3008e4616dc9a70f,9a412959184abdf9,5,5;9;0,143.606293;177.745285;110.000000,sparse-hashed-13edo-gradual-drones-v14,long,87fae4827916cf5f,7.618796;8.219110;8.746433,3.265424;3.749480;4.233537,broad_swell;late_bloom;breathing_drone,modal_noise_resonator,detune_cents=45.989;mode_disorder_percent=4.283;resonated_noise_percent=13.783;clean_percent=60.000;parallel_ruin_percent=26.217;drive=4.885;folds=1,6,0.92344046,-7.6503325,-8.948134,7.4481344,-1.5,-1.5,wav/15_opera_rehearsal__28_efteling_steam_train.wav,2,288000,6.0,1727999,35.99997916666667,0.5752803,0.098116085,-20.165195,-4.3680863e-9,0,0,0.549384,-20.178411,-7.995778e-9,0.5752803,-20.15202,-7.4039413e-10,0.13809147,-17.196663
15-29,long_additive_synth,opera_rehearsal,helicopter_takeoff,3008e4616dc9a70f,4534148b4903c233,11,11;2;6,197.747208;122.378456;151.471039,sparse-hashed-13edo-gradual-drones-v14,long,43511f2e21ee297d,9.380788;9.789974;8.424697,4.899354;5.383410;3.931241,breathing_drone;soft_drone;broad_swell,saturated_saw_cluster,detune_cents=76.031;drift_cents=16.182;drive=7.934;folds=3;alias_percent=78.209;bits=6;hard_sync_percent=68.810;sample_hold_frames=4,4,0.9610164,-10.833706,-5.1243887,3.6243887,-1.5,-1.5000007,wav/15_opera_rehearsal__29_helicopter_takeoff.wav,2,288000,6.0,1727999,35.99997916666667,0.5966069,0.0979951,-20.175913,-4.5731377e-10,0,0,0.5966069,-20.165848,-7.788057e-10,0.5861159,-20.186,-1.3582187e-10,0.14001362,-17.076595
15-30,long_additive_synth,opera_rehearsal,scuba_bubbles,3008e4616dc9a70f,d2eaf6d35c117589,9,9;0;4,177.745285;110.000000;136.149902,sparse-hashed-13edo-gradual-drones-v14,long,869466c631f1271c,10.340942;9.982582;7.364489,6.111591;5.627535;3.079703,soft_drone;breathing_drone;late_bloom,saturated_saw_cluster,detune_cents=64.424;drift_cents=14.929;drive=7.844;folds=4;alias_percent=79.161;bits=7;hard_sync_percent=60.510;sample_hold_frames=3,3,0.98383623,-14.802362,-12.840229,11.340229,-1.5,-1.5000007,wav/15_opera_rehearsal__30_scuba_bubbles.wav,2,288000,6.0,1727999,35.99997916666667,0.6111381,0.09802822,-20.172977,-6.092245e-10,0,0,0.6111381,-20.188595,-1.7303917e-9,0.52126145,-20.157415,5.119427e-10,0.14130676,-16.996742
15-31,long_additive_synth,opera_rehearsal,building_demolition,3008e4616dc9a70f,d502a0866ac3b927,5,5;9;0,143.606293;177.745285;110.000000,sparse-hashed-13edo-gradual-drones-v14,long,ac801e87271f4855,10.663991;7.347374;7.983697,6.583534;3.067590;3.551647,broad_swell;late_bloom;breathing_drone,inharmonic_fm,detune_cents=37.665;feedback=0.402;crossfeedback_percent=8.000;index=6.854->3.933;clean_percent=45.000;raw_fm_percent=40.000;parallel_ruin_percent=15.000;phase_drift_radians=0.080;drive=2.818;folds=2,6,0.9560113,-10.258309,-12.874814,11.374814,-1.5,-1.4999995,wav/15_opera_rehearsal__31_building_demolition.wav,2,288000,6.0,1727999,35.99997916666667,0.51309276,0.098499745,-20.131298,1.892242e-9,0,0,0.51309276,-20.137814,2.2841387e-9,0.48291805,-20.124794,1.5003452e-9,0.13942808,-17.112995
15-32,long_additive_synth,opera_rehearsal,finnish_blacksmith,3008e4616dc9a70f,8828c2d1c0ff4488,6,6;10;1,151.471039;187.479691;116.024269,sparse-hashed-13edo-gradual-drones-v14,long,146a6e8ee9acd911,7.512127;10.741536;10.415967,3.186198;6.702142;6.218085,soft_drone;breathing_drone;late_bloom,saturated_saw_cluster,detune_cents=55.182;drift_cents=12.942;drive=8.825;folds=4;alias_percent=74.309;bits=5;hard_sync_percent=53.522;sample_hold_frames=2,5,0.9737425,-12.619966,-8.719782,7.219782,-1.5,-1.4999995,wav/15_opera_rehearsal__32_finnish_blacksmith.wav,2,288000,6.0,1727999,35.99997916666667,0.6370304,0.097904384,-20.183956,-2.1428614e-10,0,0,0.6370304,-20.196758,-3.4043826e-9,0.54656076,-20.171194,2.9758103e-9,0.13687855,-17.273293
15-33,long_additive_synth,opera_rehearsal,cattle_auction,3008e4616dc9a70f,63aeff78df8557af,8,8;12;3,168.516296;208.577057;129.080658,sparse-hashed-13edo-gradual-drones-v14,long,fc50e3ccba46941a,9.743331;9.329508;8.872061,5.325901;4.841844;4.357788,soft_drone;breathing_drone;late_bloom,saturated_saw_cluster,detune_cents=82.261;drift_cents=14.977;drive=7.891;folds=4;alias_percent=79.052;bits=7;hard_sync_percent=61.082;sample_hold_frames=4,5,0.9523401,-9.883071,-7.12632,5.62632,-1.5,-1.5000007,wav/15_opera_rehearsal__33_cattle_auction.wav,2,288000,6.0,1727999,35.99997916666667,0.56960857,0.098131925,-20.163794,-1.9711415e-9,0,0,0.5252848,-20.166014,-3.0981258e-9,0.56960857,-20.161573,-8.4415713e-10,0.13839288,-17.177725
15-34,long_additive_synth,opera_rehearsal,ferry_alarm,3008e4616dc9a70f,63fa0671c3c8b3fd,4,4;8;12,136.149902;168.516296;208.577057,sparse-hashed-13edo-gradual-drones-v14,long,573c51079900f304,9.341475;8.885354;8.375647,4.855204;4.371148;3.887091,soft_drone;breathing_drone;late_bloom,saturated_saw_cluster,detune_cents=59.152;drift_cents=21.300;drive=8.387;folds=4;alias_percent=66.231;bits=7;hard_sync_percent=45.873;sample_hold_frames=2,5,0.9406014,-8.857765,-8.406325,6.9063253,-1.5,-1.5000007,wav/15_opera_rehearsal__34_ferry_alarm.wav,2,288000,6.0,1727999,35.99997916666667,0.5723836,0.09811924,-20.164917,-3.3411796e-10,0,0,0.53374636,-20.165207,-2.6338818e-9,0.5723836,-20.164627,1.9656459e-9,0.13678184,-17.27943
15-35,long_additive_synth,opera_rehearsal,flooded_mine,3008e4616dc9a70f,5ef5719090cb3c3e,6,6;10;1,151.471039;187.479691;116.024269,sparse-hashed-13edo-gradual-drones-v14,long,48ef861f6d67fdc0,9.669167;9.247861;10.406004,5.235723;4.751667;6.203836,breathing_drone;late_bloom;late_bloom,inharmonic_fm,detune_cents=47.652;feedback=0.534;crossfeedback_percent=8.000;index=6.220->3.568;clean_percent=45.000;raw_fm_percent=40.000;parallel_ruin_percent=15.000;phase_drift_radians=0.080;drive=2.343;folds=3,3,0.9712369,-12.211268,-20.246572,18.746572,-1.5,-1.4999995,wav/15_opera_rehearsal__35_flooded_mine.wav,2,288000,6.0,1727999,35.99997916666667,0.5975166,0.097910576,-20.183409,-1.4247683e-9,0,0,0.5394088,-20.172148,-1.0713957e-9,0.5975166,-20.194698,-1.778141e-9,0.13967255,-17.097778
15-36,long_additive_synth,opera_rehearsal,cappuccino_process,3008e4616dc9a70f,c9cb796a64de33e2,9,9;0;4,177.745285;110.000000;136.149902,sparse-hashed-13edo-gradual-drones-v14,long,a5826a04054381de,9.721224;10.100868;10.449977,5.298859;5.782915;6.266972,breathing_drone;soft_drone;broad_swell,inharmonic_fm,detune_cents=34.931;feedback=0.497;crossfeedback_percent=8.000;index=7.729->2.538;clean_percent=45.000;raw_fm_percent=40.000;parallel_ruin_percent=15.000;phase_drift_radians=0.080;drive=3.007;folds=2,6,0.9524276,-9.885973,-17.077744,15.577744,-1.5,-1.5,wav/15_opera_rehearsal__36_cappuccino_process.wav,2,288000,6.0,1727999,35.99997916666667,0.60213006,0.09738097,-20.230518,2.3748952e-9,0,0,0.57937545,-20.188171,2.4511677e-9,0.60213006,-20.273281,2.2986226e-9,0.13790645,-17.20831
15-37,long_additive_synth,opera_rehearsal,tennis_match,3008e4616dc9a70f,09cb934e68f8f084,12,12;3;7,208.577057;129.080658;159.766510,sparse-hashed-13edo-gradual-drones-v14,long,73767ca6bb3c150c,8.449228;7.882010;10.921310,3.953510;3.469453;6.985397,breathing_drone;late_bloom;broad_swell,inharmonic_fm,detune_cents=37.808;feedback=0.527;crossfeedback_percent=8.000;index=8.656->3.499;clean_percent=45.000;raw_fm_percent=40.000;parallel_ruin_percent=15.000;phase_drift_radians=0.080;drive=3.197;folds=3,5,0.9476764,-9.452366,-12.230904,10.730904,-1.5,-1.5000012,wav/15_opera_rehearsal__37_tennis_match.wav,2,288000,6.0,1727999,35.99997916666667,0.6763879,0.097501054,-20.219814,-1.1061805e-9,0,0,0.57826823,-20.186916,6.9431827e-10,0.6763879,-20.252962,-2.9066791e-9,0.14014535,-17.068426
15-38,long_additive_synth,opera_rehearsal,chainsaw_cycle,3008e4616dc9a70f,5c7feb9d452f2bef,0,0;4;8,110.000000;136.149902;168.516296,sparse-hashed-13edo-gradual-drones-v14,long,bb8c676efe0488a8,7.676080;8.269042;10.500750,3.308780;3.792836;6.340668,broad_swell;late_bloom;breathing_drone,modal_noise_resonator,detune_cents=42.226;mode_disorder_percent=5.808;resonated_noise_percent=12.449;clean_percent=60.000;parallel_ruin_percent=27.551;drive=4.757;folds=1,4,0.97978395,-13.791069,-19.729889,18.229889,-1.5,-1.4999995,wav/15_opera_rehearsal__38_chainsaw_cycle.wav,2,288000,6.0,1727999,35.99997916666667,0.6505469,0.096792646,-20.283154,-3.1466776e-9,0,0,0.638638,-20.249826,-1.8181148e-9,0.6505469,-20.316736,-4.47524e-9,0.13937147,-17.116524
15-39,long_additive_synth,opera_rehearsal,near_foghorn,3008e4616dc9a70f,1d6af12c6225ab62,2,2;6;10,122.378456;151.471039;187.479691,sparse-hashed-13edo-gradual-drones-v14,long,f88319a031821f65,8.155206;7.545337;9.165891,3.694712;3.210656;4.662825,late_bloom;broad_swell;soft_drone,modal_noise_resonator,detune_cents=52.799;mode_disorder_percent=3.708;resonated_noise_percent=12.024;clean_percent=60.000;parallel_ruin_percent=27.976;drive=4.001;folds=2,3,0.95932055,-10.636338,-16.726084,15.226084,-1.5,-1.4999995,wav/15_opera_rehearsal__39_near_foghorn.wav,2,288000,6.0,1727999,35.99997916666667,0.6512368,0.097135976,-20.252398,-2.0391646e-8,0,0,0.5836316,-20.206581,-1.3474735e-8,0.6512368,-20.298702,-2.7308555e-8,0.1377542,-17.217903
15-40,long_additive_synth,opera_rehearsal,barcelona_gate_pa,3008e4616dc9a70f,e28efd5cee017776,11,11;2;6,197.747208;122.378456;151.471039,sparse-hashed-13edo-gradual-drones-v14,long,3b3000545919c2a1,10.084023;10.434435;9.284945,5.760528;6.244584;4.792415,breathing_drone;soft_drone;broad_swell,saturated_saw_cluster,detune_cents=74.068;drift_cents=12.202;drive=9.742;folds=3;alias_percent=63.716;bits=6;hard_sync_percent=52.745;sample_hold_frames=3,4,0.9760054,-13.026095,-17.770607,16.270607,-1.5,-1.5,wav/15_opera_rehearsal__40_barcelona_gate_pa.wav,2,288000,6.0,1727999,35.99997916666667,0.55653197,0.09767578,-20.204262,-1.5368821e-9,0,0,0.55653197,-20.210485,-2.7075515e-9,0.5056844,-20.19805,-3.6621256e-10,0.13994117,-17.08109
15-41,long_additive_synth,opera_rehearsal,delhi_subway_cycle,3008e4616dc9a70f,3187a582eafedd91,0,0;4;8,110.000000;136.149902;168.516296,sparse-hashed-13edo-gradual-drones-v14,long,0042ab57af9317b0,10.687445;10.357637;10.000710,6.619184;6.135128;5.651073,breathing_drone;late_bloom;broad_swell,modal_noise_resonator,detune_cents=48.864;mode_disorder_percent=3.140;resonated_noise_percent=12.664;clean_percent=60.000;parallel_ruin_percent=27.336;drive=4.774;folds=2,5,0.9575256,-10.418643,-18.225933,16.725933,-1.5,-1.4999987,wav/15_opera_rehearsal__41_delhi_subway_cycle.wav,2,288000,6.0,1727999,35.99997916666667,0.68447524,0.09727421,-20.240047,-3.7144518e-10,0,0,0.6074051,-20.215929,-8.399155e-10,0.68447524,-20.2643,9.7025186e-11,0.13664398,-17.28819
15-42,long_additive_synth,opera_rehearsal,hockey_goal,3008e4616dc9a70f,7338d14d9c7d0103,5,5;9;0,143.606293;177.745285;110.000000,sparse-hashed-13edo-gradual-drones-v14,long,90365d0835e8af67,8.124175;8.662457;10.740339,3.668407;4.152463;6.700294,late_bloom;breathing_drone;soft_drone,saturated_saw_cluster,detune_cents=67.914;drift_cents=19.659;drive=7.049;folds=3;alias_percent=65.783;bits=7;hard_sync_percent=68.549;sample_hold_frames=4,4,0.9736306,-12.610044,-7.368731,5.868731,-1.5,-1.5000007,wav/15_opera_rehearsal__42_hockey_goal.wav,2,288000,6.0,1727999,35.99997916666667,0.6452402,0.09786096,-20.187809,1.4515484e-9,0,0,0.6452402,-20.193268,3.0295546e-9,0.6153675,-20.182362,-1.2645772e-10,0.13844635,-17.17437
15-43,long_additive_synth,opera_rehearsal,ambulance_siren,3008e4616dc9a70f,f8af2f1a4cb0c701,6,6;10;1,151.471039;187.479691;116.024269,sparse-hashed-13edo-gradual-drones-v14,long,c13aa3a1ee07dbc2,10.319324;9.959099;9.566270,6.081244;5.597188;5.113132,breathing_drone;late_bloom;broad_swell,saturated_saw_cluster,detune_cents=75.498;drift_cents=16.539;drive=8.247;folds=4;alias_percent=66.381;bits=6;hard_sync_percent=47.091;sample_hold_frames=4,5,0.95616865,-10.290634,-7.648303,6.148303,-1.5,-1.4999995,wav/15_opera_rehearsal__43_ambulance_siren.wav,2,288000,6.0,1727999,35.99997916666667,0.582885,0.09822691,-20.15539,6.521167e-10,0,0,0.582885,-20.163403,-1.9376839e-10,0.5564882,-20.147392,1.4980017e-9,0.13777576,-17.216543
15-44,long_additive_synth,opera_rehearsal,woodshop_process,3008e4616dc9a70f,8e1e1d890ae5881a,1,1;5;9,116.024269;143.606293;177.745285,sparse-hashed-13edo-gradual-drones-v14,long,70fef98c330b8e7e,8.927954;8.423521;7.852705,4.414233;3.930177;3.446121,broad_swell;soft_drone;breathing_drone,saturated_saw_cluster,detune_cents=74.774;drift_cents=22.347;drive=8.649;folds=4;alias_percent=67.976;bits=6;hard_sync_percent=68.117;sample_hold_frames=3,5,0.95747906,-10.4168625,-6.53613,5.03613,-1.5,-1.5,wav/15_opera_rehearsal__44_woodshop_process.wav,2,288000,6.0,1727999,35.99997916666667,0.7144527,0.09618851,-20.337536,-2.012075e-9,0,0,0.7144527,-20.409286,-5.4185927e-9,0.63017476,-20.266953,1.3944427e-9,0.1372989,-17.246658
15-45,long_additive_synth,opera_rehearsal,tractor_turning_hay,3008e4616dc9a70f,241aba059f6c939a,7,7;11;2,159.766510;197.747208;122.378456,sparse-hashed-13edo-gradual-drones-v14,long,faa9979e5858f52a,9.749068;9.335819;10.473532,5.332941;4.848885;6.301054,late_bloom;broad_swell;soft_drone,inharmonic_fm,detune_cents=35.528;feedback=0.433;crossfeedback_percent=8.000;index=6.369->2.799;clean_percent=45.000;raw_fm_percent=40.000;parallel_ruin_percent=15.000;phase_drift_radians=0.080;drive=2.859;folds=3,3,0.97111136,-12.201451,-9.650134,8.150134,-1.5,-1.4999995,wav/15_opera_rehearsal__45_tractor_turning_hay.wav,2,288000,6.0,1727999,35.99997916666667,0.5668716,0.09811594,-20.165207,-1.1052752e-9,0,0,0.54617596,-20.167362,-1.7676385e-9,0.5668716,-20.163055,-4.4291182e-10,0.1403707,-17.05447
15-46,long_additive_synth,opera_rehearsal,hail_thunder,3008e4616dc9a70f,8ca435fa8014940b,0,0;4;8,110.000000;136.149902;168.516296,sparse-hashed-13edo-gradual-drones-v14,long,6c4fa8f7a3cc54de,9.183989;8.710073;8.178033,4.682296;4.198240;3.714184,soft_drone;breathing_drone;late_bloom,modal_noise_resonator,detune_cents=54.899;mode_disorder_percent=4.542;resonated_noise_percent=15.092;clean_percent=60.000;parallel_ruin_percent=24.908;drive=4.722;folds=2,5,0.9389839,-8.6895895,-14.408988,12.908988,-1.5,-1.5000007,wav/15_opera_rehearsal__46_hail_thunder.wav,2,288000,6.0,1727999,35.99997916666667,0.5725839,0.097918436,-20.182709,-3.2251688e-9,0,0,0.5725839,-20.19038,-4.3898423e-9,0.5598215,-20.175056,-2.0604953e-9,0.14125171,-17.000126
15-47,long_additive_synth,opera_rehearsal,marielle_protest,3008e4616dc9a70f,b99f4919a8dffbad,12,12;3;7,208.577057;129.080658;159.766510,sparse-hashed-13edo-gradual-drones-v14,long,d41d7e688bc4db90,10.437246;10.087070;9.706163,6.248627;5.764571;5.280515,soft_drone;breathing_drone;late_bloom,inharmonic_fm,detune_cents=44.884;feedback=0.382;crossfeedback_percent=8.000;index=7.819->3.600;clean_percent=45.000;raw_fm_percent=40.000;parallel_ruin_percent=15.000;phase_drift_radians=0.080;drive=2.521;folds=3,5,0.96899563,-11.87342,-12.209127,10.709127,-1.5,-1.5,wav/15_opera_rehearsal__47_marielle_protest.wav,2,288000,6.0,1727999,35.99997916666667,0.59442246,0.098214,-20.156532,-1.3935305e-9,0,0,0.56502193,-20.161037,7.4779116e-10,0.59442246,-20.15203,-3.5348522e-9,0.14159095,-16.97929
15-48,long_additive_synth,opera_rehearsal,hair_salon_tools,3008e4616dc9a70f,91febc7e6d506cc8,6,6;10;1,151.471039;187.479691;116.024269,sparse-hashed-13edo-gradual-drones-v14,long,e516b6a6ccd80bb3,7.954338;7.313364;10.648177,3.527718;3.043662;6.559606,soft_drone;breathing_drone;late_bloom,inharmonic_fm,detune_cents=36.924;feedback=0.480;crossfeedback_percent=8.000;index=8.351->3.857;clean_percent=45.000;raw_fm_percent=40.000;parallel_ruin_percent=15.000;phase_drift_radians=0.080;drive=3.179;folds=3,5,0.9524641,-9.900658,-18.26188,16.76188,-1.5,-1.5,wav/15_opera_rehearsal__48_hair_salon_tools.wav,2,288000,6.0,1727999,35.99997916666667,0.5952976,0.09810019,-20.166603,-1.8380362e-9,0,0,0.53774476,-20.170448,-1.0422664e-9,0.5952976,-20.162762,-2.633806e-9,0.1396919,-17.096575
16-25,long_additive_synth,hamburg_church_bells,thunder_mountain,d7eebac0378c3795,4e2a8e922a968e95,3,3;7;11,129.080658;159.766510;197.747208,sparse-hashed-13edo-gradual-drones-v14,long,eb7c1d8ce23a07ae,10.640126;10.306562;7.939356,6.547456;6.063400;3.515568,soft_drone;breathing_drone;late_bloom,inharmonic_fm,detune_cents=29.385;feedback=0.536;crossfeedback_percent=8.000;index=7.902->2.970;clean_percent=45.000;raw_fm_percent=40.000;parallel_ruin_percent=15.000;phase_drift_radians=0.080;drive=3.150;folds=3,3,0.9713817,-12.238072,-13.233491,11.733491,-1.5,-1.5000007,wav/16_hamburg_church_bells__25_thunder_mountain.wav,2,288000,6.0,1727999,35.99997916666667,0.61443686,0.09730249,-20.237522,-7.4727735e-9,0,0,0.61443686,-20.22463,-1.2473266e-8,0.5877202,-20.25045,-2.4722817e-9,0.13770767,-17.220839
16-26,long_additive_synth,hamburg_church_bells,inside_car_wash,d7eebac0378c3795,903a06c594b2e6cb,1,1;5;9,116.024269;143.606293;177.745285,sparse-hashed-13edo-gradual-drones-v14,long,4aef7425f174b0d2,10.407373;10.054680;7.495341,6.205794;5.721738;3.173907,broad_swell;soft_drone;breathing_drone,saturated_saw_cluster,detune_cents=74.356;drift_cents=19.204;drive=8.947;folds=4;alias_percent=60.560;bits=7;hard_sync_percent=69.149;sample_hold_frames=3,3,0.9787522,-13.576395,-18.179695,16.679695,-1.5,-1.4999995,wav/16_hamburg_church_bells__26_inside_car_wash.wav,2,288000,6.0,1727999,35.99997916666667,0.6588805,0.09736023,-20.232368,-1.0848537e-8,0,0,0.61121184,-20.179409,2.0362578e-9,0.6588805,-20.285978,-2.3733332e-8,0.14439571,-16.808914
16-27,long_additive_synth,hamburg_church_bells,peru_new_year_fireworks,d7eebac0378c3795,83317dd5c74822ca,8,8;12;3,168.516296;208.577057;129.080658,sparse-hashed-13edo-gradual-drones-v14,long,c79b36c70718471b,7.698354;8.288480;10.512388,3.325794;3.809851;6.357682,soft_drone;broad_swell;late_bloom,modal_noise_resonator,detune_cents=46.247;mode_disorder_percent=5.280;resonated_noise_percent=16.540;clean_percent=60.000;parallel_ruin_percent=23.460;drive=4.745;folds=1,4,0.9599238,-10.701621,-10.135059,8.635059,-1.5,-1.5,wav/16_hamburg_church_bells__27_peru_new_year_fireworks.wav,2,288000,6.0,1727999,35.99997916666667,0.5662982,0.09799833,-20.175627,3.4961642e-9,0,0,0.52082366,-20.159464,5.5517977e-9,0.5662982,-20.19185,1.4405307e-9,0.13985322,-17.08655
16-28,long_additive_synth,hamburg_church_bells,efteling_steam_train,d7eebac0378c3795,9a412959184abdf9,10,10;1;5,187.479691;116.024269;143.606293,sparse-hashed-13edo-gradual-drones-v14,long,0391e151c382ddf4,9.739822;10.117913;10.465708,5.321600;5.805656;6.289713,broad_swell;late_bloom;breathing_drone,modal_noise_resonator,detune_cents=42.774;mode_disorder_percent=5.762;resonated_noise_percent=14.616;clean_percent=60.000;parallel_ruin_percent=25.384;drive=4.907;folds=1,6,0.927182,-7.88567,-7.312763,5.812763,-1.5,-1.4999995,wav/16_hamburg_church_bells__28_efteling_steam_train.wav,2,288000,6.0,1727999,35.99997916666667,0.5671516,0.09813225,-20.163765,4.5287134e-9,0,0,0.5671516,-20.163631,5.3655906e-9,0.5472036,-20.163898,3.691836e-9,0.1440432,-16.830143
16-29,long_additive_synth,hamburg_church_bells,helicopter_takeoff,d7eebac0378c3795,4534148b4903c233,12,12;3;7,208.577057;129.080658;159.766510,sparse-hashed-13edo-gradual-drones-v14,long,711dfa6e74e12fe2,7.742308;8.326874;10.535437,3.359625;3.843681;6.391513,breathing_drone;soft_drone;broad_swell,saturated_saw_cluster,detune_cents=59.516;drift_cents=20.635;drive=8.816;folds=3;alias_percent=74.274;bits=7;hard_sync_percent=59.407;sample_hold_frames=2,4,0.9607626,-10.799657,-17.834625,16.334625,-1.5,-1.5000007,wav/16_hamburg_church_bells__29_helicopter_takeoff.wav,2,288000,6.0,1727999,35.99997916666667,0.62239355,0.09762031,-20.209196,-3.630758e-9,0,0,0.62239355,-20.19933,6.90008e-10,0.6218581,-20.219086,-7.951524e-9,0.14498578,-16.773493
16-30,long_additive_synth,hamburg_church_bells,scuba_bubbles,d7eebac0378c3795,d2eaf6d35c117589,11,11;2;6,197.747208;122.378456;151.471039,sparse-hashed-13edo-gradual-drones-v14,long,538a55027ecca865,8.418389;7.846852;9.375729,3.925536;3.441480;4.893649,breathing_drone;late_bloom;broad_swell,inharmonic_fm,detune_cents=29.977;feedback=0.375;crossfeedback_percent=8.000;index=6.118->2.858;clean_percent=45.000;raw_fm_percent=40.000;parallel_ruin_percent=15.000;phase_drift_radians=0.080;drive=2.694;folds=3,3,0.9738898,-12.637475,-6.5504084,5.0504084,-1.5,-1.5,wav/16_hamburg_church_bells__30_scuba_bubbles.wav,2,288000,6.0,1727999,35.99997916666667,0.5385079,0.09791796,-20.182753,-1.0591747e-9,0,0,0.53099084,-20.172007,-7.855776e-10,0.5385079,-20.193527,-1.332772e-9,0.14450838,-16.80214
16-31,long_additive_synth,hamburg_church_bells,building_demolition,d7eebac0378c3795,d502a0866ac3b927,8,8;12;3,168.516296;208.577057;129.080658,sparse-hashed-13edo-gradual-drones-v14,long,47dcce50805de4bc,10.632957;7.280496;7.925997,6.536658;3.020714;3.504771,broad_swell;breathing_drone;soft_drone,modal_noise_resonator,detune_cents=48.334;mode_disorder_percent=5.982;resonated_noise_percent=15.342;clean_percent=60.000;parallel_ruin_percent=24.658;drive=3.969;folds=1,6,0.9504986,-9.690327,-10.290615,8.790615,-1.5,-1.5,wav/16_hamburg_church_bells__31_building_demolition.wav,2,288000,6.0,1727999,35.99997916666667,0.5823875,0.09823297,-20.154856,-1.4738547e-9,0,0,0.5823875,-20.172483,7.9492607e-10,0.4866447,-20.137299,-3.7426355e-9,0.13867092,-17.160292
16-32,long_additive_synth,hamburg_church_bells,finnish_blacksmith,d7eebac0378c3795,8828c2d1c0ff4488,5,5;9;0,143.606293;177.745285;110.000000,sparse-hashed-13edo-gradual-drones-v14,long,73d971e201139096,9.488570;9.048436;8.558618,5.022466;4.538410;4.054354,breathing_drone;late_bloom;broad_swell,saturated_saw_cluster,detune_cents=60.046;drift_cents=13.970;drive=7.801;folds=4;alias_percent=61.277;bits=5;hard_sync_percent=62.137;sample_hold_frames=3,5,0.9740461,-12.67002,-12.737583,11.237583,-1.5,-1.5000007,wav/16_hamburg_church_bells__32_finnish_blacksmith.wav,2,288000,6.0,1727999,35.99997916666667,0.6414681,0.09758074,-20.212717,1.2008337e-9,0,0,0.6414681,-20.218815,4.8741615e-9,0.61789995,-20.206627,-2.4724942e-9,0.14048788,-17.047222
16-33,long_additive_synth,hamburg_church_bells,cattle_auction,d7eebac0378c3795,63aeff78df8557af,11,11;2;6,197.747208;122.378456;151.471039,sparse-hashed-13edo-gradual-drones-v14,long,f3aa752e49d73b59,10.791762;7.617112;8.217645,6.780102;3.264158;3.748214,soft_drone;broad_swell;late_bloom,modal_noise_resonator,detune_cents=51.328;mode_disorder_percent=5.866;resonated_noise_percent=12.699;clean_percent=60.000;parallel_ruin_percent=27.301;drive=4.201;folds=1,6,0.9504403,-9.696203,-17.119055,15.619055,-1.5,-1.4999995,wav/16_hamburg_church_bells__33_cattle_auction.wav,2,288000,6.0,1727999,35.99997916666667,0.55488634,0.098039694,-20.171963,2.919325e-9,0,0,0.55488634,-20.174522,1.5716969e-9,0.46154192,-20.169401,4.266953e-9,0.15020394,-16.466373
16-34,long_additive_synth,hamburg_church_bells,ferry_alarm,d7eebac0378c3795,63fa0671c3c8b3fd,5,5;9;0,143.606293;177.745285;110.000000,sparse-hashed-13edo-gradual-drones-v14,long,d3e1af427cd523b1,9.510931;9.908573;10.272842,5.048392;5.532449;6.016505,soft_drone;broad_swell;late_bloom,modal_noise_resonator,detune_cents=52.516;mode_disorder_percent=3.206;resonated_noise_percent=13.094;clean_percent=60.000;parallel_ruin_percent=26.906;drive=4.781;folds=1,6,0.95678115,-10.345143,-1.3762636,0.0,-1.5,-1.3762636,wav/16_hamburg_church_bells__34_ferry_alarm.wav,2,288000,6.0,1727999,35.99997916666667,0.67855966,0.09773997,-20.198555,-3.8133656e-9,0,0,0.67518955,-20.201185,-2.3657167e-9,0.67855966,-20.19593,-5.2610147e-9,0.13862711,-17.163036
16-35,long_additive_synth,hamburg_church_bells,flooded_mine,d7eebac0378c3795,5ef5719090cb3c3e,4,4;8;12,136.149902;168.516296;208.577057,sparse-hashed-13edo-gradual-drones-v14,long,b50fa3a58c62e013,10.082901;9.701611;10.757712,5.759039;5.274983;6.727152,late_bloom;broad_swell;soft_drone,saturated_saw_cluster,detune_cents=80.985;drift_cents=12.306;drive=8.469;folds=4;alias_percent=63.359;bits=7;hard_sync_percent=66.057;sample_hold_frames=2,3,0.95515376,-10.173077,-9.17343,7.6734304,-1.5,-1.5000007,wav/16_hamburg_church_bells__35_flooded_mine.wav,2,288000,6.0,1727999,35.99997916666667,0.60452986,0.09752081,-20.218052,-2.604571e-10,0,0,0.57967734,-20.198584,2.0415738e-9,0.60452986,-20.23761,-2.562488e-9,0.14063992,-17.037828
16-36,long_additive_synth,hamburg_church_bells,cappuccino_process,d7eebac0378c3795,c9cb796a64de33e2,0,0;4;8,110.000000;136.149902;168.516296,sparse-hashed-13edo-gradual-drones-v14,long,22e4a5e8f521547d,7.277691;7.923578;8.485728,3.018764;3.502820;3.986876,breathing_drone;soft_drone;broad_swell,saturated_saw_cluster,detune_cents=58.071;drift_cents=13.060;drive=8.676;folds=3;alias_percent=62.495;bits=5;hard_sync_percent=69.556;sample_hold_frames=2,6,0.95214134,-9.854705,-12.281989,10.781989,-1.5,-1.5000007,wav/16_hamburg_church_bells__36_cappuccino_process.wav,2,288000,6.0,1727999,35.99997916666667,0.7335279,0.095931545,-20.360771,1.1019349e-8,0,0,0.64016956,-20.261257,5.491253e-9,0.7335279,-20.46262,1.6547446e-8,0.13705064,-17.262379
16-37,long_additive_synth,hamburg_church_bells,tennis_match,d7eebac0378c3795,09cb934e68f8f084,6,6;10;1,151.471039;187.479691;116.024269,sparse-hashed-13edo-gradual-drones-v14,long,d71aca83c789452f,7.935329;8.496055;8.992591,3.512311;3.996367;4.480424,broad_swell;late_bloom;breathing_drone,inharmonic_fm,detune_cents=33.316;feedback=0.455;crossfeedback_percent=8.000;index=8.876->3.638;clean_percent=45.000;raw_fm_percent=40.000;parallel_ruin_percent=15.000;phase_drift_radians=0.080;drive=2.325;folds=2,6,0.9427464,-9.013382,-3.36712,1.86712,-1.5,-1.5,wav/16_hamburg_church_bells__37_tennis_match.wav,2,288000,6.0,1727999,35.99997916666667,0.67588556,0.09737405,-20.231134,1.5215105e-9,0,0,0.6181423,-20.19928,4.818382e-9,0.67588556,-20.263224,-1.7753611e-9,0.13859853,-17.164827
16-38,long_additive_synth,hamburg_church_bells,chainsaw_cycle,d7eebac0378c3795,5c7feb9d452f2bef,10,10;1;5,187.479691;116.024269;143.606293,sparse-hashed-13edo-gradual-drones-v14,long,b3bd493e153f094b,8.607484;8.061895;9.528061,4.100232;3.616175;5.068344,breathing_drone;late_bloom;broad_swell,inharmonic_fm,detune_cents=46.423;feedback=0.374;crossfeedback_percent=8.000;index=8.210->3.018;clean_percent=45.000;raw_fm_percent=40.000;parallel_ruin_percent=15.000;phase_drift_radians=0.080;drive=3.189;folds=3,3,0.9703595,-12.080359,-7.288961,5.788961,-1.5,-1.4999995,wav/16_hamburg_church_bells__38_chainsaw_cycle.wav,2,288000,6.0,1727999,35.99997916666667,0.6976632,0.09602976,-20.351885,-8.992181e-10,0,0,0.62187546,-20.333405,-3.3223293e-9,0.6976632,-20.370443,1.5238931e-9,0.13236937,-17.56425
16-39,long_additive_synth,hamburg_church_bells,near_foghorn,d7eebac0378c3795,1d6af12c6225ab62,8,8;12;3,168.516296;208.577057;129.080658,sparse-hashed-13edo-gradual-drones-v14,long,1ba012aeaf85dff2,9.155302;9.585250;9.976441,4.651470;5.135527;5.619583,breathing_drone;soft_drone;broad_swell,inharmonic_fm,detune_cents=31.803;feedback=0.374;crossfeedback_percent=8.000;index=7.841->3.765;clean_percent=45.000;raw_fm_percent=40.000;parallel_ruin_percent=15.000;phase_drift_radians=0.080;drive=2.586;folds=2,6,0.9394725,-8.76635,-8.633847,7.133847,-1.5,-1.5,wav/16_hamburg_church_bells__39_near_foghorn.wav,2,288000,6.0,1727999,35.99997916666667,0.6368046,0.09626212,-20.33089,-4.9204474e-11,0,0,0.5995278,-20.31305,-9.190333e-10,0.6368046,-20.348812,8.2062435e-10,0.1403571,-17.055313
16-40,long_additive_synth,hamburg_church_bells,barcelona_gate_pa,d7eebac0378c3795,e28efd5cee017776,7,7;11;2,159.766510;197.747208;122.378456,sparse-hashed-13edo-gradual-drones-v14,long,94dd5386c1d56b34,10.704100;10.375601;8.057753,6.644616;6.160560;3.612728,breathing_drone;late_bloom;broad_swell,saturated_saw_cluster,detune_cents=58.123;drift_cents=22.590;drive=9.794;folds=4;alias_percent=66.204;bits=6;hard_sync_percent=49.690;sample_hold_frames=3,3,0.9737012,-12.613706,-17.58549,16.08549,-1.5,-1.5000012,wav/16_hamburg_church_bells__40_barcelona_gate_pa.wav,2,288000,6.0,1727999,35.99997916666667,0.6521177,0.09765456,-20.206148,1.0198098e-9,0,0,0.5548147,-20.181343,5.375517e-9,0.6521177,-20.231098,-3.3358973e-9,0.14498505,-16.773535
16-41,long_additive_synth,hamburg_church_bells,delhi_subway_cycle,d7eebac0378c3795,3187a582eafedd91,4,4;8;12,136.149902;168.516296;208.577057,sparse-hashed-13edo-gradual-drones-v14,long,7b6ee720d7a9a3f3,8.042565;8.590441;10.695848,3.600117;4.084173;6.632005,soft_drone;broad_swell;late_bloom,saturated_saw_cluster,detune_cents=80.637;drift_cents=15.175;drive=7.485;folds=3;alias_percent=68.671;bits=6;hard_sync_percent=64.243;sample_hold_frames=3,4,0.95026237,-9.7080555,-12.961744,11.461744,-1.5,-1.5,wav/16_hamburg_church_bells__41_delhi_subway_cycle.wav,2,288000,6.0,1727999,35.99997916666667,0.58137774,0.0978226,-20.191216,8.006838e-9,0,0,0.5378427,-20.193455,8.990006e-9,0.58137774,-20.188978,7.0236688e-9,0.14095442,-17.018425
16-42,long_additive_synth,hamburg_church_bells,hockey_goal,d7eebac0378c3795,7338d14d9c7d0103,0,0;4;8,110.000000;136.149902;168.516296,sparse-hashed-13edo-gradual-drones-v14,long,225c66a0f6f70726,9.753183;10.130161;10.477015,5.337997;5.822054;6.306110,late_bloom;breathing_drone;soft_drone,modal_noise_resonator,detune_cents=54.565;mode_disorder_percent=3.369;resonated_noise_percent=15.975;clean_percent=60.000;parallel_ruin_percent=24.025;drive=5.160;folds=1,6,0.95838237,-10.520145,2.355019,0.0,-1.5,2.355019,wav/16_hamburg_church_bells__42_hockey_goal.wav,2,288000,6.0,1727999,35.99997916666667,0.67911667,0.09797683,-20.177532,-9.548063e-10,0,0,0.67911667,-20.199793,-1.2483335e-9,0.5877883,-20.155384,-6.612791e-10,0.13734633,-17.24366
16-43,long_additive_synth,hamburg_church_bells,ambulance_siren,d7eebac0378c3795,f8af2f1a4cb0c701,9,9;0;4,177.745285;110.000000;136.149902,sparse-hashed-13edo-gradual-drones-v14,long,e6ecedf46ae8ea17,10.366076;10.695267;7.414223,6.147061;6.631118;3.115174,broad_swell;late_bloom;breathing_drone,saturated_saw_cluster,detune_cents=68.043;drift_cents=16.971;drive=7.900;folds=3;alias_percent=75.110;bits=6;hard_sync_percent=51.416;sample_hold_frames=4,6,0.9456193,-9.259522,-11.917059,10.417059,-1.5,-1.5,wav/16_hamburg_church_bells__43_ambulance_siren.wav,2,288000,6.0,1727999,35.99997916666667,0.5189324,0.09833011,-20.14627,-5.529599e-11,0,0,0.5189324,-20.15692,2.1518594e-9,0.4706035,-20.135643,-2.2624513e-9,0.14549111,-16.74327
16-44,long_additive_synth,hamburg_church_bells,woodshop_process,d7eebac0378c3795,8e1e1d890ae5881a,4,4;8;12,136.149902;168.516296;208.577057,sparse-hashed-13edo-gradual-drones-v14,long,9790c188a81d8531,7.831101;10.896100;8.911097,3.429021;6.944964;4.397133,late_bloom;broad_swell;soft_drone,inharmonic_fm,detune_cents=42.290;feedback=0.511;crossfeedback_percent=8.000;index=6.242->3.088;clean_percent=45.000;raw_fm_percent=40.000;parallel_ruin_percent=15.000;phase_drift_radians=0.080;drive=2.832;folds=3,3,0.98717266,-15.829544,-11.426887,9.926887,-1.5,-1.4999995,wav/16_hamburg_church_bells__44_woodshop_process.wav,2,288000,6.0,1727999,35.99997916666667,0.7202521,0.0958664,-20.36667,1.2805123e-9,0,0,0.7202521,-20.35286,2.4862672e-9,0.6739898,-20.380527,7.4757305e-11,0.13561973,-17.353542
16-45,long_additive_synth,hamburg_church_bells,tractor_turning_hay,d7eebac0378c3795,241aba059f6c939a,9,9;0;4,177.745285;110.000000;136.149902,sparse-hashed-13edo-gradual-drones-v14,long,b8479d195365c20b,7.771459;8.352365;10.550783,3.382252;3.866308;6.414139,breathing_drone;soft_drone;broad_swell,saturated_saw_cluster,detune_cents=59.794;drift_cents=20.082;drive=7.431;folds=3;alias_percent=77.961;bits=5;hard_sync_percent=64.320;sample_hold_frames=2,4,0.96285194,-11.054588,-13.158365,11.658365,-1.5,-1.5000007,wav/16_hamburg_church_bells__45_tractor_turning_hay.wav,2,288000,6.0,1727999,35.99997916666667,0.5385018,0.09811253,-20.16551,7.768533e-9,0,0,0.5385018,-20.170193,-5.885815e-10,0.49861953,-20.160831,1.6125648e-8,0.14586078,-16.72123
16-46,long_additive_synth,hamburg_church_bells,hail_thunder,d7eebac0378c3795,8ca435fa8014940b,2,2;6;10,122.378456;151.471039;187.479691,sparse-hashed-13edo-gradual-drones-v14,long,8a775ba28f2a6099,10.533310;10.850511;9.819612,6.388385;6.872441;5.420272,late_bloom;breathing_drone;soft_drone,modal_noise_resonator,detune_cents=39.182;mode_disorder_percent=5.273;resonated_noise_percent=13.972;clean_percent=60.000;parallel_ruin_percent=26.028;drive=5.024;folds=1,4,0.9875166,-15.951631,-15.687525,14.187525,-1.5,-1.5,wav/16_hamburg_church_bells__46_hail_thunder.wav,2,288000,6.0,1727999,35.99997916666667,0.602809,0.09779647,-20.193537,-6.8155908e-9,0,0,0.57190794,-20.210316,-6.1975327e-9,0.602809,-20.17682,-7.4336484e-9,0.13562536,-17.353182
16-47,long_additive_synth,hamburg_church_bells,marielle_protest,d7eebac0378c3795,b99f4919a8dffbad,8,8;12;3,168.516296;208.577057;129.080658,sparse-hashed-13edo-gradual-drones-v14,long,5f101e48660a52a7,9.997045;10.354261;10.684318,5.646306;6.130363;6.614419,soft_drone;broad_swell;late_bloom,inharmonic_fm,detune_cents=31.584;feedback=0.386;crossfeedback_percent=8.000;index=7.638->3.639;clean_percent=45.000;raw_fm_percent=40.000;parallel_ruin_percent=15.000;phase_drift_radians=0.080;drive=2.772;folds=2,6,0.94483435,-9.197383,-0.53623194,0.0,-1.5,-0.53623194,wav/16_hamburg_church_bells__47_marielle_protest.wav,2,288000,6.0,1727999,35.99997916666667,0.5710475,0.09817957,-20.159578,1.3372625e-9,0,0,0.54536724,-20.161589,2.5494131e-9,0.5710475,-20.157566,1.25112e-10,0.14363274,-16.85493
16-48,long_additive_synth,hamburg_church_bells,hair_salon_tools,d7eebac0378c3795,91febc7e6d506cc8,9,9;0;4,177.745285;110.000000;136.149902,sparse-hashed-13edo-gradual-drones-v14,long,276bdf10b72ff414,9.620374;9.194065;10.364861,5.177229;4.693172;6.145341,soft_drone;breathing_drone;late_bloom,inharmonic_fm,detune_cents=32.208;feedback=0.351;crossfeedback_percent=8.000;index=8.928->3.113;clean_percent=45.000;raw_fm_percent=40.000;parallel_ruin_percent=15.000;phase_drift_radians=0.080;drive=3.096;folds=3,3,0.9796086,-13.764145,-4.4939175,2.9939175,-1.5,-1.5,wav/16_hamburg_church_bells__48_hair_salon_tools.wav,2,288000,6.0,1727999,35.99997916666667,0.5745548,0.09814595,-20.162554,2.6034668e-9,0,0,0.5745548,-20.171524,3.1801044e-9,0.52703786,-20.1536,2.0268294e-9,0.1393266,-17.11932
17-25,long_additive_synth,seoul_sanchon_drum,thunder_mountain,9d91a0c3a205536c,4e2a8e922a968e95,8,8;12;3,168.516296;208.577057;129.080658,sparse-hashed-13edo-gradual-drones-v14,long,2e78a370025d2ad3,9.592419;9.163218;10.341322,5.144011;4.659955;6.112124,late_bloom;broad_swell;soft_drone,inharmonic_fm,detune_cents=46.423;feedback=0.451;crossfeedback_percent=8.000;index=6.608->3.058;clean_percent=45.000;raw_fm_percent=40.000;parallel_ruin_percent=15.000;phase_drift_radians=0.080;drive=3.010;folds=3,3,0.97260344,-12.436435,-8.154937,6.654937,-1.5,-1.5,wav/17_seoul_sanchon_drum__25_thunder_mountain.wav,2,288000,6.0,1727999,35.99997916666667,0.512861,0.09836599,-20.1431,-1.2121569e-9,0,0,0.512861,-20.15174,-2.415373e-9,0.48393342,-20.13448,-8.940923e-12,0.13988303,-17.0847
17-26,long_additive_synth,seoul_sanchon_drum,inside_car_wash,9d91a0c3a205536c,903a06c594b2e6cb,9,9;0;4,177.745285;110.000000;136.149902,sparse-hashed-13edo-gradual-drones-v14,long,40dbac6d771d2b95,10.504610;10.823836;7.683471,6.346304;6.830360;3.314417,late_bloom;breathing_drone;soft_drone,modal_noise_resonator,detune_cents=46.063;mode_disorder_percent=5.553;resonated_noise_percent=12.592;clean_percent=60.000;parallel_ruin_percent=27.408;drive=4.568;folds=1,6,0.97418773,-12.705244,-8.787154,7.287154,-1.5,-1.5000007,wav/17_seoul_sanchon_drum__26_inside_car_wash.wav,2,288000,6.0,1727999,35.99997916666667,0.6265858,0.097751364,-20.197544,-3.9389763e-9,0,0,0.6020376,-20.20137,-1.2740217e-9,0.6265858,-20.19372,-6.6039307e-9,0.13840292,-17.177094
17-27,long_additive_synth,seoul_sanchon_drum,peru_new_year_fireworks,9d91a0c3a205536c,83317dd5c74822ca,1,1;5;9,116.024269;143.606293;177.745285,sparse-hashed-13edo-gradual-drones-v14,long,849cf9acf9a5c3d4,10.762060;7.555189;10.087978,6.733891;3.217947;5.765779,late_bloom;breathing_drone;soft_drone,saturated_saw_cluster,detune_cents=70.787;drift_cents=17.779;drive=8.298;folds=3;alias_percent=73.110;bits=5;hard_sync_percent=59.519;sample_hold_frames=2,4,0.9455585,-9.272519,-12.977105,11.477105,-1.5,-1.5,wav/17_seoul_sanchon_drum__27_peru_new_year_fireworks.wav,2,288000,6.0,1727999,35.99997916666667,0.59256995,0.09826621,-20.151917,2.305974e-9,0,0,0.59256995,-20.150072,7.0053807e-9,0.5408296,-20.15376,-2.3934323e-9,0.13679582,-17.278543
17-28,long_additive_synth,seoul_sanchon_drum,efteling_steam_train,9d91a0c3a205536c,9a412959184abdf9,0,0;4;8,110.000000;136.149902;168.516296,sparse-hashed-13edo-gradual-drones-v14,long,1dda675e3b157c39,9.979805;9.588930;9.159366,5.623937;5.139880;4.655824,broad_swell;soft_drone;breathing_drone,saturated_saw_cluster,detune_cents=77.704;drift_cents=21.551;drive=9.696;folds=4;alias_percent=69.910;bits=5;hard_sync_percent=46.105;sample_hold_frames=4,5,0.9668299,-11.567889,-16.515768,15.015768,-1.5,-1.5,wav/17_seoul_sanchon_drum__28_efteling_steam_train.wav,2,288000,6.0,1727999,35.99997916666667,0.56817865,0.09826126,-20.152355,-1.4950727e-9,0,0,0.5642829,-20.153315,1.0293625e-9,0.56817865,-20.151394,-4.019508e-9,0.14024466,-17.062273
17-29,long_additive_synth,seoul_sanchon_drum,helicopter_takeoff,9d91a0c3a205536c,4534148b4903c233,11,11;2;6,197.747208;122.378456;151.471039,sparse-hashed-13edo-gradual-drones-v14,long,49553cb8afd52b9b,10.626720;7.266988;9.929495,6.527277;3.011333;5.559164,broad_swell;late_bloom;late_bloom,modal_noise_resonator,detune_cents=38.599;mode_disorder_percent=4.868;resonated_noise_percent=13.214;clean_percent=60.000;parallel_ruin_percent=26.786;drive=4.579;folds=1,4,0.96287,-11.025299,-5.9621563,4.4621563,-1.5,-1.4999995,wav/17_seoul_sanchon_drum__29_helicopter_takeoff.wav,2,288000,6.0,1727999,35.99997916666667,0.5324119,0.09807238,-20.169065,1.2291466e-9,0,0,0.5303853,-20.164371,1.623371e-9,0.5324119,-20.173767,8.34922e-10,0.13857457,-17.16633
17-30,long_additive_synth,seoul_sanchon_drum,scuba_bubbles,9d91a0c3a205536c,d2eaf6d35c117589,1,1;5;9,116.024269;143.606293;177.745285,sparse-hashed-13edo-gradual-drones-v14,long,836e168ec51a1192,8.406988;7.833845;10.897455,3.915244;3.431188;6.947132,late_bloom;broad_swell;soft_drone,inharmonic_fm,detune_cents=34.063;feedback=0.371;crossfeedback_percent=8.000;index=8.939->2.674;clean_percent=45.000;raw_fm_percent=40.000;parallel_ruin_percent=15.000;phase_drift_radians=0.080;drive=2.928;folds=3,5,0.9703113,-12.070889,-5.41352,3.9135199,-1.5,-1.5,wav/17_seoul_sanchon_drum__30_scuba_bubbles.wav,2,288000,6.0,1727999,35.99997916666667,0.5865799,0.098040864,-20.171856,4.6160444e-9,0,0,0.5865799,-20.173845,3.2919654e-9,0.5726615,-20.16987,5.9401235e-9,0.13845372,-17.173908
17-31,long_additive_synth,seoul_sanchon_drum,building_demolition,9d91a0c3a205536c,d502a0866ac3b927,8,8;12;3,168.516296;208.577057;129.080658,sparse-hashed-13edo-gradual-drones-v14,long,eba9429a72f47613,10.555269;10.214859;9.845481,6.420768;5.936711;5.452655,late_bloom;broad_swell;soft_drone,modal_noise_resonator,detune_cents=53.307;mode_disorder_percent=5.183;resonated_noise_percent=10.982;clean_percent=60.000;parallel_ruin_percent=29.018;drive=4.993;folds=2,5,0.9614468,-10.88053,-10.429139,8.929139,-1.5,-1.4999995,wav/17_seoul_sanchon_drum__31_building_demolition.wav,2,288000,6.0,1727999,35.99997916666667,0.49298662,0.09840379,-20.139763,-7.8881235e-10,0,0,0.49298662,-20.144053,-1.1741401e-9,0.4878368,-20.135479,-4.0348455e-10,0.1422709,-16.93768
17-32,long_additive_synth,seoul_sanchon_drum,finnish_blacksmith,9d91a0c3a205536c,8828c2d1c0ff4488,0,0;4;8,110.000000;136.149902;168.516296,sparse-hashed-13edo-gradual-drones-v14,long,d3312bbf73b4666b,8.912744;9.366140;9.776648,4.398802;4.882858;5.366915,soft_drone;broad_swell;late_bloom,saturated_saw_cluster,detune_cents=67.563;drift_cents=13.803;drive=8.585;folds=3;alias_percent=65.359;bits=6;hard_sync_percent=63.445;sample_hold_frames=4,6,0.9503194,-9.685615,-7.602411,6.102411,-1.5,-1.5000007,wav/17_seoul_sanchon_drum__32_finnish_blacksmith.wav,2,288000,6.0,1727999,35.99997916666667,0.5746425,0.09823342,-20.154816,4.137256e-10,0,0,0.52970827,-20.145031,3.3047813e-9,0.5746425,-20.164621,-2.4773301e-9,0.13809767,-17.196272
17-33,long_additive_synth,seoul_sanchon_drum,cattle_auction,9d91a0c3a205536c,63aeff78df8557af,6,6;10;1,151.471039;187.479691;116.024269,sparse-hashed-13edo-gradual-drones-v14,long,69b590557f286a6c,7.961020;8.518641;10.651772,3.533149;4.017206;6.565037,late_bloom;breathing_drone;soft_drone,modal_noise_resonator,detune_cents=53.260;mode_disorder_percent=3.028;resonated_noise_percent=17.836;clean_percent=60.000;parallel_ruin_percent=22.164;drive=4.300;folds=1,4,0.95206773,-9.819954,-10.32675,8.82675,-1.5,-1.5000012,wav/17_seoul_sanchon_drum__33_cattle_auction.wav,2,288000,6.0,1727999,35.99997916666667,0.505291,0.09814948,-20.16224,-9.859854e-10,0,0,0.505291,-20.163834,-8.5244284e-10,0.4692175,-20.160646,-1.1195279e-9,0.13840218,-17.177141
17-34,long_additive_synth,seoul_sanchon_drum,ferry_alarm,9d91a0c3a205536c,63fa0671c3c8b3fd,1,1;5;9,116.024269;143.606293;177.745285,sparse-hashed-13edo-gradual-drones-v14,long,205052497b309f5a,9.517210;9.080120;10.278112,5.055696;4.571640;6.023809,late_bloom;broad_swell;soft_drone,saturated_saw_cluster,detune_cents=64.680;drift_cents=21.610;drive=8.268;folds=4;alias_percent=66.480;bits=5;hard_sync_percent=66.029;sample_hold_frames=2,3,0.9761237,-13.055312,-10.61215,9.11215,-1.5,-1.5000007,wav/17_seoul_sanchon_drum__34_ferry_alarm.wav,2,288000,6.0,1727999,35.99997916666667,0.5968617,0.098122284,-20.164646,3.3053427e-9,0,0,0.5589451,-20.158539,2.956368e-9,0.5968617,-20.170763,3.6543175e-9,0.13393654,-17.462019
17-35,long_additive_synth,seoul_sanchon_drum,flooded_mine,9d91a0c3a205536c,5ef5719090cb3c3e,9,9;0;4,177.745285;110.000000;136.149902,sparse-hashed-13edo-gradual-drones-v14,long,fbdecc3930dfa006,9.770234;9.359093;8.904920,5.358996;4.874940;4.390883,soft_drone;breathing_drone;late_bloom,saturated_saw_cluster,detune_cents=67.795;drift_cents=12.097;drive=7.333;folds=4;alias_percent=78.155;bits=7;hard_sync_percent=64.240;sample_hold_frames=3,5,0.949771,-9.638662,-10.554918,9.054918,-1.5,-1.5,wav/17_seoul_sanchon_drum__35_flooded_mine.wav,2,288000,6.0,1727999,35.99997916666667,0.6326313,0.097888306,-20.185385,2.0168351e-9,0,0,0.54659754,-20.16922,3.6120107e-10,0.6326313,-20.201609,3.6724692e-9,0.13805209,-17.19914
17-36,long_additive_synth,seoul_sanchon_drum,cappuccino_process,9d91a0c3a205536c,c9cb796a64de33e2,10,10;1;5,187.479691;116.024269;143.606293,sparse-hashed-13edo-gradual-drones-v14,long,464916bafb597668,10.118298;9.740241;10.788033,5.806170;5.322113;6.774282,soft_drone;breathing_drone;late_bloom,inharmonic_fm,detune_cents=46.329;feedback=0.365;crossfeedback_percent=8.000;index=6.926->2.915;clean_percent=45.000;raw_fm_percent=40.000;parallel_ruin_percent=15.000;phase_drift_radians=0.080;drive=2.952;folds=3,3,0.9602346,-10.722493,-6.56561,5.06561,-1.5,-1.5000007,wav/17_seoul_sanchon_drum__36_cappuccino_process.wav,2,288000,6.0,1727999,35.99997916666667,0.64918005,0.09683468,-20.27938,1.3331357e-9,0,0,0.64918005,-20.296238,-5.1186455e-10,0.6413249,-20.262589,3.178136e-9,0.13530444,-17.37376
17-37,long_additive_synth,seoul_sanchon_drum,tennis_match,9d91a0c3a205536c,09cb934e68f8f084,5,5;9;0,143.606293;177.745285;110.000000,sparse-hashed-13edo-gradual-drones-v14,long,b1e3c119f3e4eca2,7.887320;10.923948;8.954999,3.473697;6.989641;4.441810,late_bloom;broad_swell;soft_drone,saturated_saw_cluster,detune_cents=78.008;drift_cents=22.159;drive=7.932;folds=4;alias_percent=66.167;bits=5;hard_sync_percent=63.473;sample_hold_frames=4,3,0.95605916,-10.256599,-8.537492,7.037492,-1.5,-1.5000012,wav/17_seoul_sanchon_drum__37_tennis_match.wav,2,288000,6.0,1727999,35.99997916666667,0.62911636,0.09750942,-20.219069,-4.169263e-9,0,0,0.59789973,-20.194742,-4.178733e-9,0.62911636,-20.24353,-4.159793e-9,0.13865139,-17.161516
17-38,long_additive_synth,seoul_sanchon_drum,chainsaw_cycle,9d91a0c3a205536c,5c7feb9d452f2bef,4,4;8;12,136.149902;168.516296;208.577057,sparse-hashed-13edo-gradual-drones-v14,long,109f766bb74ba512,8.774652;8.250960;9.663792,4.261135;3.777078;5.229247,breathing_drone;late_bloom;broad_swell,saturated_saw_cluster,detune_cents=81.459;drift_cents=18.491;drive=7.015;folds=4;alias_percent=73.666;bits=5;hard_sync_percent=56.695;sample_hold_frames=2,3,0.98702157,-15.769314,-14.647771,13.147771,-1.5,-1.4999995,wav/17_seoul_sanchon_drum__38_chainsaw_cycle.wav,2,288000,6.0,1727999,35.99997916666667,0.65671664,0.09695417,-20.268671,-1.5763726e-8,0,0,0.58840925,-20.220886,-1.0221469e-8,0.65671664,-20.31699,-2.1305983e-8,0.13795955,-17.204964
17-39,long_additive_synth,seoul_sanchon_drum,near_foghorn,9d91a0c3a205536c,1d6af12c6225ab62,1,1;5;9,116.024269;143.606293;177.745285,sparse-hashed-13edo-gradual-drones-v14,long,fa576ebd5e5592e3,8.608015;9.092592;7.438477,4.100732;4.584788;3.132620,breathing_drone;soft_drone;broad_swell,modal_noise_resonator,detune_cents=47.497;mode_disorder_percent=5.245;resonated_noise_percent=14.183;clean_percent=60.000;parallel_ruin_percent=25.817;drive=5.062;folds=1,4,0.96417654,-11.211594,-2.9422388,1.4422388,-1.5,-1.5,wav/17_seoul_sanchon_drum__39_near_foghorn.wav,2,288000,6.0,1727999,35.99997916666667,0.5875231,0.09745276,-20.224117,-6.9560793e-9,0,0,0.5123519,-20.20031,-3.6796606e-9,0.5875231,-20.248055,-1.0232498e-8,0.13223507,-17.573067
17-40,long_additive_synth,seoul_sanchon_drum,barcelona_gate_pa,9d91a0c3a205536c,e28efd5cee017776,11,11;2;6,197.747208;122.378456;151.471039,sparse-hashed-13edo-gradual-drones-v14,long,a75c03481e40624f,10.011208;9.623278;9.197269,5.664749;5.180693;4.696637,late_bloom;broad_swell;soft_drone,saturated_saw_cluster,detune_cents=77.543;drift_cents=19.722;drive=7.993;folds=4;alias_percent=75.172;bits=6;hard_sync_percent=49.266;sample_hold_frames=3,5,0.97383267,-12.642698,-11.153496,9.653496,-1.5,-1.4999995,wav/17_seoul_sanchon_drum__40_barcelona_gate_pa.wav,2,288000,6.0,1727999,35.99997916666667,0.5154973,0.09842794,-20.137632,1.7779259e-9,0,0,0.5046376,-20.139963,3.8480032e-9,0.5154973,-20.135303,-2.9215136e-10,0.13799794,-17.202547
17-41,long_additive_synth,seoul_sanchon_drum,delhi_subway_cycle,9d91a0c3a205536c,3187a582eafedd91,5,5;9;0,143.606293;177.745285;110.000000,sparse-hashed-13edo-gradual-drones-v14,long,5705111e96e82a3a,8.639846;8.098570;7.480097,4.130898;3.646842;3.162786,broad_swell;soft_drone;breathing_drone,saturated_saw_cluster,detune_cents=63.008;drift_cents=16.240;drive=8.369;folds=4;alias_percent=66.333;bits=6;hard_sync_percent=51.699;sample_hold_frames=2,5,0.9600813,-10.706657,-14.66057,13.16057,-1.5,-1.5000012,wav/17_seoul_sanchon_drum__41_delhi_subway_cycle.wav,2,288000,6.0,1727999,35.99997916666667,0.58823436,0.09796134,-20.178907,-8.420382e-9,0,0,0.58823436,-20.186638,-6.3976753e-9,0.52480936,-20.171186,-1.0443088e-8,0.13673927,-17.282135
17-42,long_additive_synth,seoul_sanchon_drum,hockey_goal,9d91a0c3a205536c,7338d14d9c7d0103,7,7;11;2,159.766510;197.747208;122.378456,sparse-hashed-13edo-gradual-drones-v14,long,171807c4c33763c1,10.211201;10.551887;10.867781,5.931712;6.415769;6.899825,broad_swell;late_bloom;breathing_drone,saturated_saw_cluster,detune_cents=56.885;drift_cents=23.395;drive=9.737;folds=3;alias_percent=77.026;bits=7;hard_sync_percent=63.500;sample_hold_frames=4,6,0.95777994,-10.455396,-11.428904,9.928904,-1.5,-1.5,wav/17_seoul_sanchon_drum__42_hockey_goal.wav,2,288000,6.0,1727999,35.99997916666667,0.58146924,0.09821379,-20.156551,-2.9806875e-9,0,0,0.58146924,-20.155739,-3.2839473e-9,0.5575718,-20.157364,-2.6774276e-9,0.1385403,-17.168478
17-43,long_additive_synth,seoul_sanchon_drum,ambulance_siren,9d91a0c3a205536c,f8af2f1a4cb0c701,11,11;2;6,197.747208;122.378456;151.471039,sparse-hashed-13edo-gradual-drones-v14,long,a86fd58c8a4e0a88,10.267601;10.604057;10.916311,6.009247;6.493303;6.977359,broad_swell;late_bloom;breathing_drone,saturated_saw_cluster,detune_cents=59.360;drift_cents=16.511;drive=9.262;folds=3;alias_percent=75.390;bits=5;hard_sync_percent=66.683;sample_hold_frames=2,6,0.9415237,-8.9298115,-10.055834,8.555834,-1.5,-1.5,wav/17_seoul_sanchon_drum__43_ambulance_siren.wav,2,288000,6.0,1727999,35.99997916666667,0.565783,0.09843438,-20.137064,-2.3276985e-9,0,0,0.565783,-20.140957,-1.7652664e-9,0.546804,-20.133173,-2.8901304e-9,0.13906212,-17.135822
17-44,long_additive_synth,seoul_sanchon_drum,woodshop_process,9d91a0c3a205536c,8e1e1d890ae5881a,4,4;8;12,136.149902;168.516296;208.577057,sparse-hashed-13edo-gradual-drones-v14,long,94abd505764c0abc,9.536118;9.101024;10.293985,5.077754;4.593698;6.045866,soft_drone;breathing_drone;late_bloom,saturated_saw_cluster,detune_cents=60.745;drift_cents=21.776;drive=8.310;folds=4;alias_percent=60.682;bits=5;hard_sync_percent=60.871;sample_hold_frames=4,3,0.9866316,-15.643835,-12.612299,11.112299,-1.5,-1.5,wav/17_seoul_sanchon_drum__44_woodshop_process.wav,2,288000,6.0,1727999,35.99997916666667,0.6875473,0.09660239,-20.300243,2.7472495e-9,0,0,0.6875473,-20.279545,1.3976842e-9,0.6802871,-20.321037,4.096815e-9,0.13652037,-17.296051
17-45,long_additive_synth,seoul_sanchon_drum,tractor_turning_hay,9d91a0c3a205536c,241aba059f6c939a,11,11;2;6,197.747208;122.378456;151.471039,sparse-hashed-13edo-gradual-drones-v14,long,3d95a32e04f7988c,10.845931;7.728880;8.315140,6.865198;3.349254;3.833310,breathing_drone;soft_drone;broad_swell,modal_noise_resonator,detune_cents=38.849;mode_disorder_percent=3.873;resonated_noise_percent=10.341;clean_percent=60.000;parallel_ruin_percent=29.659;drive=4.480;folds=1,6,0.94738215,-9.422611,-6.801739,5.301739,-1.5,-1.5,wav/17_seoul_sanchon_drum__45_tractor_turning_hay.wav,2,288000,6.0,1727999,35.99997916666667,0.49500018,0.098220736,-20.155935,-7.4167816e-10,0,0,0.47610542,-20.148851,-2.198618e-9,0.49500018,-20.163033,7.1526157e-10,0.13932955,-17.119135
17-46,long_additive_synth,seoul_sanchon_drum,hail_thunder,9d91a0c3a205536c,8ca435fa8014940b,5,5;9;0,143.606293;177.745285;110.000000,sparse-hashed-13edo-gradual-drones-v14,long,898dc6636b08cf0c,10.523895;10.180918;9.808512,6.374550;5.890494;5.406437,breathing_drone;late_bloom;broad_swell,inharmonic_fm,detune_cents=38.732;feedback=0.470;crossfeedback_percent=8.000;index=8.098->3.242;clean_percent=45.000;raw_fm_percent=40.000;parallel_ruin_percent=15.000;phase_drift_radians=0.080;drive=2.801;folds=3,5,0.98055804,-13.978345,-10.890219,9.390219,-1.5,-1.5000012,wav/17_seoul_sanchon_drum__46_hail_thunder.wav,2,288000,6.0,1727999,35.99997916666667,0.5306481,0.098416366,-20.138655,-1.6957757e-9,0,0,0.4848233,-20.142899,-1.1622957e-9,0.5306481,-20.134413,-2.2292557e-9,0.12987134,-17.729734
17-47,long_additive_synth,seoul_sanchon_drum,marielle_protest,9d91a0c3a205536c,b99f4919a8dffbad,6,6;10;1,151.471039;187.479691;116.024269,sparse-hashed-13edo-gradual-drones-v14,long,5690e72dfb8323ae,9.060510;8.572128;8.021784,4.551044;4.066987;3.582931,breathing_drone;late_bloom;broad_swell,saturated_saw_cluster,detune_cents=66.858;drift_cents=22.730;drive=8.548;folds=4;alias_percent=74.875;bits=6;hard_sync_percent=66.143;sample_hold_frames=4,5,0.97128,-12.217558,-12.962264,11.462264,-1.5,-1.5,wav/17_seoul_sanchon_drum__47_marielle_protest.wav,2,288000,6.0,1727999,35.99997916666667,0.5902593,0.09826148,-20.152332,1.453767e-9,0,0,0.5902593,-20.160767,3.1340361e-9,0.5322514,-20.143919,-2.2650223e-10,0.13918637,-17.128065
17-48,long_additive_synth,seoul_sanchon_drum,hair_salon_tools,9d91a0c3a205536c,91febc7e6d506cc8,10,10;1;5,187.479691;116.024269;143.606293,sparse-hashed-13edo-gradual-drones-v14,long,6f4c52ee0f400991,9.656395;10.041502;10.395226,5.220348;5.704404;6.188460,soft_drone;broad_swell;late_bloom,saturated_saw_cluster,detune_cents=72.132;drift_cents=14.808;drive=7.359;folds=3;alias_percent=65.788;bits=6;hard_sync_percent=46.736;sample_hold_frames=2,6,0.9538588,-10.036573,-9.154386,7.6543856,-1.5,-1.5,wav/17_seoul_sanchon_drum__48_hair_salon_tools.wav,2,288000,6.0,1727999,35.99997916666667,0.5011699,0.098507576,-20.130608,9.646275e-10,0,0,0.5011699,-20.133554,2.5499975e-9,0.4943833,-20.12766,-6.207425e-10,0.13722079,-17.251602
18-25,long_additive_synth,marching_band,thunder_mountain,6ee897694d33cb46,4e2a8e922a968e95,2,2;6;10,122.378456;151.471039;187.479691,sparse-hashed-13edo-gradual-drones-v14,long,c4575ec6dace567d,10.127174;10.474257;9.336761,5.818049;6.302106;4.849937,broad_swell;late_bloom;breathing_drone,modal_noise_resonator,detune_cents=52.328;mode_disorder_percent=4.711;resonated_noise_percent=17.546;clean_percent=60.000;parallel_ruin_percent=22.454;drive=5.119;folds=1,4,0.96870273,-11.839814,-1.3470459,0.0,-1.5,-1.3470459,wav/18_marching_band__25_thunder_mountain.wav,2,288000,6.0,1727999,35.99997916666667,0.6736715,0.097894676,-20.18482,2.8875766e-9,0,0,0.5398029,-20.182156,-8.9583096e-10,0.6736715,-20.187483,6.670984e-9,0.14036639,-17.054737
18-26,long_additive_synth,marching_band,inside_car_wash,6ee897694d33cb46,903a06c594b2e6cb,0,0;4;8,110.000000;136.149902;168.516296,sparse-hashed-13edo-gradual-drones-v14,long,43ecf254f8d00147,9.882871;9.482755;9.042002,5.499802;5.015746;4.531690,soft_drone;breathing_drone;broad_swell,saturated_saw_cluster,detune_cents=76.661;drift_cents=19.749;drive=7.330;folds=4;alias_percent=65.422;bits=6;hard_sync_percent=69.378;sample_hold_frames=2,5,0.98035306,-13.923743,-14.642704,13.142704,-1.5,-1.4999995,wav/18_marching_band__26_inside_car_wash.wav,2,288000,6.0,1727999,35.99997916666667,0.70300984,0.0975487,-20.21557,1.0470105e-9,0,0,0.5596996,-20.173061,3.7805728e-10,0.70300984,-20.258501,1.7159636e-9,0.13387768,-17.465837
18-27,long_additive_synth,marching_band,peru_new_year_fireworks,6ee897694d33cb46,83317dd5c74822ca,1,1;5;9,116.024269;143.606293;177.745285,sparse-hashed-13edo-gradual-drones-v14,long,19a73765f51f7ee6,9.611940;10.000839;8.710934,5.167185;5.651241;4.199073,broad_swell;late_bloom;breathing_drone,modal_noise_resonator,detune_cents=48.081;mode_disorder_percent=3.511;resonated_noise_percent=14.942;clean_percent=60.000;parallel_ruin_percent=25.058;drive=4.082;folds=1,4,0.9462144,-9.313519,-5.7201533,4.2201533,-1.5,-1.5,wav/18_marching_band__27_peru_new_year_fireworks.wav,2,288000,6.0,1727999,35.99997916666667,0.5800943,0.098059006,-20.17025,1.1314956e-9,0,0,0.4959644,-20.153439,2.418462e-10,0.5800943,-20.187126,2.021145e-9,0.1339913,-17.458467
18-28,long_additive_synth,marching_band,efteling_steam_train,6ee897694d33cb46,9a412959184abdf9,10,10;1;5,187.479691;116.024269;143.606293,sparse-hashed-13edo-gradual-drones-v14,long,d3b9ec56dcbd9eb3,8.394325;8.901968;9.356434,3.903845;4.387901;4.871957,broad_swell;late_bloom;breathing_drone,modal_noise_resonator,detune_cents=45.481;mode_disorder_percent=3.290;resonated_noise_percent=15.571;clean_percent=60.000;parallel_ruin_percent=24.429;drive=4.703;folds=1,6,0.9236664,-7.661654,-4.197541,2.6975412,-1.5,-1.5000007,wav/18_marching_band__28_efteling_steam_train.wav,2,288000,6.0,1727999,35.99997916666667,0.5726457,0.0980321,-20.172634,-1.5879255e-9,0,0,0.55585736,-20.171783,-3.042593e-9,0.5726457,-20.173485,-1.3325775e-10,0.1380548,-17.198969
18-29,long_additive_synth,marching_band,helicopter_takeoff,6ee897694d33cb46,4534148b4903c233,7,7;11;2,159.766510;197.747208;122.378456,sparse-hashed-13edo-gradual-drones-v14,long,36e74f2f87b5e121,10.822840;10.503536;8.273698,6.828793;6.344737;3.796905,breathing_drone;late_bloom;broad_swell,saturated_saw_cluster,detune_cents=81.817;drift_cents=19.799;drive=9.096;folds=4;alias_percent=60.154;bits=7;hard_sync_percent=49.953;sample_hold_frames=4,3,0.97652954,-13.131774,-17.374832,15.874832,-1.5,-1.5000007,wav/18_marching_band__29_helicopter_takeoff.wav,2,288000,6.0,1727999,35.99997916666667,0.57120895,0.09810493,-20.166183,1.5738223e-9,0,0,0.51791734,-20.157429,3.407165e-9,0.57120895,-20.174953,-2.5952032e-10,0.13880293,-17.152027
18-30,long_additive_synth,marching_band,scuba_bubbles,6ee897694d33cb46,d2eaf6d35c117589,0,0;4;8,110.000000;136.149902;168.516296,sparse-hashed-13edo-gradual-drones-v14,long,c498d801b6465e00,9.059796;8.571329;8.020878,4.550296;4.066239;3.582183,broad_swell;soft_drone;breathing_drone,modal_noise_resonator,detune_cents=42.228;mode_disorder_percent=4.213;resonated_noise_percent=11.123;clean_percent=60.000;parallel_ruin_percent=28.877;drive=4.910;folds=2,5,0.9655395,-11.393143,-5.2504854,3.7504854,-1.5,-1.4999995,wav/18_marching_band__30_scuba_bubbles.wav,2,288000,6.0,1727999,35.99997916666667,0.67571706,0.09792409,-20.182209,9.2880487e-10,0,0,0.67571706,-20.180988,-4.0995554e-11,0.6078256,-20.183432,1.8986053e-9,0.1379563,-17.20517
18-31,long_additive_synth,marching_band,building_demolition,6ee897694d33cb46,d502a0866ac3b927,8,8;12;3,168.516296;208.577057;129.080658,sparse-hashed-13edo-gradual-drones-v14,long,9030baba57aea909,9.592142;9.162911;10.341089,5.143683;4.659627;6.111796,breathing_drone;late_bloom;broad_swell,inharmonic_fm,detune_cents=31.623;feedback=0.391;crossfeedback_percent=8.000;index=6.602->3.250;clean_percent=45.000;raw_fm_percent=40.000;parallel_ruin_percent=15.000;phase_drift_radians=0.080;drive=2.967;folds=3,3,0.97467285,-12.8038225,-11.096257,9.596257,-1.5,-1.5,wav/18_marching_band__31_building_demolition.wav,2,288000,6.0,1727999,35.99997916666667,0.5304083,0.09832213,-20.146976,-7.61839e-10,0,0,0.5304083,-20.147646,-2.4977058e-9,0.49197713,-20.146303,9.740279e-10,0.13974105,-17.093521
18-32,long_additive_synth,marching_band,finnish_blacksmith,6ee897694d33cb46,8828c2d1c0ff4488,8,8;12;3,168.516296;208.577057;129.080658,sparse-hashed-13edo-gradual-drones-v14,long,9a47f2828741f9e5,9.310837;8.851311;8.337345,4.821073;4.337017;3.852961,late_bloom;broad_swell;soft_drone,modal_noise_resonator,detune_cents=47.390;mode_disorder_percent=3.156;resonated_noise_percent=17.325;clean_percent=60.000;parallel_ruin_percent=22.675;drive=3.889;folds=2,5,0.97385263,-12.6454935,-3.3220024,1.8220024,-1.5,-1.5,wav/18_marching_band__32_finnish_blacksmith.wav,2,288000,6.0,1727999,35.99997916666667,0.66428435,0.097556114,-20.21491,-1.1043256e-9,0,0,0.5626332,-20.189896,5.182379e-10,0.66428435,-20.24007,-2.7268892e-9,0.13932618,-17.119347
18-33,long_additive_synth,marching_band,cattle_auction,6ee897694d33cb46,63aeff78df8557af,10,10;1;5,187.479691;116.024269;143.606293,sparse-hashed-13edo-gradual-drones-v14,long,a033c2f5679dc396,8.941349;8.438563;7.869856,4.427870;3.943814;3.459758,late_bloom;broad_swell;soft_drone,modal_noise_resonator,detune_cents=51.736;mode_disorder_percent=5.914;resonated_noise_percent=16.358;clean_percent=60.000;parallel_ruin_percent=23.642;drive=4.538;folds=2,5,0.9537649,-10.051138,-9.209768,7.7097683,-1.5,-1.5000012,wav/18_marching_band__33_cattle_auction.wav,2,288000,6.0,1727999,35.99997916666667,0.5816542,0.09788425,-20.185741,1.1773379e-9,0,0,0.5375445,-20.188932,1.4921262e-11,0.5816542,-20.182556,2.3397546e-9,0.13798572,-17.203316
18-34,long_additive_synth,marching_band,ferry_alarm,6ee897694d33cb46,63fa0671c3c8b3fd,5,5;9;0,143.606293;177.745285;110.000000,sparse-hashed-13edo-gradual-drones-v14,long,185a525a1911e8b0,9.107182;9.541687;8.080980,4.600215;5.084271;3.632102,late_bloom;breathing_drone;soft_drone,inharmonic_fm,detune_cents=32.265;feedback=0.485;crossfeedback_percent=8.000;index=7.635->3.531;clean_percent=45.000;raw_fm_percent=40.000;parallel_ruin_percent=15.000;phase_drift_radians=0.080;drive=3.122;folds=2,4,0.969234,-11.910704,-8.518466,7.018466,-1.5,-1.5,wav/18_marching_band__34_ferry_alarm.wav,2,288000,6.0,1727999,35.99997916666667,0.6508905,0.09808894,-20.167599,8.279692e-10,0,0,0.52931684,-20.144222,1.6210706e-9,0.6508905,-20.191101,3.4867824e-11,0.13697702,-17.267046
18-35,long_additive_synth,marching_band,flooded_mine,6ee897694d33cb46,5ef5719090cb3c3e,5,5;9;0,143.606293;177.745285;110.000000,sparse-hashed-13edo-gradual-drones-v14,long,55c0f84e3d0ce6ec,7.543589;8.153687;10.432117,3.209363;3.693420;6.241251,soft_drone;late_bloom;late_bloom,inharmonic_fm,detune_cents=43.636;feedback=0.414;crossfeedback_percent=8.000;index=6.844->3.262;clean_percent=45.000;raw_fm_percent=40.000;parallel_ruin_percent=15.000;phase_drift_radians=0.080;drive=2.913;folds=2,4,0.96901065,-11.87025,-6.7100935,5.2100935,-1.5,-1.5,wav/18_marching_band__35_flooded_mine.wav,2,288000,6.0,1727999,35.99997916666667,0.77338445,0.09685175,-20.277851,-1.4677453e-9,0,0,0.62001795,-20.21574,-2.9643301e-9,0.77338445,-20.34086,2.883965e-11,0.12902959,-17.786215
18-36,long_additive_synth,marching_band,cappuccino_process,6ee897694d33cb46,c9cb796a64de33e2,1,1;5;9,116.024269;143.606293;177.745285,sparse-hashed-13edo-gradual-drones-v14,long,4007b4a31ee9dcaa,9.186693;8.713089;10.002440,4.685213;4.201157;5.653326,late_bloom;broad_swell;soft_drone,inharmonic_fm,detune_cents=44.760;feedback=0.521;crossfeedback_percent=8.000;index=8.831->3.088;clean_percent=45.000;raw_fm_percent=40.000;parallel_ruin_percent=15.000;phase_drift_radians=0.080;drive=3.091;folds=3,3,0.9634338,-11.108285,-4.8193784,3.3193784,-1.5,-1.5,wav/18_marching_band__36_cappuccino_process.wav,2,288000,6.0,1727999,35.99997916666667,0.8145072,0.09544997,-20.404484,1.4751423e-9,0,0,0.8145072,-20.377193,-8.801672e-11,0.74487036,-20.43195,3.0383014e-9,0.13695846,-17.268223
18-37,long_additive_synth,marching_band,tennis_match,6ee897694d33cb46,09cb934e68f8f084,3,3;7;11,129.080658;159.766510;197.747208,sparse-hashed-13edo-gradual-drones-v14,long,102f2c8c2602ef68,9.292430;9.709636;10.090251,4.800683;5.284739;5.768795,breathing_drone;soft_drone;broad_swell,inharmonic_fm,detune_cents=31.207;feedback=0.496;crossfeedback_percent=8.000;index=6.655->3.375;clean_percent=45.000;raw_fm_percent=40.000;parallel_ruin_percent=15.000;phase_drift_radians=0.080;drive=3.182;folds=2,6,0.9428302,-9.033404,-2.5651357,1.0651357,-1.5,-1.5000007,wav/18_marching_band__37_tennis_match.wav,2,288000,6.0,1727999,35.99997916666667,0.64665914,0.09751104,-20.218925,-2.918929e-9,0,0,0.5624793,-20.196829,-1.3931364e-9,0.64665914,-20.24113,-4.444722e-9,0.13853648,-17.168716
18-38,long_additive_synth,marching_band,chainsaw_cycle,6ee897694d33cb46,5c7feb9d452f2bef,12,12;3;7,208.577057;129.080658;159.766510,sparse-hashed-13edo-gradual-drones-v14,long,ce4f9dc829b5e774,9.247792;8.781173;10.053137,4.751593;4.267537;5.719706,late_bloom;broad_swell;soft_drone,modal_noise_resonator,detune_cents=51.020;mode_disorder_percent=5.290;resonated_noise_percent=17.060;clean_percent=60.000;parallel_ruin_percent=22.940;drive=5.131;folds=2,3,0.97476393,-12.804599,-5.688924,4.188924,-1.5,-1.4999995,wav/18_marching_band__38_chainsaw_cycle.wav,2,288000,6.0,1727999,35.99997916666667,0.6752589,0.09641323,-20.317266,6.02779e-10,0,0,0.62082165,-20.285452,-8.354841e-11,0.6752589,-20.349316,1.2891064e-9,0.13480332,-17.405989
18-39,long_additive_synth,marching_band,near_foghorn,6ee897694d33cb46,1d6af12c6225ab62,8,8;12;3,168.516296;208.577057;129.080658,sparse-hashed-13edo-gradual-drones-v14,long,5e4bebeb61de27e9,9.693258;10.075251;10.426344,5.264848;5.748904;6.232960,broad_swell;breathing_drone;soft_drone,inharmonic_fm,detune_cents=47.240;feedback=0.370;crossfeedback_percent=8.000;index=6.841->3.154;clean_percent=45.000;raw_fm_percent=40.000;parallel_ruin_percent=15.000;phase_drift_radians=0.080;drive=3.147;folds=2,6,0.9539586,-10.008177,-5.3161755,3.8161755,-1.5,-1.5000007,wav/18_marching_band__39_near_foghorn.wav,2,288000,6.0,1727999,35.99997916666667,0.66487986,0.09664997,-20.295965,1.2748807e-8,0,0,0.6643481,-20.253403,2.7664184e-9,0.66487986,-20.338951,2.2731196e-8,0.14470062,-16.790592
18-40,long_additive_synth,marching_band,barcelona_gate_pa,6ee897694d33cb46,e28efd5cee017776,11,11;2;6,197.747208;122.378456;151.471039,sparse-hashed-13edo-gradual-drones-v14,long,c72b9e69f464c63d,7.923776;8.485901;8.983536,3.502980;3.987036;4.471092,breathing_drone;soft_drone;broad_swell,modal_noise_resonator,detune_cents=48.477;mode_disorder_percent=5.717;resonated_noise_percent=13.922;clean_percent=60.000;parallel_ruin_percent=26.078;drive=4.096;folds=1,6,0.96429247,-11.220459,-3.288434,1.788434,-1.5,-1.5000007,wav/18_marching_band__40_barcelona_gate_pa.wav,2,288000,6.0,1727999,35.99997916666667,0.5842861,0.098066494,-20.169586,-1.4818533e-9,0,0,0.5138158,-20.161545,-3.7344976e-9,0.5842861,-20.177647,7.7079093e-10,0.13910358,-17.133234
18-41,long_additive_synth,marching_band,delhi_subway_cycle,6ee897694d33cb46,3187a582eafedd91,12,12;3;7,208.577057;129.080658;159.766510,sparse-hashed-13edo-gradual-drones-v14,long,ea8acb9287bfdf24,8.267405;8.789232;10.819342,3.791407;4.275463;6.823295,breathing_drone;soft_drone;broad_swell,modal_noise_resonator,detune_cents=40.341;mode_disorder_percent=5.312;resonated_noise_percent=13.468;clean_percent=60.000;parallel_ruin_percent=26.532;drive=4.623;folds=1,4,0.95208603,-9.863692,-4.6485124,3.1485124,-1.5,-1.5000007,wav/18_marching_band__41_delhi_subway_cycle.wav,2,288000,6.0,1727999,35.99997916666667,0.553524,0.097947,-20.180178,-4.6232584e-10,0,0,0.5291791,-20.174934,7.741319e-11,0.553524,-20.185423,-1.0020649e-9,0.13804597,-17.199526
18-42,long_additive_synth,marching_band,hockey_goal,6ee897694d33cb46,7338d14d9c7d0103,4,4;8;12,136.149902;168.516296;208.577057,sparse-hashed-13edo-gradual-drones-v14,long,f2eae534703f67fb,10.276476;10.612271;10.923956,6.021540;6.505596;6.989653,soft_drone;broad_swell;late_bloom,modal_noise_resonator,detune_cents=53.739;mode_disorder_percent=5.884;resonated_noise_percent=13.000;clean_percent=60.000;parallel_ruin_percent=27.000;drive=3.935;folds=1,6,0.955441,-10.204103,1.3842633,0.0,-1.5,1.3842633,wav/18_marching_band__42_hockey_goal.wav,2,288000,6.0,1727999,35.99997916666667,0.5783411,0.09799107,-20.17627,2.1922768e-9,0,0,0.5783411,-20.177763,3.4829224e-9,0.5757507,-20.17478,9.016314e-10,0.14241311,-16.929
18-43,long_additive_synth,marching_band,ambulance_siren,6ee897694d33cb46,f8af2f1a4cb0c701,1,1;5;9,116.024269;143.606293;177.745285,sparse-hashed-13edo-gradual-drones-v14,long,c2f2a59f8b4efcfe,9.826832;9.421270;10.539438,5.429292;4.945235;6.397404,broad_swell;breathing_drone;breathing_drone,modal_noise_resonator,detune_cents=46.055;mode_disorder_percent=3.128;resonated_noise_percent=13.108;clean_percent=60.000;parallel_ruin_percent=26.892;drive=4.980;folds=2,3,0.9719296,-12.297747,-7.9036927,6.4036927,-1.5,-1.4999995,wav/18_marching_band__43_ambulance_siren.wav,2,288000,6.0,1727999,35.99997916666667,0.5615395,0.09828677,-20.150099,-1.9511859e-10,0,0,0.5615395,-20.15601,3.9473336e-9,0.5513677,-20.144196,-4.3375707e-9,0.13897665,-17.141163
18-44,long_additive_synth,marching_band,woodshop_process,6ee897694d33cb46,8e1e1d890ae5881a,10,10;1;5,187.479691;116.024269;143.606293,sparse-hashed-13edo-gradual-drones-v14,long,30787157c296792a,7.890851;10.925704;8.957762,3.476523;6.992467;4.444636,soft_drone;breathing_drone;late_bloom,inharmonic_fm,detune_cents=40.469;feedback=0.452;crossfeedback_percent=8.000;index=8.158->3.231;clean_percent=45.000;raw_fm_percent=40.000;parallel_ruin_percent=15.000;phase_drift_radians=0.080;drive=2.774;folds=3,3,0.9873788,-15.897277,-8.618292,7.118292,-1.5,-1.5,wav/18_marching_band__44_woodshop_process.wav,2,288000,6.0,1727999,35.99997916666667,0.74141973,0.09561995,-20.38903,1.0537761e-9,0,0,0.74141973,-20.419474,8.35953e-10,0.7183895,-20.358799,1.2715992e-9,0.13318923,-17.510618
18-45,long_additive_synth,marching_band,tractor_turning_hay,6ee897694d33cb46,241aba059f6c939a,12,12;3;7,208.577057;129.080658;159.766510,sparse-hashed-13edo-gradual-drones-v14,long,1a7e9384daa2a80e,10.497440;10.152281;9.777302,6.335837;5.851781;5.367725,broad_swell;soft_drone;breathing_drone,inharmonic_fm,detune_cents=47.505;feedback=0.414;crossfeedback_percent=8.000;index=7.280->3.227;clean_percent=45.000;raw_fm_percent=40.000;parallel_ruin_percent=15.000;phase_drift_radians=0.080;drive=2.979;folds=3,5,0.9535291,-10.0058155,-8.066073,6.5660734,-1.5,-1.4999995,wav/18_marching_band__45_tractor_turning_hay.wav,2,288000,6.0,1727999,35.99997916666667,0.4582249,0.09829508,-20.149364,1.8398009e-9,0,0,0.45099294,-20.15252,3.0529326e-9,0.4582249,-20.146214,6.2666916e-10,0.14636703,-16.691135
18-46,long_additive_synth,marching_band,hail_thunder,6ee897694d33cb46,8ca435fa8014940b,5,5;9;0,143.606293;177.745285;110.000000,sparse-hashed-13edo-gradual-drones-v14,long,c89d096753925fba,10.838541;10.520432;8.301896,6.853526;6.369470;3.821638,soft_drone;breathing_drone;late_bloom,inharmonic_fm,detune_cents=30.229;feedback=0.459;crossfeedback_percent=8.000;index=7.939->3.898;clean_percent=45.000;raw_fm_percent=40.000;parallel_ruin_percent=15.000;phase_drift_radians=0.080;drive=2.474;folds=3,3,0.97420377,-12.716343,-10.682062,9.182062,-1.5,-1.5000007,wav/18_marching_band__46_hail_thunder.wav,2,288000,6.0,1727999,35.99997916666667,0.5962426,0.09775394,-20.197315,1.2698508e-9,0,0,0.5276676,-20.187204,4.119028e-9,0.5962426,-20.207447,-1.5793262e-9,0.13526748,-17.376133
18-47,long_additive_synth,marching_band,marielle_protest,6ee897694d33cb46,b99f4919a8dffbad,3,3;7;11,129.080658;159.766510;197.747208,sparse-hashed-13edo-gradual-drones-v14,long,9170fcaeee8e100c,9.161871;8.685397;9.981878,4.658511;4.174455;5.626623,late_bloom;broad_swell;soft_drone,saturated_saw_cluster,detune_cents=79.715;drift_cents=19.632;drive=7.497;folds=4;alias_percent=79.262;bits=6;hard_sync_percent=59.650;sample_hold_frames=4,3,0.9759698,-13.02056,-10.774532,9.274532,-1.5,-1.5000007,wav/18_marching_band__47_marielle_protest.wav,2,288000,6.0,1727999,35.99997916666667,0.7116658,0.09765559,-20.206059,7.316471e-10,0,0,0.6334867,-20.182112,8.853054e-10,0.7116658,-20.230139,5.7798877e-10,0.13827242,-17.18529
18-48,long_additive_synth,marching_band,hair_salon_tools,6ee897694d33cb46,91febc7e6d506cc8,2,2;6;10,122.378456;151.471039;187.479691,sparse-hashed-13edo-gradual-drones-v14,long,bd188d634cc87067,7.509811;8.124351;10.414780,3.184499;3.668555;6.216387,soft_drone;broad_swell;late_bloom,modal_noise_resonator,detune_cents=42.699;mode_disorder_percent=4.725;resonated_noise_percent=14.727;clean_percent=60.000;parallel_ruin_percent=25.273;drive=4.430;folds=1,4,0.96483356,-11.301092,-1.9109172,0.41091716,-1.5,-1.5000007,wav/18_marching_band__48_hair_salon_tools.wav,2,288000,6.0,1727999,35.99997916666667,0.6357915,0.097972244,-20.177938,-1.6994135e-9,0,0,0.6066162,-20.184603,-1.8403663e-9,0.6357915,-20.171284,-1.5584606e-9,0.13663931,-17.288486
19-25,long_additive_synth,big_band_warmup,thunder_mountain,da93df71a7e97560,4e2a8e922a968e95,9,9;0;4,177.745285;110.000000;136.149902,sparse-hashed-13edo-gradual-drones-v14,long,afce983df1c89ebf,10.309690;10.643023;9.554810,6.067769;6.551825;5.099656,late_bloom;breathing_drone;soft_drone,modal_noise_resonator,detune_cents=50.519;mode_disorder_percent=5.538;resonated_noise_percent=17.894;clean_percent=60.000;parallel_ruin_percent=22.106;drive=4.615;folds=1,4,0.9664672,-11.518791,-8.197415,6.6974154,-1.5,-1.5,wav/19_big_band_warmup__25_thunder_mountain.wav,2,288000,6.0,1727999,35.99997916666667,0.5652107,0.0980961,-20.166965,-4.466273e-9,0,0,0.5652107,-20.185518,-7.774444e-9,0.5163515,-20.148489,-1.1581022e-9,0.13907447,-17.135052
19-26,long_additive_synth,big_band_warmup,inside_car_wash,da93df71a7e97560,903a06c594b2e6cb,5,5;9;0,143.606293;177.745285;110.000000,sparse-hashed-13edo-gradual-drones-v14,long,c154d78033814341,8.336923;8.850935;9.310499,3.852586;4.336642;4.820698,soft_drone;broad_swell;late_bloom,saturated_saw_cluster,detune_cents=72.324;drift_cents=13.370;drive=7.034;folds=3;alias_percent=68.869;bits=5;hard_sync_percent=45.617;sample_hold_frames=2,6,0.970153,-12.047955,-11.5902815,10.0902815,-1.5,-1.5000007,wav/19_big_band_warmup__26_inside_car_wash.wav,2,288000,6.0,1727999,35.99997916666667,0.5942469,0.098178566,-20.159666,4.2274957e-9,0,0,0.5942469,-20.155619,2.2810132e-9,0.5925417,-20.16372,6.1739787e-9,0.14134692,-16.994274
19-27,long_additive_synth,big_band_warmup,peru_new_year_fireworks,da93df71a7e97560,83317dd5c74822ca,1,1;5;9,116.024269;143.606293;177.745285,sparse-hashed-13edo-gradual-drones-v14,long,0bd841401b845558,7.486832;8.104410;10.403023,3.167694;3.651750;6.199581,breathing_drone;soft_drone;broad_swell,modal_noise_resonator,detune_cents=47.239;mode_disorder_percent=5.434;resonated_noise_percent=17.682;clean_percent=60.000;parallel_ruin_percent=22.318;drive=4.044;folds=1,4,0.94629216,-9.309412,-12.631478,11.131478,-1.5,-1.4999995,wav/19_big_band_warmup__27_peru_new_year_fireworks.wav,2,288000,6.0,1727999,35.99997916666667,0.53252655,0.098308705,-20.14816,8.609404e-9,0,0,0.46393138,-20.145016,1.4059659e-8,0.53252655,-20.151308,3.1591492e-9,0.13948628,-17.109371
19-28,long_additive_synth,big_band_warmup,efteling_steam_train,da93df71a7e97560,9a412959184abdf9,1,1;5;9,116.024269;143.606293;177.745285,sparse-hashed-13edo-gradual-drones-v14,long,a0b2cd2e0b842b4d,10.138782;10.484974;10.805595,5.833620;6.317676;6.801732,soft_drone;broad_swell;late_bloom,saturated_saw_cluster,detune_cents=59.515;drift_cents=16.216;drive=7.907;folds=3;alias_percent=72.734;bits=6;hard_sync_percent=69.514;sample_hold_frames=2,6,0.9269784,-7.8614817,-9.7395735,8.2395735,-1.5,-1.5000007,wav/19_big_band_warmup__28_efteling_steam_train.wav,2,288000,6.0,1727999,35.99997916666667,0.5121703,0.09823719,-20.15448,-7.1140294e-10,0,0,0.5087123,-20.152845,-1.2176825e-9,0.5121703,-20.156118,-2.0512333e-10,0.1417725,-16.96816
19-29,long_additive_synth,big_band_warmup,helicopter_takeoff,da93df71a7e97560,4534148b4903c233,6,6;10;1,151.471039;187.479691;116.024269,sparse-hashed-13edo-gradual-drones-v14,long,83381fe5286535df,10.396117;10.723124;9.657451,6.189731;6.673787;5.221618,broad_swell;late_bloom;breathing_drone,modal_noise_resonator,detune_cents=46.754;mode_disorder_percent=3.238;resonated_noise_percent=14.726;clean_percent=60.000;parallel_ruin_percent=25.274;drive=4.256;folds=1,4,0.9631816,-11.082094,-9.172219,7.6722193,-1.5,-1.5,wav/19_big_band_warmup__29_helicopter_takeoff.wav,2,288000,6.0,1727999,35.99997916666667,0.5412176,0.09818617,-20.158995,-1.8344813e-10,0,0,0.4779945,-20.156212,-4.0266533e-11,0.5412176,-20.161777,-3.2662972e-10,0.1349514,-17.396452
19-30,long_additive_synth,big_band_warmup,scuba_bubbles,da93df71a7e97560,d2eaf6d35c117589,1,1;5;9,116.024269;143.606293;177.745285,sparse-hashed-13edo-gradual-drones-v14,long,e7767ca98b4fbef6,9.715469;10.095598;8.837988,5.291844;5.775901;4.323732,broad_swell;late_bloom;breathing_drone,inharmonic_fm,detune_cents=37.326;feedback=0.485;crossfeedback_percent=8.000;index=8.126->3.103;clean_percent=45.000;raw_fm_percent=40.000;parallel_ruin_percent=15.000;phase_drift_radians=0.080;drive=2.539;folds=2,4,0.95643926,-10.305012,-14.251984,12.751984,-1.5,-1.4999995,wav/19_big_band_warmup__30_scuba_bubbles.wav,2,288000,6.0,1727999,35.99997916666667,0.5246226,0.0984144,-20.138826,1.0498719e-9,0,0,0.5246226,-20.132278,3.558885e-11,0.51578397,-20.145386,2.0641548e-9,0.14018866,-17.065742
19-31,long_additive_synth,big_band_warmup,building_demolition,da93df71a7e97560,d502a0866ac3b927,3,3;7;11,129.080658;159.766510;197.747208,sparse-hashed-13edo-gradual-drones-v14,long,64019ded720b4a87,8.926362;8.421734;7.850666,4.412616;3.928560;3.444504,soft_drone;breathing_drone;late_bloom,modal_noise_resonator,detune_cents=46.523;mode_disorder_percent=3.846;resonated_noise_percent=17.714;clean_percent=60.000;parallel_ruin_percent=22.286;drive=4.261;folds=2,5,0.961854,-10.907242,-11.85749,10.35749,-1.5,-1.5000007,wav/19_big_band_warmup__31_building_demolition.wav,2,288000,6.0,1727999,35.99997916666667,0.48548698,0.098455384,-20.13521,4.971545e-9,0,0,0.4706879,-20.135038,5.3079385e-9,0.48548698,-20.135382,4.635151e-9,0.13751748,-17.232841
19-32,long_additive_synth,big_band_warmup,finnish_blacksmith,da93df71a7e97560,8828c2d1c0ff4488,2,2;6;10,122.378456;151.471039;187.479691,sparse-hashed-13edo-gradual-drones-v14,long,1b800da3bfed6f9f,8.002729;7.369401;10.674270,3.567245;3.083189;6.599133,broad_swell;soft_drone;breathing_drone,saturated_saw_cluster,detune_cents=84.483;drift_cents=22.632;drive=9.967;folds=4;alias_percent=69.659;bits=5;hard_sync_percent=69.595;sample_hold_frames=3,5,0.97822386,-13.4598465,-11.329236,9.829236,-1.5,-1.4999995,wav/19_big_band_warmup__32_finnish_blacksmith.wav,2,288000,6.0,1727999,35.99997916666667,0.57259804,0.098368794,-20.142853,4.239639e-9,0,0,0.49856138,-20.129328,6.4187566e-9,0.57259804,-20.156422,2.0605213e-9,0.14064938,-17.037243
19-33,long_additive_synth,big_band_warmup,cattle_auction,da93df71a7e97560,63aeff78df8557af,9,9;0;4,177.745285;110.000000;136.149902,sparse-hashed-13edo-gradual-drones-v14,long,782a2af1073c79a8,9.838511;9.434090;8.988106,5.443912;4.959855;4.475799,breathing_drone;late_bloom;broad_swell,saturated_saw_cluster,detune_cents=73.128;drift_cents=21.013;drive=8.316;folds=4;alias_percent=65.752;bits=5;hard_sync_percent=49.552;sample_hold_frames=4,5,0.9490327,-9.580093,-11.59349,10.09349,-1.5,-1.5,wav/19_big_band_warmup__33_cattle_auction.wav,2,288000,6.0,1727999,35.99997916666667,0.523262,0.09814599,-20.162548,5.387348e-9,0,0,0.523262,-20.167404,8.41958e-9,0.5037842,-20.1577,2.3551159e-9,0.13937864,-17.116076
19-34,long_additive_synth,big_band_warmup,ferry_alarm,da93df71a7e97560,63fa0671c3c8b3fd,1,1;5;9,116.024269;143.606293;177.745285,sparse-hashed-13edo-gradual-drones-v14,long,7735ce62342eb476,9.034657;9.476120;7.988919,4.524032;5.008088;3.555919,soft_drone;broad_swell;broad_swell,modal_noise_resonator,detune_cents=43.955;mode_disorder_percent=4.736;resonated_noise_percent=11.739;clean_percent=60.000;parallel_ruin_percent=28.261;drive=4.835;folds=1,4,0.9714566,-12.244898,-7.986809,6.486809,-1.5,-1.5000007,wav/19_big_band_warmup__34_ferry_alarm.wav,2,288000,6.0,1727999,35.99997916666667,0.6000892,0.098216355,-20.156324,-5.7712574e-10,0,0,0.5032377,-20.147192,1.7299585e-9,0.6000892,-20.165474,-2.88421e-9,0.13948,-17.10976
19-35,long_additive_synth,big_band_warmup,flooded_mine,da93df71a7e97560,5ef5719090cb3c3e,10,10;1;5,187.479691;116.024269;143.606293,sparse-hashed-13edo-gradual-drones-v14,long,09a18e43737dd4c2,8.693808;8.159645;9.598028,4.182546;3.698490;5.150659,breathing_drone;late_bloom;broad_swell,inharmonic_fm,detune_cents=41.769;feedback=0.449;crossfeedback_percent=8.000;index=8.617->2.701;clean_percent=45.000;raw_fm_percent=40.000;parallel_ruin_percent=15.000;phase_drift_radians=0.080;drive=2.372;folds=3,3,0.9553267,-10.178158,-13.180245,11.680245,-1.5,-1.5,wav/19_big_band_warmup__35_flooded_mine.wav,2,288000,6.0,1727999,35.99997916666667,0.5597682,0.0980137,-20.174265,-1.3713717e-9,0,0,0.5597682,-20.163212,8.304509e-10,0.54644215,-20.185345,-3.5731942e-9,0.13762276,-17.226196
19-36,long_additive_synth,big_band_warmup,cappuccino_process,da93df71a7e97560,c9cb796a64de33e2,6,6;10;1,151.471039;187.479691;116.024269,sparse-hashed-13edo-gradual-drones-v14,long,8fd1db6481527d94,9.137473;8.658161;8.119310,4.632413;4.148357;3.664301,soft_drone;breathing_drone;late_bloom,modal_noise_resonator,detune_cents=44.768;mode_disorder_percent=3.237;resonated_noise_percent=16.452;clean_percent=60.000;parallel_ruin_percent=23.548;drive=4.537;folds=2,5,0.95289606,-9.94271,-7.5793962,6.0793962,-1.5,-1.5000007,wav/19_big_band_warmup__36_cappuccino_process.wav,2,288000,6.0,1727999,35.99997916666667,0.6544963,0.09696741,-20.267485,7.716878e-9,0,0,0.5978921,-20.298084,1.0752011e-8,0.6544963,-20.237099,4.6817448e-9,0.13666978,-17.28655
19-37,long_additive_synth,big_band_warmup,tennis_match,da93df71a7e97560,09cb934e68f8f084,5,5;9;0,143.606293;177.745285;110.000000,sparse-hashed-13edo-gradual-drones-v14,long,b324b0bd0fc5da2e,8.390022;8.898140;10.887901,3.899978;4.384034;6.931866,late_bloom;breathing_drone;soft_drone,inharmonic_fm,detune_cents=47.644;feedback=0.374;crossfeedback_percent=8.000;index=6.278->2.874;clean_percent=45.000;raw_fm_percent=40.000;parallel_ruin_percent=15.000;phase_drift_radians=0.080;drive=2.488;folds=2,4,0.9504195,-9.704742,-7.370084,5.870084,-1.5,-1.5,wav/19_big_band_warmup__37_tennis_match.wav,2,288000,6.0,1727999,35.99997916666667,0.589936,0.09778763,-20.19432,-4.8190607e-9,0,0,0.57815063,-20.18136,-6.046849e-9,0.589936,-20.20732,-3.5912728e-9,0.13844334,-17.174559
19-38,long_additive_synth,big_band_warmup,chainsaw_cycle,da93df71a7e97560,5c7feb9d452f2bef,8,8;12;3,168.516296;208.577057;129.080658,sparse-hashed-13edo-gradual-drones-v14,long,bb299e11559a12fe,10.915277;7.869854;8.438562,6.975699;3.459755;3.943812,late_bloom;breathing_drone;soft_drone,inharmonic_fm,detune_cents=37.632;feedback=0.462;crossfeedback_percent=8.000;index=8.605->2.650;clean_percent=45.000;raw_fm_percent=40.000;parallel_ruin_percent=15.000;phase_drift_radians=0.080;drive=2.648;folds=2,6,0.9412419,-8.889083,-9.878286,8.378286,-1.5,-1.5,wav/19_big_band_warmup__38_chainsaw_cycle.wav,2,288000,6.0,1727999,35.99997916666667,0.63769585,0.0971151,-20.254265,1.924425e-10,0,0,0.56727153,-20.226385,-4.2156585e-9,0.63769585,-20.282326,4.6005435e-9,0.13658722,-17.291798
19-39,long_additive_synth,big_band_warmup,near_foghorn,da93df71a7e97560,1d6af12c6225ab62,11,11;2;6,197.747208;122.378456;151.471039,sparse-hashed-13edo-gradual-drones-v14,long,17c2f70ec68fe987,9.515169;9.077863;10.276399,5.053321;4.569264;6.021433,broad_swell;soft_drone;breathing_drone,inharmonic_fm,detune_cents=32.833;feedback=0.376;crossfeedback_percent=8.000;index=6.844->2.887;clean_percent=45.000;raw_fm_percent=40.000;parallel_ruin_percent=15.000;phase_drift_radians=0.080;drive=2.614;folds=3,3,0.9558207,-10.250436,-13.776047,12.276047,-1.5,-1.5000007,wav/19_big_band_warmup__39_near_foghorn.wav,2,288000,6.0,1727999,35.99997916666667,0.6520634,0.0971085,-20.254856,-4.240688e-9,0,0,0.59497637,-20.204489,-6.4260726e-9,0.6520634,-20.305813,-2.0553028e-9,0.1332731,-17.50515
19-40,long_additive_synth,big_band_warmup,barcelona_gate_pa,da93df71a7e97560,e28efd5cee017776,8,8;12;3,168.516296;208.577057;129.080658,sparse-hashed-13edo-gradual-drones-v14,long,215aec76e2ddac7b,10.454735;10.106024;9.726851,6.273841;5.789784;5.305728,soft_drone;breathing_drone;late_bloom,saturated_saw_cluster,detune_cents=73.579;drift_cents=17.573;drive=8.702;folds=4;alias_percent=79.656;bits=6;hard_sync_percent=52.654;sample_hold_frames=2,5,0.97244924,-12.412135,-20.704067,19.204067,-1.5,-1.4999995,wav/19_big_band_warmup__40_barcelona_gate_pa.wav,2,288000,6.0,1727999,35.99997916666667,0.49393368,0.098467074,-20.13418,4.720042e-9,0,0,0.49393368,-20.133526,3.5778565e-9,0.45868224,-20.134832,5.8622276e-9,0.13868059,-17.159687
19-41,long_additive_synth,big_band_warmup,delhi_subway_cycle,da93df71a7e97560,3187a582eafedd91,10,10;1;5,187.479691;116.024269;143.606293,sparse-hashed-13edo-gradual-drones-v14,long,09a471a1507e80ee,10.162910;9.788888;10.826298,5.866120;5.382064;6.834232,soft_drone;breathing_drone;late_bloom,saturated_saw_cluster,detune_cents=75.284;drift_cents=23.505;drive=8.939;folds=4;alias_percent=76.634;bits=6;hard_sync_percent=67.452;sample_hold_frames=4,3,0.96183866,-10.911713,-15.163632,13.663632,-1.5,-1.5,wav/19_big_band_warmup__41_delhi_subway_cycle.wav,2,288000,6.0,1727999,35.99997916666667,0.6221604,0.09813254,-20.163738,3.493921e-9,0,0,0.6221604,-20.155205,5.9954246e-9,0.5650423,-20.172289,9.924173e-10,0.13813648,-17.193832
19-42,long_additive_synth,big_band_warmup,hockey_goal,da93df71a7e97560,7338d14d9c7d0103,8,8;12;3,168.516296;208.577057;129.080658,sparse-hashed-13edo-gradual-drones-v14,long,0662e13d328f6e15,9.016743;9.459941;7.966115,4.505409;4.989466;3.537297,broad_swell;late_bloom;breathing_drone,inharmonic_fm,detune_cents=44.644;feedback=0.508;crossfeedback_percent=8.000;index=7.485->3.591;clean_percent=45.000;raw_fm_percent=40.000;parallel_ruin_percent=15.000;phase_drift_radians=0.080;drive=2.827;folds=2,4,0.97265583,-12.442533,-12.626579,11.126579,-1.5,-1.5,wav/19_big_band_warmup__42_hockey_goal.wav,2,288000,6.0,1727999,35.99997916666667,0.5509613,0.09833463,-20.14587,1.1311583e-9,0,0,0.5509613,-20.153074,5.5032257e-10,0.5421649,-20.138676,1.7119939e-9,0.13934912,-17.117916
19-43,long_additive_synth,big_band_warmup,ambulance_siren,da93df71a7e97560,f8af2f1a4cb0c701,3,3;7;11,129.080658;159.766510;197.747208,sparse-hashed-13edo-gradual-drones-v14,long,ad032060dc31fa34,9.559452;9.126812;8.646254,5.105111;4.621055;4.136999,late_bloom;broad_swell;soft_drone,modal_noise_resonator,detune_cents=52.467;mode_disorder_percent=4.288;resonated_noise_percent=17.976;clean_percent=60.000;parallel_ruin_percent=22.024;drive=4.804;folds=2,5,0.9566923,-10.334407,-7.299127,5.799127,-1.5,-1.5,wav/19_big_band_warmup__43_ambulance_siren.wav,2,288000,6.0,1727999,35.99997916666667,0.5283762,0.09848976,-20.13218,5.470126e-10,0,0,0.47405648,-20.133278,8.2361573e-10,0.5283762,-20.131077,2.7040944e-10,0.13889462,-17.146292
19-44,long_additive_synth,big_band_warmup,woodshop_process,da93df71a7e97560,8e1e1d890ae5881a,11,11;2;6,197.747208;122.378456;151.471039,sparse-hashed-13edo-gradual-drones-v14,long,93568a49e81849a8,10.298476;9.936443;9.541464,6.052122;5.568066;5.084009,breathing_drone;late_bloom;broad_swell,inharmonic_fm,detune_cents=47.788;feedback=0.379;crossfeedback_percent=8.000;index=6.230->3.873;clean_percent=45.000;raw_fm_percent=40.000;parallel_ruin_percent=15.000;phase_drift_radians=0.080;drive=3.132;folds=3,5,0.9575679,-10.421169,-8.729421,7.2294207,-1.5,-1.5,wav/19_big_band_warmup__44_woodshop_process.wav,2,288000,6.0,1727999,35.99997916666667,0.63811135,0.0970556,-20.259588,-1.8070876e-9,0,0,0.59269965,-20.24893,2.1279782e-9,0.63811135,-20.270271,-5.7421534e-9,0.13602477,-17.32764
19-45,long_additive_synth,big_band_warmup,tractor_turning_hay,da93df71a7e97560,241aba059f6c939a,12,12;3;7,208.577057;129.080658;159.766510,sparse-hashed-13edo-gradual-drones-v14,long,8b1b86eec32fcf70,8.294683;7.705459;9.276775,3.815296;3.331240;4.783409,broad_swell;soft_drone;breathing_drone,inharmonic_fm,detune_cents=36.059;feedback=0.379;crossfeedback_percent=8.000;index=6.784->2.854;clean_percent=45.000;raw_fm_percent=40.000;parallel_ruin_percent=15.000;phase_drift_radians=0.080;drive=2.427;folds=3,3,0.97114754,-12.195419,-13.378515,11.878515,-1.5,-1.5,wav/19_big_band_warmup__45_tractor_turning_hay.wav,2,288000,6.0,1727999,35.99997916666667,0.5439646,0.09824519,-20.153774,8.431039e-11,0,0,0.49794984,-20.152494,9.2027924e-10,0.5439646,-20.155052,-7.5165846e-10,0.1425214,-16.9224
19-46,long_additive_synth,big_band_warmup,hail_thunder,da93df71a7e97560,8ca435fa8014940b,11,11;2;6,197.747208;122.378456;151.471039,sparse-hashed-13edo-gradual-drones-v14,long,5b2e5a63231c4b98,8.570965;9.059470;9.498542,4.065898;4.549954;5.034010,breathing_drone;soft_drone;broad_swell,modal_noise_resonator,detune_cents=50.592;mode_disorder_percent=4.626;resonated_noise_percent=16.246;clean_percent=60.000;parallel_ruin_percent=23.754;drive=3.815;folds=1,6,0.91873884,-7.291465,-7.3116817,5.8116817,-1.5,-1.4999987,wav/19_big_band_warmup__46_hail_thunder.wav,2,288000,6.0,1727999,35.99997916666667,0.58544385,0.098087735,-20.167706,-5.739531e-10,0,0,0.58544385,-20.17453,-1.1485661e-9,0.5471762,-20.160892,6.5990936e-13,0.13800822,-17.2019
19-47,long_additive_synth,big_band_warmup,marielle_protest,da93df71a7e97560,b99f4919a8dffbad,0,0;4;8,110.000000;136.149902;168.516296,sparse-hashed-13edo-gradual-drones-v14,long,b5d93ea22ffa8a7a,9.597733;9.169081;10.345793,5.150308;4.666251;6.118420,broad_swell;soft_drone;breathing_drone,saturated_saw_cluster,detune_cents=62.461;drift_cents=20.628;drive=9.500;folds=4;alias_percent=67.098;bits=6;hard_sync_percent=68.300;sample_hold_frames=2,3,0.96721196,-11.608302,-11.117259,9.617259,-1.5,-1.5000007,wav/19_big_band_warmup__47_marielle_protest.wav,2,288000,6.0,1727999,35.99997916666667,0.53712046,0.09841935,-20.13839,3.7833825e-10,0,0,0.53712046,-20.143774,-5.914037e-10,0.50183463,-20.133015,1.3480802e-9,0.13909167,-17.133978
19-48,long_additive_synth,big_band_warmup,hair_salon_tools,da93df71a7e97560,91febc7e6d506cc8,2,2;6;10,122.378456;151.471039;187.479691,sparse-hashed-13edo-gradual-drones-v14,long,9ddcd10a63b10415,10.631128;10.296846;9.934671,6.533906;6.049850;5.565794,soft_drone;breathing_drone;late_bloom,modal_noise_resonator,detune_cents=41.205;mode_disorder_percent=5.489;resonated_noise_percent=17.229;clean_percent=60.000;parallel_ruin_percent=22.771;drive=4.690;folds=2,5,0.95324856,-9.97699,-8.301806,6.8018064,-1.5,-1.5,wav/19_big_band_warmup__48_hair_salon_tools.wav,2,288000,6.0,1727999,35.99997916666667,0.5577378,0.09824379,-20.1539,1.6583583e-9,0,0,0.5503486,-20.162796,3.1010636e-9,0.5577378,-20.145018,2.1565305e-10,0.13550931,-17.360617
20-25,long_additive_synth,spanish_guitar_improvisation,thunder_mountain,14f647621ea93575,4e2a8e922a968e95,8,8;12;3,168.516296;208.577057;129.080658,sparse-hashed-13edo-gradual-drones-v14,long,73b41e7329532e47,8.114533;7.498499;9.133694,3.660272;3.176215;4.628384,breathing_drone;late_bloom;broad_swell,modal_noise_resonator,detune_cents=46.416;mode_disorder_percent=5.985;resonated_noise_percent=10.236;clean_percent=60.000;parallel_ruin_percent=29.764;drive=4.666;folds=2,3,0.97094274,-12.161676,-5.328906,3.828906,-1.5,-1.5,wav/20_spanish_guitar_improvisation__25_thunder_mountain.wav,2,288000,6.0,1727999,35.99997916666667,0.60696477,0.09770595,-20.20158,1.7451973e-10,0,0,0.5771887,-20.197262,2.301871e-9,0.60696477,-20.2059,-1.9528315e-9,0.13495809,-17.396023
20-26,long_additive_synth,spanish_guitar_improvisation,inside_car_wash,14f647621ea93575,903a06c594b2e6cb,7,7;11;2,159.766510;197.747208;122.378456,sparse-hashed-13edo-gradual-drones-v14,long,55435962c7ee91c9,10.898844;7.836656;10.247313,6.949353;3.433409;5.981240,breathing_drone;soft_drone;broad_swell,modal_noise_resonator,detune_cents=48.881;mode_disorder_percent=4.941;resonated_noise_percent=10.663;clean_percent=60.000;parallel_ruin_percent=29.337;drive=5.101;folds=1,4,0.95353884,-10.010065,-4.8644443,3.3644443,-1.5,-1.5,wav/20_spanish_guitar_improvisation__26_inside_car_wash.wav,2,288000,6.0,1727999,35.99997916666667,0.66609156,0.09770962,-20.201254,5.7899925e-9,0,0,0.560673,-20.180958,4.530443e-9,0.66609156,-20.221643,7.049542e-9,0.13253629,-17.553303
20-27,long_additive_synth,spanish_guitar_improvisation,peru_new_year_fireworks,14f647621ea93575,83317dd5c74822ca,4,4;8;12,136.149902;168.516296;208.577057,sparse-hashed-13edo-gradual-drones-v14,long,44f6597d5e074bf0,10.083348;10.433813;9.284133,5.759633;6.243690;4.791521,late_bloom;breathing_drone;soft_drone,saturated_saw_cluster,detune_cents=80.450;drift_cents=17.756;drive=9.573;folds=3;alias_percent=67.886;bits=7;hard_sync_percent=53.575;sample_hold_frames=4,4,0.9599238,-10.686451,-15.828562,14.328562,-1.5,-1.5,wav/20_spanish_guitar_improvisation__27_peru_new_year_fireworks.wav,2,288000,6.0,1727999,35.99997916666667,0.59249604,0.098326184,-20.146616,1.6588885e-9,0,0,0.5354107,-20.146187,4.018596e-9,0.59249604,-20.147047,-7.008192e-10,0.13959023,-17.1029
20-28,long_additive_synth,spanish_guitar_improvisation,efteling_steam_train,14f647621ea93575,9a412959184abdf9,7,7;11;2,159.766510;197.747208;122.378456,sparse-hashed-13edo-gradual-drones-v14,long,349aecb1b51c3375,7.994580;8.548170;10.669865,3.560557;4.044613;6.592445,broad_swell;late_bloom;breathing_drone,inharmonic_fm,detune_cents=32.623;feedback=0.373;crossfeedback_percent=8.000;index=7.690->2.776;clean_percent=45.000;raw_fm_percent=40.000;parallel_ruin_percent=15.000;phase_drift_radians=0.080;drive=2.814;folds=2,4,0.9709329,-12.163927,-11.861644,10.361644,-1.5,-1.5,wav/20_spanish_guitar_improvisation__28_efteling_steam_train.wav,2,288000,6.0,1727999,35.99997916666667,0.50952196,0.09829639,-20.149248,-1.8161026e-9,0,0,0.5057575,-20.153557,8.96502e-10,0.50952196,-20.144947,-4.528707e-9,0.1369686,-17.26758
20-29,long_additive_synth,spanish_guitar_improvisation,helicopter_takeoff,14f647621ea93575,4534148b4903c233,12,12;3;7,208.577057;129.080658;159.766510,sparse-hashed-13edo-gradual-drones-v14,long,0feed34a6ccdb9f7,8.821600;8.303888;9.702086,4.307448;3.823392;5.275561,soft_drone;breathing_drone;late_bloom,inharmonic_fm,detune_cents=39.135;feedback=0.438;crossfeedback_percent=8.000;index=6.297->3.108;clean_percent=45.000;raw_fm_percent=40.000;parallel_ruin_percent=15.000;phase_drift_radians=0.080;drive=3.082;folds=3,3,0.97557425,-12.961199,-11.584568,10.084568,-1.5,-1.5000007,wav/20_spanish_guitar_improvisation__29_helicopter_takeoff.wav,2,288000,6.0,1727999,35.99997916666667,0.5688465,0.09793682,-20.181082,-1.8247603e-9,0,0,0.50806457,-20.160828,-1.3809486e-9,0.5688465,-20.201427,-2.268572e-9,0.14258288,-16.918652
20-30,long_additive_synth,spanish_guitar_improvisation,scuba_bubbles,14f647621ea93575,d2eaf6d35c117589,12,12;3;7,208.577057;129.080658;159.766510,sparse-hashed-13edo-gradual-drones-v14,long,38f17de48291631e,8.149047;8.684438;9.161011,3.689476;4.173532;4.657588,broad_swell;late_bloom;breathing_drone,inharmonic_fm,detune_cents=40.433;feedback=0.540;crossfeedback_percent=8.000;index=7.650->3.106;clean_percent=45.000;raw_fm_percent=40.000;parallel_ruin_percent=15.000;phase_drift_radians=0.080;drive=3.192;folds=2,6,0.9438545,-9.125836,-4.865275,3.365275,-1.5,-1.5,wav/20_spanish_guitar_improvisation__30_scuba_bubbles.wav,2,288000,6.0,1727999,35.99997916666667,0.6465736,0.09816182,-20.161148,6.23621e-9,0,0,0.6465736,-20.142914,6.2200174e-9,0.5844419,-20.17946,6.252403e-9,0.14144969,-16.98796
20-31,long_additive_synth,spanish_guitar_improvisation,building_demolition,14f647621ea93575,d502a0866ac3b927,5,5;9;0,143.606293;177.745285;110.000000,sparse-hashed-13edo-gradual-drones-v14,long,b33e737046c4f6ff,8.783171;8.260569;9.670734,4.269500;3.785444;5.237613,broad_swell;soft_drone;breathing_drone,inharmonic_fm,detune_cents=41.718;feedback=0.351;crossfeedback_percent=8.000;index=8.846->3.144;clean_percent=45.000;raw_fm_percent=40.000;parallel_ruin_percent=15.000;phase_drift_radians=0.080;drive=2.405;folds=3,3,0.971916,-12.318129,-12.69024,11.19024,-1.5,-1.5,wav/20_spanish_guitar_improvisation__31_building_demolition.wav,2,288000,6.0,1727999,35.99997916666667,0.5392243,0.09827264,-20.151348,6.9645123e-10,0,0,0.51955354,-20.150337,3.7964836e-9,0.5392243,-20.152359,-2.4035811e-9,0.14058366,-17.041304
20-32,long_additive_synth,spanish_guitar_improvisation,finnish_blacksmith,14f647621ea93575,8828c2d1c0ff4488,4,4;8;12,136.149902;168.516296;208.577057,sparse-hashed-13edo-gradual-drones-v14,long,7ede0e75cdeb7457,9.947803;10.308928;9.120680,5.582649;6.066705;4.614536,late_bloom;breathing_drone;soft_drone,inharmonic_fm,detune_cents=42.765;feedback=0.430;crossfeedback_percent=8.000;index=7.792->3.979;clean_percent=45.000;raw_fm_percent=40.000;parallel_ruin_percent=15.000;phase_drift_radians=0.080;drive=3.179;folds=2,4,0.9608113,-10.788441,-1.7704254,0.27042544,-1.5,-1.5,wav/20_spanish_guitar_improvisation__32_finnish_blacksmith.wav,2,288000,6.0,1727999,35.99997916666667,0.52946,0.098353215,-20.14423,6.216853e-9,0,0,0.52946,-20.146435,9.4327675e-9,0.5087285,-20.142023,3.0009382e-9,0.13659024,-17.291607
20-33,long_additive_synth,spanish_guitar_improvisation,cattle_auction,14f647621ea93575,63aeff78df8557af,2,2;6;10,122.378456;151.471039;187.479691,sparse-hashed-13edo-gradual-drones-v14,long,465692b0246ad4d0,7.642648;8.239891;10.483335,3.283407;3.767464;6.315295,late_bloom;breathing_drone;breathing_drone,saturated_saw_cluster,detune_cents=75.400;drift_cents=14.833;drive=9.119;folds=3;alias_percent=70.780;bits=5;hard_sync_percent=56.147;sample_hold_frames=2,4,0.95433086,-10.077632,-18.170168,16.670168,-1.5,-1.5000019,wav/20_spanish_guitar_improvisation__33_cattle_auction.wav,2,288000,6.0,1727999,35.99997916666667,0.5892042,0.09816519,-20.160849,4.2504924e-9,0,0,0.5408865,-20.158012,3.214943e-9,0.5892042,-20.163689,5.2860423e-9,0.13750209,-17.233814
20-34,long_additive_synth,spanish_guitar_improvisation,ferry_alarm,14f647621ea93575,63fa0671c3c8b3fd,7,7;11;2,159.766510;197.747208;122.378456,sparse-hashed-13edo-gradual-drones-v14,long,92e83238a7a750de,9.842708;10.212313;8.993210,5.449175;5.933231;4.481063,soft_drone;broad_swell;late_bloom,saturated_saw_cluster,detune_cents=77.755;drift_cents=22.874;drive=9.572;folds=3;alias_percent=67.118;bits=6;hard_sync_percent=55.524;sample_hold_frames=4,4,0.9674054,-11.645086,-9.877546,8.377546,-1.5,-1.5,wav/20_spanish_guitar_improvisation__34_ferry_alarm.wav,2,288000,6.0,1727999,35.99997916666667,0.643464,0.09811684,-20.165129,6.6828876e-9,0,0,0.643464,-20.171223,8.352143e-9,0.5633995,-20.159042,5.013632e-9,0.13853635,-17.168726
20-35,long_additive_synth,spanish_guitar_improvisation,flooded_mine,14f647621ea93575,5ef5719090cb3c3e,12,12;3;7,208.577057;129.080658;159.766510,sparse-hashed-13edo-gradual-drones-v14,long,084041245c10744a,10.250540;9.884315;10.901621,5.985687;5.501631;6.953799,broad_swell;soft_drone;breathing_drone,modal_noise_resonator,detune_cents=42.865;mode_disorder_percent=3.072;resonated_noise_percent=11.654;clean_percent=60.000;parallel_ruin_percent=28.346;drive=4.238;folds=2,3,0.97423196,-12.709093,-8.221149,6.7211494,-1.5,-1.4999987,wav/20_spanish_guitar_improvisation__35_flooded_mine.wav,2,288000,6.0,1727999,35.99997916666667,0.5755314,0.098067455,-20.169502,-4.6207385e-9,0,0,0.5190032,-20.156342,-4.0979633e-9,0.5755314,-20.182705,-5.143514e-9,0.13963537,-17.10009
20-36,long_additive_synth,spanish_guitar_improvisation,cappuccino_process,14f647621ea93575,c9cb796a64de33e2,6,6;10;1,151.471039;187.479691;116.024269,sparse-hashed-13edo-gradual-drones-v14,long,47b9fc73bd5ff98c,10.644187;7.304760;9.949997,6.553582;3.037638;5.585469,late_bloom;breathing_drone;breathing_drone,saturated_saw_cluster,detune_cents=70.927;drift_cents=14.697;drive=7.528;folds=3;alias_percent=60.590;bits=6;hard_sync_percent=50.445;sample_hold_frames=2,4,0.99837214,-24.86326,-22.136755,20.636755,-1.5,-1.5000019,wav/20_spanish_guitar_improvisation__36_cappuccino_process.wav,2,288000,6.0,1727999,35.99997916666667,0.72368586,0.097239465,-20.243149,-1.3780872e-9,0,0,0.72368586,-20.255905,-6.975894e-9,0.6783785,-20.23043,4.2197197e-9,0.13801505,-17.201471
20-37,long_additive_synth,spanish_guitar_improvisation,tennis_match,14f647621ea93575,09cb934e68f8f084,8,8;12;3,168.516296;208.577057;129.080658,sparse-hashed-13edo-gradual-drones-v14,long,3c5ac4fccfe32d86,10.474058;10.126959;7.624783,6.301816;5.817760;3.269929,late_bloom;broad_swell;soft_drone,inharmonic_fm,detune_cents=38.126;feedback=0.522;crossfeedback_percent=8.000;index=8.156->3.254;clean_percent=45.000;raw_fm_percent=40.000;parallel_ruin_percent=15.000;phase_drift_radians=0.080;drive=2.485;folds=3,3,0.9573976,-10.416128,-5.1652217,3.6652217,-1.5,-1.5,wav/20_spanish_guitar_improvisation__37_tennis_match.wav,2,288000,6.0,1727999,35.99997916666667,0.612773,0.09773471,-20.199022,-3.3529162e-9,0,0,0.612773,-20.172398,-4.0374997e-9,0.6002222,-20.225813,-2.6683329e-9,0.1388862,-17.146818
20-38,long_additive_synth,spanish_guitar_improvisation,chainsaw_cycle,14f647621ea93575,5c7feb9d452f2bef,7,7;11;2,159.766510;197.747208;122.378456,sparse-hashed-13edo-gradual-drones-v14,long,2011a9e74c845c96,7.289587;10.637161;10.303360,3.027044;6.542988;6.058931,breathing_drone;broad_swell;soft_drone,saturated_saw_cluster,detune_cents=83.321;drift_cents=18.813;drive=7.096;folds=4;alias_percent=67.475;bits=6;hard_sync_percent=50.315;sample_hold_frames=2,5,0.9362721,-8.503347,-6.128554,4.628554,-1.5,-1.5,wav/20_spanish_guitar_improvisation__38_chainsaw_cycle.wav,2,288000,6.0,1727999,35.99997916666667,0.6626963,0.097048864,-20.260191,-8.865884e-9,0,0,0.6626963,-20.227842,-4.980014e-9,0.6593702,-20.292782,-1.2751753e-8,0.13603973,-17.326683
20-39,long_additive_synth,spanish_guitar_improvisation,near_foghorn,14f647621ea93575,1d6af12c6225ab62,2,2;6;10,122.378456;151.471039;187.479691,sparse-hashed-13edo-gradual-drones-v14,long,ffc554bf0b34441f,7.882329;10.921470;8.951097,3.469708;6.985652;4.437820,late_bloom;broad_swell;soft_drone,modal_noise_resonator,detune_cents=54.708;mode_disorder_percent=3.754;resonated_noise_percent=11.915;clean_percent=60.000;parallel_ruin_percent=28.085;drive=4.123;folds=2,3,0.9627303,-11.026307,-7.0387754,5.5387754,-1.5,-1.5,wav/20_spanish_guitar_improvisation__39_near_foghorn.wav,2,288000,6.0,1727999,35.99997916666667,0.6185426,0.097381875,-20.230436,-8.3145896e-10,0,0,0.6066419,-20.195744,5.898232e-10,0.6185426,-20.26541,-2.252741e-9,0.13818032,-17.191076
20-40,long_additive_synth,spanish_guitar_improvisation,barcelona_gate_pa,14f647621ea93575,e28efd5cee017776,8,8;12;3,168.516296;208.577057;129.080658,sparse-hashed-13edo-gradual-drones-v14,long,3999ff4b418f2603,9.312171;8.852793;10.106686,4.822554;4.338497;5.790666,broad_swell;soft_drone;breathing_drone,inharmonic_fm,detune_cents=35.658;feedback=0.532;crossfeedback_percent=8.000;index=8.896->3.290;clean_percent=45.000;raw_fm_percent=40.000;parallel_ruin_percent=15.000;phase_drift_radians=0.080;drive=2.729;folds=3,3,0.9610199,-10.819014,-11.94202,10.44202,-1.5,-1.4999995,wav/20_spanish_guitar_improvisation__40_barcelona_gate_pa.wav,2,288000,6.0,1727999,35.99997916666667,0.55744815,0.09754305,-20.216074,3.085999e-9,0,0,0.51836824,-20.19641,1.0904856e-9,0.55744815,-20.235826,5.0815125e-9,0.13509202,-17.387405
20-41,long_additive_synth,spanish_guitar_improvisation,delhi_subway_cycle,14f647621ea93575,3187a582eafedd91,5,5;9;0,143.606293;177.745285;110.000000,sparse-hashed-13edo-gradual-drones-v14,long,080aca302eac3376,9.454849;9.011104;10.225834,4.983619;4.499563;5.951732,breathing_drone;late_bloom;late_bloom,modal_noise_resonator,detune_cents=40.909;mode_disorder_percent=4.759;resonated_noise_percent=17.790;clean_percent=60.000;parallel_ruin_percent=22.210;drive=5.010;folds=2,3,0.9624903,-10.983301,-7.414251,5.914251,-1.5,-1.5000007,wav/20_spanish_guitar_improvisation__41_delhi_subway_cycle.wav,2,288000,6.0,1727999,35.99997916666667,0.55474275,0.09807862,-20.168512,-2.2829534e-9,0,0,0.54207546,-20.152674,-4.624691e-9,0.55474275,-20.18441,5.878404e-11,0.13868646,-17.159319
20-42,long_additive_synth,spanish_guitar_improvisation,hockey_goal,14f647621ea93575,7338d14d9c7d0103,4,4;8;12,136.149902;168.516296;208.577057,sparse-hashed-13edo-gradual-drones-v14,long,1e6ea72426e7412d,10.076336;10.427345;10.752094,5.750341;6.234397;6.718453,soft_drone;broad_swell;late_bloom,inharmonic_fm,detune_cents=34.591;feedback=0.544;crossfeedback_percent=8.000;index=8.731->3.901;clean_percent=45.000;raw_fm_percent=40.000;parallel_ruin_percent=15.000;phase_drift_radians=0.080;drive=2.570;folds=2,6,0.9532687,-9.978973,-6.348362,4.848362,-1.5,-1.5,wav/20_spanish_guitar_improvisation__42_hockey_goal.wav,2,288000,6.0,1727999,35.99997916666667,0.5863742,0.0981703,-20.160398,1.11285e-9,0,0,0.5809499,-20.167412,1.2767223e-9,0.5863742,-20.153393,9.489779e-10,0.14260831,-16.917103
20-43,long_additive_synth,spanish_guitar_improvisation,ambulance_siren,14f647621ea93575,f8af2f1a4cb0c701,1,1;5;9,116.024269;143.606293;177.745285,sparse-hashed-13edo-gradual-drones-v14,long,5dc33de8f404a1fc,7.700536;8.290385;10.513530,3.327466;3.811523;6.359354,late_bloom;breathing_drone;soft_drone,saturated_saw_cluster,detune_cents=65.861;drift_cents=15.215;drive=7.692;folds=3;alias_percent=74.016;bits=7;hard_sync_percent=55.648;sample_hold_frames=2,4,0.96266645,-11.023305,-11.067166,9.567166,-1.5,-1.5,wav/20_spanish_guitar_improvisation__43_ambulance_siren.wav,2,288000,6.0,1727999,35.99997916666667,0.57462204,0.098321244,-20.147053,-2.727385e-9,0,0,0.52678496,-20.14016,1.2323951e-9,0.57462204,-20.153957,-6.687165e-9,0.13622797,-17.314674
20-44,long_additive_synth,spanish_guitar_improvisation,woodshop_process,14f647621ea93575,8e1e1d890ae5881a,1,1;5;9,116.024269;143.606293;177.745285,sparse-hashed-13edo-gradual-drones-v14,long,7b622d209ae20ed0,8.466695;8.966413;9.414519,3.969442;4.453498;4.937554,breathing_drone;soft_drone;broad_swell,modal_noise_resonator,detune_cents=48.250;mode_disorder_percent=4.919;resonated_noise_percent=10.324;clean_percent=60.000;parallel_ruin_percent=29.676;drive=5.187;folds=1,6,0.9646641,-11.273905,-8.837678,7.337678,-1.5,-1.4999995,wav/20_spanish_guitar_improvisation__44_woodshop_process.wav,2,288000,6.0,1727999,35.99997916666667,0.67510694,0.096703276,-20.291176,-1.1308537e-9,0,0,0.6212234,-20.280275,8.647561e-10,0.67510694,-20.302105,-3.1264635e-9,0.13841732,-17.176191
20-45,long_additive_synth,spanish_guitar_improvisation,tractor_turning_hay,14f647621ea93575,241aba059f6c939a,9,9;0;4,177.745285;110.000000;136.149902,sparse-hashed-13edo-gradual-drones-v14,long,d549a0fe5b8a2988,10.567888;10.882662;9.860336,6.439450;6.923507;5.471338,breathing_drone;soft_drone;broad_swell,saturated_saw_cluster,detune_cents=72.615;drift_cents=15.871;drive=7.625;folds=3;alias_percent=65.041;bits=6;hard_sync_percent=45.684;sample_hold_frames=3,4,0.96303403,-11.043913,-12.618904,11.118904,-1.5,-1.4999995,wav/20_spanish_guitar_improvisation__45_tractor_turning_hay.wav,2,288000,6.0,1727999,35.99997916666667,0.5087553,0.09828983,-20.149826,5.6481086e-9,0,0,0.5087553,-20.152393,9.6309005e-9,0.5080822,-20.147266,1.6653167e-9,0.14091052,-17.021132
20-46,long_additive_synth,spanish_guitar_improvisation,hail_thunder,14f647621ea93575,8ca435fa8014940b,9,9;0;4,177.745285;110.000000;136.149902,sparse-hashed-13edo-gradual-drones-v14,long,7c5aba84a6965550,9.398880;8.949071;8.447233,4.919806;4.435750;3.951694,late_bloom;broad_swell;soft_drone,modal_noise_resonator,detune_cents=52.962;mode_disorder_percent=5.619;resonated_noise_percent=11.877;clean_percent=60.000;parallel_ruin_percent=28.123;drive=5.145;folds=2,5,0.98494273,-15.101501,-12.397341,10.897341,-1.5,-1.4999995,wav/20_spanish_guitar_improvisation__46_hail_thunder.wav,2,288000,6.0,1727999,35.99997916666667,0.55030715,0.098366916,-20.143017,-1.3836472e-9,0,0,0.52937406,-20.143616,8.3199053e-10,0.55030715,-20.14242,-3.5992849e-9,0.14102326,-17.014185
20-47,long_additive_synth,spanish_guitar_improvisation,marielle_protest,14f647621ea93575,b99f4919a8dffbad,0,0;4;8,110.000000;136.149902;168.516296,sparse-hashed-13edo-gradual-drones-v14,long,694c9e869d5c6602,10.621421;7.255492;9.923272,6.519316;3.003372;5.551204,breathing_drone;soft_drone;broad_swell,modal_noise_resonator,detune_cents=38.652;mode_disorder_percent=5.958;resonated_noise_percent=12.265;clean_percent=60.000;parallel_ruin_percent=27.735;drive=4.930;folds=1,4,0.9770943,-13.240384,-4.0684323,2.5684323,-1.5,-1.5,wav/20_spanish_guitar_improvisation__47_marielle_protest.wav,2,288000,6.0,1727999,35.99997916666667,0.5467468,0.09817986,-20.159552,-6.7047623e-10,0,0,0.5238959,-20.156921,-1.1887652e-9,0.5467468,-20.162182,-1.5218732e-10,0.14297514,-16.89479
20-48,long_additive_synth,spanish_guitar_improvisation,hair_salon_tools,14f647621ea93575,91febc7e6d506cc8,5,5;9;0,143.606293;177.745285;110.000000,sparse-hashed-13edo-gradual-drones-v14,long,3c0be26771ef961d,9.673779;9.252941;10.409895,5.241285;4.757228;6.209397,soft_drone;breathing_drone;late_bloom,saturated_saw_cluster,detune_cents=60.278;drift_cents=17.933;drive=7.546;folds=4;alias_percent=67.347;bits=6;hard_sync_percent=63.547;sample_hold_frames=3,3,0.9785092,-13.532153,-13.663059,12.163059,-1.5,-1.4999995,wav/20_spanish_guitar_improvisation__48_hair_salon_tools.wav,2,288000,6.0,1727999,35.99997916666667,0.60064274,0.09810888,-20.165834,3.0455567e-9,0,0,0.5675409,-20.159529,5.1184315e-9,0.60064274,-20.172148,9.726822e-10,0.13965791,-17.09869
21-25,long_additive_synth,christe_choir,thunder_mountain,65448562a52199a7,4e2a8e922a968e95,7,7;11;2,159.766510;197.747208;122.378456,sparse-hashed-13edo-gradual-drones-v14,long,15c87bddfb85dd14,7.704869;8.294168;10.515798,3.330788;3.814844;6.362675,broad_swell;late_bloom;breathing_drone,inharmonic_fm,detune_cents=44.898;feedback=0.519;crossfeedback_percent=8.000;index=6.634->2.850;clean_percent=45.000;raw_fm_percent=40.000;parallel_ruin_percent=15.000;phase_drift_radians=0.080;drive=2.575;folds=2,4,0.968649,-11.823434,-10.862293,9.362293,-1.5,-1.4999995,wav/21_christe_choir__25_thunder_mountain.wav,2,288000,6.0,1727999,35.99997916666667,0.57975537,0.09803365,-20.172497,3.6335392e-9,0,0,0.52033746,-20.188168,3.765933e-9,0.57975537,-20.156883,3.5011454e-9,0.13901095,-17.139019
21-26,long_additive_synth,christe_choir,inside_car_wash,65448562a52199a7,903a06c594b2e6cb,6,6;10;1,151.471039;187.479691;116.024269,sparse-hashed-13edo-gradual-drones-v14,long,544cb66ec8502158,9.601328;9.173052;8.697872,5.154575;4.670519;4.186462,soft_drone;breathing_drone;late_bloom,modal_noise_resonator,detune_cents=51.147;mode_disorder_percent=3.222;resonated_noise_percent=14.970;clean_percent=60.000;parallel_ruin_percent=25.030;drive=4.234;folds=2,5,0.974924,-12.823589,-10.019463,8.519463,-1.5,-1.5,wav/21_christe_choir__26_inside_car_wash.wav,2,288000,6.0,1727999,35.99997916666667,0.6241452,0.09777784,-20.19519,1.7630392e-9,0,0,0.5195598,-20.207481,1.3498369e-9,0.6241452,-20.182934,2.1762414e-9,0.1423815,-16.930927
21-27,long_additive_synth,christe_choir,peru_new_year_fireworks,65448562a52199a7,83317dd5c74822ca,5,5;9;0,143.606293;177.745285;110.000000,sparse-hashed-13edo-gradual-drones-v14,long,ace51d0f4b35f879,8.528744;9.021761;7.334414,4.026563;4.510619;3.058450,breathing_drone;soft_drone;soft_drone,modal_noise_resonator,detune_cents=44.713;mode_disorder_percent=3.664;resonated_noise_percent=13.179;clean_percent=60.000;parallel_ruin_percent=26.821;drive=4.656;folds=1,4,0.9497572,-9.631026,-17.212172,15.712172,-1.5,-1.5000007,wav/21_christe_choir__27_peru_new_year_fireworks.wav,2,288000,6.0,1727999,35.99997916666667,0.50559443,0.0982461,-20.153694,-1.9073487e-9,0,0,0.49081734,-20.1526,-2.1430726e-9,0.50559443,-20.154789,-1.671625e-9,0.14114863,-17.006466
21-28,long_additive_synth,christe_choir,efteling_steam_train,65448562a52199a7,9a412959184abdf9,1,1;5;9,116.024269;143.606293;177.745285,sparse-hashed-13edo-gradual-drones-v14,long,71ac9fb7f850a262,9.703978;9.286201;10.435399,5.277859;4.793802;6.245971,late_bloom;broad_swell;soft_drone,saturated_saw_cluster,detune_cents=59.114;drift_cents=18.257;drive=7.153;folds=4;alias_percent=76.971;bits=7;hard_sync_percent=63.520;sample_hold_frames=2,3,0.9862335,-15.506806,-12.770241,11.270241,-1.5,-1.4999995,wav/21_christe_choir__28_efteling_steam_train.wav,2,288000,6.0,1727999,35.99997916666667,0.7288581,0.09753765,-20.216553,1.656371e-9,0,0,0.6978568,-20.195486,2.9553802e-9,0.7288581,-20.237722,3.5736195e-10,0.13753423,-17.231785
21-29,long_additive_synth,christe_choir,helicopter_takeoff,65448562a52199a7,4534148b4903c233,3,3;7;11,129.080658;159.766510;197.747208,sparse-hashed-13edo-gradual-drones-v14,long,84177bd176bf339c,10.761034;10.436978;10.086780,6.732299;6.248242;5.764186,late_bloom;broad_swell;soft_drone,modal_noise_resonator,detune_cents=44.111;mode_disorder_percent=4.771;resonated_noise_percent=15.817;clean_percent=60.000;parallel_ruin_percent=24.183;drive=4.439;folds=2,5,0.94755787,-9.432462,-7.2509394,5.7509394,-1.5,-1.5,wav/21_christe_choir__29_helicopter_takeoff.wav,2,288000,6.0,1727999,35.99997916666667,0.5988548,0.09794105,-20.180704,-3.2535108e-10,0,0,0.54465014,-20.155859,-5.424569e-10,0.5988548,-20.205692,-1.08245274e-10,0.14341548,-16.86808
21-30,long_additive_synth,christe_choir,scuba_bubbles,65448562a52199a7,d2eaf6d35c117589,5,5;9;0,143.606293;177.745285;110.000000,sparse-hashed-13edo-gradual-drones-v14,long,61a1b5c32daecf67,7.485131;10.728724;8.643700,3.166454;6.682398;4.134567,late_bloom;broad_swell;soft_drone,modal_noise_resonator,detune_cents=41.715;mode_disorder_percent=5.796;resonated_noise_percent=16.131;clean_percent=60.000;parallel_ruin_percent=23.869;drive=4.431;folds=2,3,0.9649967,-11.315356,-22.186472,20.686472,-1.5,-1.5000012,wav/21_christe_choir__30_scuba_bubbles.wav,2,288000,6.0,1727999,35.99997916666667,0.58065194,0.09804214,-20.171745,-5.49808e-10,0,0,0.5690119,-20.173655,7.237667e-10,0.58065194,-20.169834,-1.8233827e-9,0.14119586,-17.00356
21-31,long_additive_synth,christe_choir,building_demolition,65448562a52199a7,d502a0866ac3b927,12,12;3;7,208.577057;129.080658;159.766510,sparse-hashed-13edo-gradual-drones-v14,long,0b68dbac38f1864e,9.091084;8.606326;9.923353,4.583195;4.099139;5.551308,breathing_drone;late_bloom;broad_swell,inharmonic_fm,detune_cents=38.300;feedback=0.532;crossfeedback_percent=8.000;index=6.274->3.167;clean_percent=45.000;raw_fm_percent=40.000;parallel_ruin_percent=15.000;phase_drift_radians=0.080;drive=2.447;folds=3,3,0.9774832,-13.308788,-18.73418,17.23418,-1.5,-1.5000012,wav/21_christe_choir__31_building_demolition.wav,2,288000,6.0,1727999,35.99997916666667,0.5166477,0.09843173,-20.137299,-8.556842e-10,0,0,0.5166477,-20.13842,-3.345001e-10,0.48994237,-20.136175,-1.3768683e-9,0.13945149,-17.111538
21-32,long_additive_synth,christe_choir,finnish_blacksmith,65448562a52199a7,8828c2d1c0ff4488,6,6;10;1,151.471039;187.479691;116.024269,sparse-hashed-13edo-gradual-drones-v14,long,f8a1c1afb8e39d7c,10.222504;9.853802;10.877500,5.947169;5.463113;6.915282,soft_drone;breathing_drone;late_bloom,saturated_saw_cluster,detune_cents=59.268;drift_cents=12.267;drive=7.375;folds=4;alias_percent=71.728;bits=5;hard_sync_percent=64.151;sample_hold_frames=3,3,0.9845995,-15.014624,-10.704382,9.204382,-1.5,-1.4999995,wav/21_christe_choir__32_finnish_blacksmith.wav,2,288000,6.0,1727999,35.99997916666667,0.7269489,0.09763743,-20.207672,1.7288319e-9,0,0,0.7269489,-20.206892,8.1385837e-10,0.63246936,-20.208454,2.6438054e-9,0.13692762,-17.27018
21-33,long_additive_synth,christe_choir,cattle_auction,65448562a52199a7,63aeff78df8557af,3,3;7;11,129.080658;159.766510;197.747208,sparse-hashed-13edo-gradual-drones-v14,long,a3157764cb6f81ff,9.654978;9.232224;8.763834,5.218646;4.734590;4.250534,broad_swell;soft_drone;breathing_drone,modal_noise_resonator,detune_cents=43.348;mode_disorder_percent=3.355;resonated_noise_percent=17.316;clean_percent=60.000;parallel_ruin_percent=22.684;drive=3.888;folds=2,5,0.9526054,-9.863092,-8.31632,6.8163204,-1.5,-1.5000007,wav/21_christe_choir__33_cattle_auction.wav,2,288000,6.0,1727999,35.99997916666667,0.5645419,0.09802143,-20.173578,-7.512259e-9,0,0,0.492097,-20.173235,-6.4140355e-9,0.5645419,-20.173923,-8.610483e-9,0.13413814,-17.448956
21-34,long_additive_synth,christe_choir,ferry_alarm,65448562a52199a7,63fa0671c3c8b3fd,4,4;8;12,136.149902;168.516296;208.577057,sparse-hashed-13edo-gradual-drones-v14,long,1423c7e331c153fb,10.534259;10.192131;7.740067,6.389780;5.905723;3.357892,broad_swell;soft_drone;breathing_drone,saturated_saw_cluster,detune_cents=56.481;drift_cents=21.551;drive=9.731;folds=4;alias_percent=71.603;bits=5;hard_sync_percent=61.556;sample_hold_frames=2,3,0.9760293,-13.034683,-9.599817,8.099817,-1.5,-1.5,wav/21_christe_choir__34_ferry_alarm.wav,2,288000,6.0,1727999,35.99997916666667,0.57114583,0.098134786,-20.16354,6.8526056e-9,0,0,0.52761257,-20.166164,4.9845e-9,0.57114583,-20.16092,8.720711e-9,0.13853352,-17.168903
21-35,long_additive_synth,christe_choir,flooded_mine,65448562a52199a7,5ef5719090cb3c3e,2,2;6;10,122.378456;151.471039;187.479691,sparse-hashed-13edo-gradual-drones-v14,long,32dff23c2b208595,9.837341;10.207385;8.986685,5.442447;5.926503;4.474335,late_bloom;breathing_drone;soft_drone,modal_noise_resonator,detune_cents=49.532;mode_disorder_percent=4.860;resonated_noise_percent=15.143;clean_percent=60.000;parallel_ruin_percent=24.857;drive=4.501;folds=1,4,0.9727085,-12.448736,-16.699083,15.199083,-1.5,-1.5000007,wav/21_christe_choir__35_flooded_mine.wav,2,288000,6.0,1727999,35.99997916666667,0.61816686,0.09750729,-20.21926,7.6473317e-10,0,0,0.61816686,-20.255154,2.3206577e-9,0.5651237,-20.183659,-7.9119133e-10,0.14253543,-16.921543
21-36,long_additive_synth,christe_choir,cappuccino_process,65448562a52199a7,c9cb796a64de33e2,3,3;7;11,129.080658;159.766510;197.747208,sparse-hashed-13edo-gradual-drones-v14,long,5a4c1378bd73581b,10.209509;10.550322;9.435345,5.929401;6.413458;4.961289,breathing_drone;soft_drone;broad_swell,inharmonic_fm,detune_cents=46.501;feedback=0.539;crossfeedback_percent=8.000;index=8.566->2.828;clean_percent=45.000;raw_fm_percent=40.000;parallel_ruin_percent=15.000;phase_drift_radians=0.080;drive=2.764;folds=2,4,0.9970771,-22.312687,-23.26239,21.76239,-1.5,-1.5000012,wav/21_christe_choir__36_cappuccino_process.wav,2,288000,6.0,1727999,35.99997916666667,0.6062916,0.09730193,-20.23757,2.254835e-9,0,0,0.5663167,-20.243628,2.4006885e-9,0.6062916,-20.231524,2.1089814e-9,0.13736403,-17.24254
21-37,long_additive_synth,christe_choir,tennis_match,65448562a52199a7,09cb934e68f8f084,3,3;7;11,129.080658;159.766510;197.747208,sparse-hashed-13edo-gradual-drones-v14,long,c4f230ec14e34f99,10.605677;10.269352;7.874977,6.495727;6.011670;3.463839,late_bloom;broad_swell;soft_drone,saturated_saw_cluster,detune_cents=65.568;drift_cents=16.410;drive=9.495;folds=4;alias_percent=70.198;bits=5;hard_sync_percent=45.661;sample_hold_frames=2,3,0.95632935,-10.291598,-11.75061,10.25061,-1.5,-1.4999995,wav/21_christe_choir__37_tennis_match.wav,2,288000,6.0,1727999,35.99997916666667,0.7380621,0.096854195,-20.277632,-4.0220263e-9,0,0,0.6643926,-20.238066,-3.2846241e-9,0.7380621,-20.317558,-4.7594284e-9,0.13468777,-17.413437
21-38,long_additive_synth,christe_choir,chainsaw_cycle,65448562a52199a7,5c7feb9d452f2bef,1,1;5;9,116.024269;143.606293;177.745285,sparse-hashed-13edo-gradual-drones-v14,long,ae08f709d67ecff1,9.883414;10.249712;10.587505,5.500490;5.984547;6.468603,soft_drone;broad_swell;late_bloom,inharmonic_fm,detune_cents=29.606;feedback=0.465;crossfeedback_percent=8.000;index=8.378->3.972;clean_percent=45.000;raw_fm_percent=40.000;parallel_ruin_percent=15.000;phase_drift_radians=0.080;drive=3.018;folds=2,6,0.9387589,-8.729335,-13.146177,11.646177,-1.5,-1.5000007,wav/21_christe_choir__38_chainsaw_cycle.wav,2,288000,6.0,1727999,35.99997916666667,0.676437,0.09652258,-20.307423,-1.9808999e-10,0,0,0.6506441,-20.265602,2.2021318e-9,0.676437,-20.349648,-2.5983118e-9,0.14014219,-17.068623
21-39,long_additive_synth,christe_choir,near_foghorn,65448562a52199a7,1d6af12c6225ab62,4,4;8;12,136.149902;168.516296;208.577057,sparse-hashed-13edo-gradual-drones-v14,long,978aaaa5c576e764,9.208608;9.633558;8.209046,4.708914;5.192970;3.740801,broad_swell;late_bloom;breathing_drone,modal_noise_resonator,detune_cents=52.297;mode_disorder_percent=5.735;resonated_noise_percent=16.933;clean_percent=60.000;parallel_ruin_percent=23.067;drive=4.431;folds=1,4,0.9398254,-8.638068,-11.86384,10.36384,-1.5,-1.4999995,wav/21_christe_choir__39_near_foghorn.wav,2,288000,6.0,1727999,35.99997916666667,0.57660186,0.09719382,-20.247227,1.9848947e-8,0,0,0.5530866,-20.22937,1.4534039e-8,0.57660186,-20.265158,2.5163855e-8,0.13585396,-17.338554
21-40,long_additive_synth,christe_choir,barcelona_gate_pa,65448562a52199a7,e28efd5cee017776,10,10;1;5,187.479691;116.024269;143.606293,sparse-hashed-13edo-gradual-drones-v14,long,4cd4f66de3abb8ae,10.548351;10.207376;9.837334,6.410548;5.926492;5.442436,late_bloom;soft_drone;breathing_drone,inharmonic_fm,detune_cents=39.720;feedback=0.487;crossfeedback_percent=8.000;index=8.595->2.730;clean_percent=45.000;raw_fm_percent=40.000;parallel_ruin_percent=15.000;phase_drift_radians=0.080;drive=2.339;folds=3,5,0.9703202,-12.072871,-22.699678,21.199678,-1.5,-1.4999981,wav/21_christe_choir__40_barcelona_gate_pa.wav,2,288000,6.0,1727999,35.99997916666667,0.49146438,0.098453484,-20.13538,-1.7009362e-9,0,0,0.49146438,-20.135193,-3.0121041e-9,0.47137323,-20.135563,-3.8976822e-10,0.13823746,-17.187485
21-41,long_additive_synth,christe_choir,delhi_subway_cycle,65448562a52199a7,3187a582eafedd91,3,3;7;11,129.080658;159.766510;197.747208,sparse-hashed-13edo-gradual-drones-v14,long,ce5e43644dd899e1,8.322809;8.838399;10.850214,3.840085;4.324142;6.871973,broad_swell;late_bloom;breathing_drone,saturated_saw_cluster,detune_cents=77.093;drift_cents=22.536;drive=8.045;folds=3;alias_percent=69.136;bits=7;hard_sync_percent=63.242;sample_hold_frames=4,4,0.944141,-9.14916,-12.697358,11.197358,-1.5,-1.4999995,wav/21_christe_choir__41_delhi_subway_cycle.wav,2,288000,6.0,1727999,35.99997916666667,0.579225,0.09766821,-20.204935,-1.5277617e-9,0,0,0.5441902,-20.196714,-4.8775033e-9,0.579225,-20.213173,1.82198e-9,0.13700736,-17.265121
21-42,long_additive_synth,christe_choir,hockey_goal,65448562a52199a7,7338d14d9c7d0103,9,9;0;4,177.745285;110.000000;136.149902,sparse-hashed-13edo-gradual-drones-v14,long,38146393b2f3c2d4,8.472414;7.908422;9.419117,3.974673;3.490617;4.942786,breathing_drone;late_bloom;broad_swell,inharmonic_fm,detune_cents=42.127;feedback=0.508;crossfeedback_percent=8.000;index=7.646->2.776;clean_percent=45.000;raw_fm_percent=40.000;parallel_ruin_percent=15.000;phase_drift_radians=0.080;drive=2.861;folds=3,3,0.9818398,-14.277487,-19.272547,17.772547,-1.5,-1.5,wav/21_christe_choir__42_hockey_goal.wav,2,288000,6.0,1727999,35.99997916666667,0.5904147,0.09828859,-20.149939,-8.5566254e-10,0,0,0.5620433,-20.151844,-1.054405e-9,0.5904147,-20.148033,-6.5692e-10,0.13858654,-17.16558
21-43,long_additive_synth,christe_choir,ambulance_siren,65448562a52199a7,f8af2f1a4cb0c701,10,10;1;5,187.479691;116.024269;143.606293,sparse-hashed-13edo-gradual-drones-v14,long,c622e673bfc18c51,8.354479;8.866535;10.867940,3.868190;4.352247;6.900078,late_bloom;breathing_drone;soft_drone,inharmonic_fm,detune_cents=38.277;feedback=0.547;crossfeedback_percent=8.000;index=6.724->3.696;clean_percent=45.000;raw_fm_percent=40.000;parallel_ruin_percent=15.000;phase_drift_radians=0.080;drive=2.725;folds=2,4,0.96059597,-10.760674,-16.686039,15.186039,-1.5,-1.5,wav/21_christe_choir__43_ambulance_siren.wav,2,288000,6.0,1727999,35.99997916666667,0.56394845,0.09801572,-20.174086,2.8075048e-10,0,0,0.55375624,-20.183815,1.7157752e-9,0.56394845,-20.164375,-1.1542742e-9,0.14084175,-17.025372
21-44,long_additive_synth,christe_choir,woodshop_process,65448562a52199a7,8e1e1d890ae5881a,11,11;2;6,197.747208;122.378456;151.471039,sparse-hashed-13edo-gradual-drones-v14,long,b8bcaacd4f18a81b,9.482200;9.041387;10.248747,5.015104;4.531048;5.983216,late_bloom;broad_swell;soft_drone,saturated_saw_cluster,detune_cents=59.131;drift_cents=19.411;drive=7.719;folds=4;alias_percent=75.432;bits=7;hard_sync_percent=62.173;sample_hold_frames=4,3,0.9681155,-11.736571,-16.85436,15.354361,-1.5,-1.4999995,wav/21_christe_choir__44_woodshop_process.wav,2,288000,6.0,1727999,35.99997916666667,0.70792603,0.09631948,-20.325718,1.8569927e-9,0,0,0.6522801,-20.326796,2.2543012e-10,0.70792603,-20.324638,3.4885552e-9,0.13536228,-17.370047
21-45,long_additive_synth,christe_choir,tractor_turning_hay,65448562a52199a7,241aba059f6c939a,0,0;4;8,110.000000;136.149902;168.516296,sparse-hashed-13edo-gradual-drones-v14,long,8aa0a4df50f5d0c1,9.427902;8.981249;10.203281,4.952793;4.468737;5.920906,broad_swell;soft_drone;breathing_drone,inharmonic_fm,detune_cents=39.630;feedback=0.535;crossfeedback_percent=8.000;index=8.163->3.906;clean_percent=45.000;raw_fm_percent=40.000;parallel_ruin_percent=15.000;phase_drift_radians=0.080;drive=3.041;folds=3,3,0.97114784,-12.171075,-13.181799,11.681799,-1.5,-1.4999995,wav/21_christe_choir__45_tractor_turning_hay.wav,2,288000,6.0,1727999,35.99997916666667,0.5605225,0.09807115,-20.169174,-2.2681602e-10,0,0,0.51775193,-20.163128,4.551106e-11,0.5605225,-20.175228,-4.991431e-10,0.13995865,-17.080006
21-46,long_additive_synth,christe_choir,hail_thunder,65448562a52199a7,8ca435fa8014940b,0,0;4;8,110.000000;136.149902;168.516296,sparse-hashed-13edo-gradual-drones-v14,long,cec981e4c77c2c73,7.989003;8.543262;9.034723,3.555989;4.040045;4.524101,late_bloom;breathing_drone;soft_drone,saturated_saw_cluster,detune_cents=67.886;drift_cents=20.448;drive=9.000;folds=3;alias_percent=60.743;bits=6;hard_sync_percent=66.627;sample_hold_frames=2,6,0.9267271,-7.8202477,-4.7424765,3.2424765,-1.5,-1.5,wav/21_christe_choir__46_hail_thunder.wav,2,288000,6.0,1727999,35.99997916666667,0.67554545,0.09781275,-20.192091,-1.698893e-9,0,0,0.67554545,-20.198267,-3.1248437e-9,0.6173603,-20.185925,-2.7294236e-10,0.13989659,-17.083857
21-47,long_additive_synth,christe_choir,marielle_protest,65448562a52199a7,b99f4919a8dffbad,6,6;10;1,151.471039;187.479691;116.024269,sparse-hashed-13edo-gradual-drones-v14,long,18742e944c8780d9,10.234270;10.573221;9.464924,5.963306;6.447362;4.995193,broad_swell;late_bloom;breathing_drone,saturated_saw_cluster,detune_cents=63.204;drift_cents=20.683;drive=8.828;folds=3;alias_percent=74.355;bits=7;hard_sync_percent=50.456;sample_hold_frames=2,4,0.9882936,-16.232344,-19.434933,17.934933,-1.5,-1.5,wav/21_christe_choir__47_marielle_protest.wav,2,288000,6.0,1727999,35.99997916666667,0.6167998,0.09776616,-20.196228,-4.1595052e-10,0,0,0.59299415,-20.189592,-7.9276113e-10,0.6167998,-20.202875,-3.9139896e-11,0.13810684,-17.195698
21-48,long_additive_synth,christe_choir,hair_salon_tools,65448562a52199a7,91febc7e6d506cc8,5,5;9;0,143.606293;177.745285;110.000000,sparse-hashed-13edo-gradual-drones-v14,long,1ba4b0b55b740f9e,10.084463;10.434841;10.759049,5.761111;6.245167;6.729223,late_bloom;breathing_drone;soft_drone,inharmonic_fm,detune_cents=29.866;feedback=0.451;crossfeedback_percent=8.000;index=6.889->2.866;clean_percent=45.000;raw_fm_percent=40.000;parallel_ruin_percent=15.000;phase_drift_radians=0.080;drive=2.500;folds=2,6,0.9589701,-10.580625,-16.23474,14.734739,-1.5,-1.4999987,wav/21_christe_choir__48_hair_salon_tools.wav,2,288000,6.0,1727999,35.99997916666667,0.5839311,0.09818537,-20.159065,2.7271216e-9,0,0,0.5634713,-20.15596,8.4155455e-10,0.5839311,-20.162172,4.612689e-9,0.14006771,-17.073238
22-25,long_additive_synth,prospect_drum_circle,thunder_mountain,f45715adb52dd19d,4e2a8e922a968e95,4,4;8;12,136.149902;168.516296;208.577057,sparse-hashed-13edo-gradual-drones-v14,long,a5fc782856f5e78b,10.379359;10.707582;7.440395,6.165892;6.649948;3.134004,broad_swell;late_bloom;breathing_drone,saturated_saw_cluster,detune_cents=57.334;drift_cents=14.009;drive=7.356;folds=3;alias_percent=69.056;bits=5;hard_sync_percent=46.591;sample_hold_frames=2,6,0.9387079,-8.711309,-3.165394,1.6653941,-1.5,-1.5,wav/22_prospect_drum_circle__25_thunder_mountain.wav,2,288000,6.0,1727999,35.99997916666667,0.53247434,0.09807179,-20.169117,-3.3798633e-10,0,0,0.53247434,-20.190067,-1.3086529e-9,0.52249724,-20.148268,6.326802e-10,0.13811535,-17.195162
22-26,long_additive_synth,prospect_drum_circle,inside_car_wash,f45715adb52dd19d,903a06c594b2e6cb,2,2;6;10,122.378456;151.471039;187.479691,sparse-hashed-13edo-gradual-drones-v14,long,f695644a8a0e404d,9.771639;10.147086;8.906632,5.360729;5.844786;4.392616,soft_drone;broad_swell;late_bloom,saturated_saw_cluster,detune_cents=71.684;drift_cents=14.208;drive=8.963;folds=3;alias_percent=75.255;bits=6;hard_sync_percent=47.746;sample_hold_frames=4,4,0.96085703,-10.801324,-14.090944,12.590944,-1.5,-1.4999995,wav/22_prospect_drum_circle__26_inside_car_wash.wav,2,288000,6.0,1727999,35.99997916666667,0.69916564,0.09712384,-20.253485,-2.8243965e-9,0,0,0.62272763,-20.236012,-2.1613382e-9,0.69916564,-20.271025,-3.4874548e-9,0.13783135,-17.213041
22-27,long_additive_synth,prospect_drum_circle,peru_new_year_fireworks,f45715adb52dd19d,83317dd5c74822ca,11,11;2;6,197.747208;122.378456;151.471039,sparse-hashed-13edo-gradual-drones-v14,long,af120a25cbc6dabc,8.677205;8.140864;9.584551,4.166587;3.682531;5.134700,soft_drone;breathing_drone;late_bloom,saturated_saw_cluster,detune_cents=66.772;drift_cents=22.243;drive=9.673;folds=4;alias_percent=71.351;bits=6;hard_sync_percent=48.354;sample_hold_frames=2,3,0.967713,-11.691146,-20.987844,19.487844,-1.5,-1.5,wav/22_prospect_drum_circle__27_peru_new_year_fireworks.wav,2,288000,6.0,1727999,35.99997916666667,0.50363946,0.09826861,-20.151703,5.0991916e-10,0,0,0.46508425,-20.148294,2.3642885e-10,0.50363946,-20.155117,7.8340945e-10,0.14068696,-17.034924
22-28,long_additive_synth,prospect_drum_circle,efteling_steam_train,f45715adb52dd19d,9a412959184abdf9,4,4;8;12,136.149902;168.516296;208.577057,sparse-hashed-13edo-gradual-drones-v14,long,f48c80c1ff164f71,10.823343;7.682455;8.274604,6.829585;3.313641;3.797698,broad_swell;late_bloom;breathing_drone,inharmonic_fm,detune_cents=31.404;feedback=0.541;crossfeedback_percent=8.000;index=8.847->3.715;clean_percent=45.000;raw_fm_percent=40.000;parallel_ruin_percent=15.000;phase_drift_radians=0.080;drive=2.744;folds=2,6,0.9223719,-7.543881,-7.4696264,5.9696264,-1.5,-1.5000007,wav/22_prospect_drum_circle__28_efteling_steam_train.wav,2,288000,6.0,1727999,35.99997916666667,0.4774581,0.098407984,-20.139393,1.2266159e-9,0,0,0.4774581,-20.139503,-8.880285e-10,0.46914116,-20.139284,3.3412604e-9,0.13779296,-17.21546
22-29,long_additive_synth,prospect_drum_circle,helicopter_takeoff,f45715adb52dd19d,4534148b4903c233,1,1;5;9,116.024269;143.606293;177.745285,sparse-hashed-13edo-gradual-drones-v14,long,74b3292f9d344303,7.302063;7.944591;8.504194,3.035752;3.519809;4.003865,breathing_drone;soft_drone;broad_swell,inharmonic_fm,detune_cents=47.795;feedback=0.480;crossfeedback_percent=8.000;index=8.429->2.560;clean_percent=45.000;raw_fm_percent=40.000;parallel_ruin_percent=15.000;phase_drift_radians=0.080;drive=2.758;folds=2,6,0.94858867,-9.536749,-10.583454,9.083454,-1.5,-1.5000007,wav/22_prospect_drum_circle__29_helicopter_takeoff.wav,2,288000,6.0,1727999,35.99997916666667,0.608892,0.097957835,-20.179216,2.963796e-9,0,0,0.4940811,-20.158657,7.0246936e-10,0.608892,-20.199873,5.225123e-9,0.13356887,-17.485895
22-30,long_additive_synth,prospect_drum_circle,scuba_bubbles,f45715adb52dd19d,d2eaf6d35c117589,5,5;9;0,143.606293;177.745285;110.000000,sparse-hashed-13edo-gradual-drones-v14,long,937fcdee77a39fea,7.549933;8.159199;8.693414,3.214055;3.698111;4.182167,late_bloom;breathing_drone;broad_swell,modal_noise_resonator,detune_cents=52.210;mode_disorder_percent=5.876;resonated_noise_percent=12.995;clean_percent=60.000;parallel_ruin_percent=27.005;drive=4.544;folds=1,6,0.9350499,-8.425988,-3.9112546,2.4112546,-1.5,-1.5000007,wav/22_prospect_drum_circle__30_scuba_bubbles.wav,2,288000,6.0,1727999,35.99997916666667,0.55467856,0.09823818,-20.154396,1.6072021e-9,0,0,0.5442888,-20.146805,1.7872691e-9,0.55467856,-20.161999,1.4271352e-9,0.14480568,-16.784288
22-31,long_additive_synth,prospect_drum_circle,building_demolition,f45715adb52dd19d,d502a0866ac3b927,2,2;6;10,122.378456;151.471039;187.479691,sparse-hashed-13edo-gradual-drones-v14,long,e7b9f359b133585b,8.305241;7.717549;10.840405,3.824582;3.340526;6.856470,breathing_drone;late_bloom;broad_swell,modal_noise_resonator,detune_cents=48.925;mode_disorder_percent=3.143;resonated_noise_percent=17.410;clean_percent=60.000;parallel_ruin_percent=22.590;drive=4.224;folds=2,5,0.9612866,-10.88133,-10.231596,8.731596,-1.5,-1.5000007,wav/22_prospect_drum_circle__31_building_demolition.wav,2,288000,6.0,1727999,35.99997916666667,0.51270545,0.09847985,-20.133053,-4.318017e-10,0,0,0.51270545,-20.140865,-1.7541602e-10,0.44637263,-20.125254,-6.881874e-10,0.14086224,-17.024109
22-32,long_additive_synth,prospect_drum_circle,finnish_blacksmith,f45715adb52dd19d,8828c2d1c0ff4488,12,12;3;7,208.577057;129.080658;159.766510,sparse-hashed-13edo-gradual-drones-v14,long,dc7fb35ea1519c93,10.634943;10.300964;7.929698,6.539647;6.055591;3.507759,late_bloom;broad_swell;soft_drone,inharmonic_fm,detune_cents=39.846;feedback=0.403;crossfeedback_percent=8.000;index=6.932->3.396;clean_percent=45.000;raw_fm_percent=40.000;parallel_ruin_percent=15.000;phase_drift_radians=0.080;drive=2.405;folds=3,3,0.9876524,-15.990482,-11.216583,9.716583,-1.5,-1.5000007,wav/22_prospect_drum_circle__32_finnish_blacksmith.wav,2,288000,6.0,1727999,35.99997916666667,0.5674649,0.09825654,-20.152771,-2.0919808e-9,0,0,0.4450124,-20.127764,-2.1739577e-9,0.5674649,-20.177921,-2.0100037e-9,0.13833553,-17.181324
22-33,long_additive_synth,prospect_drum_circle,cattle_auction,f45715adb52dd19d,63aeff78df8557af,2,2;6;10,122.378456;151.471039;187.479691,sparse-hashed-13edo-gradual-drones-v14,long,1a9b0548cf1c2a24,7.976223;7.338718;9.024681,3.545539;3.061483;4.513652,broad_swell;soft_drone;breathing_drone,inharmonic_fm,detune_cents=39.927;feedback=0.509;crossfeedback_percent=8.000;index=6.209->2.958;clean_percent=45.000;raw_fm_percent=40.000;parallel_ruin_percent=15.000;phase_drift_radians=0.080;drive=3.020;folds=3,3,0.9589906,-10.560527,-15.612927,14.112927,-1.5,-1.4999987,wav/22_prospect_drum_circle__33_cattle_auction.wav,2,288000,6.0,1727999,35.99997916666667,0.48129055,0.0982748,-20.151157,-9.595813e-10,0,0,0.48129055,-20.150352,-1.3797423e-9,0.47791526,-20.151962,-5.394204e-10,0.13962382,-17.10081
22-34,long_additive_synth,prospect_drum_circle,ferry_alarm,f45715adb52dd19d,63fa0671c3c8b3fd,10,10;1;5,187.479691;116.024269;143.606293,sparse-hashed-13edo-gradual-drones-v14,long,9082cee93c508b52,9.663133;10.047669;10.400910,5.228454;5.712510;6.196566,broad_swell;late_bloom;breathing_drone,saturated_saw_cluster,detune_cents=82.102;drift_cents=16.076;drive=9.626;folds=3;alias_percent=65.401;bits=7;hard_sync_percent=59.368;sample_hold_frames=2,6,0.954379,-10.09306,-6.5884776,5.0884776,-1.5,-1.4999995,wav/22_prospect_drum_circle__34_ferry_alarm.wav,2,288000,6.0,1727999,35.99997916666667,0.6199151,0.098156914,-20.161581,4.5939433e-10,0,0,0.56815445,-20.149382,1.2954999e-9,0.6199151,-20.173819,-3.7671127e-10,0.13904819,-17.136692
22-35,long_additive_synth,prospect_drum_circle,flooded_mine,f45715adb52dd19d,5ef5719090cb3c3e,11,11;2;6,197.747208;122.378456;151.471039,sparse-hashed-13edo-gradual-drones-v14,long,2f9effb8bd11e91e,8.132337;7.519010;9.147779,3.675307;3.191251;4.643420,breathing_drone;late_bloom;broad_swell,inharmonic_fm,detune_cents=43.626;feedback=0.455;crossfeedback_percent=8.000;index=6.217->2.594;clean_percent=45.000;raw_fm_percent=40.000;parallel_ruin_percent=15.000;phase_drift_radians=0.080;drive=2.491;folds=3,3,0.9682265,-11.758707,-13.461199,11.961199,-1.5,-1.4999995,wav/22_prospect_drum_circle__35_flooded_mine.wav,2,288000,6.0,1727999,35.99997916666667,0.52366585,0.09817836,-20.159685,9.0387586e-10,0,0,0.49887028,-20.152878,4.1181863e-10,0.52366585,-20.1665,1.3959331e-9,0.13759944,-17.227667
22-36,long_additive_synth,prospect_drum_circle,cappuccino_process,f45715adb52dd19d,c9cb796a64de33e2,8,8;12;3,168.516296;208.577057;129.080658,sparse-hashed-13edo-gradual-drones-v14,long,967dcdf63f1eb510,9.690615;10.072830;10.424112,5.261645;5.745701;6.229757,late_bloom;breathing_drone;soft_drone,modal_noise_resonator,detune_cents=47.904;mode_disorder_percent=4.558;resonated_noise_percent=17.304;clean_percent=60.000;parallel_ruin_percent=22.696;drive=4.313;folds=1,6,0.9419273,-8.963299,-1.1914744,0.0,-1.5,-1.1914744,wav/22_prospect_drum_circle__36_cappuccino_process.wav,2,288000,6.0,1727999,35.99997916666667,0.68843305,0.09663936,-20.296919,-9.717996e-10,0,0,0.6442549,-20.253235,4.368419e-10,0.68843305,-20.34105,-2.3804412e-9,0.13631089,-17.30939
22-37,long_additive_synth,prospect_drum_circle,tennis_match,f45715adb52dd19d,09cb934e68f8f084,11,11;2;6,197.747208;122.378456;151.471039,sparse-hashed-13edo-gradual-drones-v14,long,5bf5312851b0fa4a,10.763601;7.558411;10.089779,6.736280;3.220336;5.768167,soft_drone;late_bloom;late_bloom,inharmonic_fm,detune_cents=38.872;feedback=0.431;crossfeedback_percent=8.000;index=6.642->3.317;clean_percent=45.000;raw_fm_percent=40.000;parallel_ruin_percent=15.000;phase_drift_radians=0.080;drive=2.874;folds=2,4,0.95392853,-10.043999,-10.632621,9.132621,-1.5,-1.5000007,wav/22_prospect_drum_circle__37_tennis_match.wav,2,288000,6.0,1727999,35.99997916666667,0.5553097,0.09803003,-20.172817,-4.7776916e-10,0,0,0.51632744,-20.151989,1.007773e-9,0.5553097,-20.193745,-1.9633113e-9,0.13384877,-17.467712
22-38,long_additive_synth,prospect_drum_circle,chainsaw_cycle,f45715adb52dd19d,5c7feb9d452f2bef,11,11;2;6,197.747208;122.378456;151.471039,sparse-hashed-13edo-gradual-drones-v14,long,21c1577c559fd9ba,8.385929;8.894500;9.349709,3.896305;4.380362;4.864418,breathing_drone;soft_drone;broad_swell,saturated_saw_cluster,detune_cents=70.514;drift_cents=13.638;drive=7.101;folds=3;alias_percent=60.107;bits=5;hard_sync_percent=58.509;sample_hold_frames=2,6,0.9402754,-8.834082,-6.824844,5.324844,-1.5,-1.4999995,wav/22_prospect_drum_circle__38_chainsaw_cycle.wav,2,288000,6.0,1727999,35.99997916666667,0.66085905,0.097310804,-20.236778,-3.0443408e-9,0,0,0.5215517,-20.20173,-1.4882355e-9,0.66085905,-20.272112,-4.6004462e-9,0.13623667,-17.31412
22-39,long_additive_synth,prospect_drum_circle,near_foghorn,f45715adb52dd19d,1d6af12c6225ab62,11,11;2;6,197.747208;122.378456;151.471039,sparse-hashed-13edo-gradual-drones-v14,long,da8941caf59d66cb,10.452133;10.103205;7.582431,6.270083;5.786027;3.238196,broad_swell;soft_drone;breathing_drone,modal_noise_resonator,detune_cents=49.555;mode_disorder_percent=3.828;resonated_noise_percent=10.848;clean_percent=60.000;parallel_ruin_percent=29.152;drive=4.047;folds=2,3,0.95586675,-10.045672,-10.872692,9.372692,-1.5,-1.4999995,wav/22_prospect_drum_circle__39_near_foghorn.wav,2,288000,6.0,1727999,35.99997916666667,0.6021805,0.09701206,-20.263485,-4.2744075e-9,0,0,0.5272516,-20.221365,-4.4625876e-9,0.6021805,-20.306019,-4.0862274e-9,0.14688712,-16.660326
22-40,long_additive_synth,prospect_drum_circle,barcelona_gate_pa,f45715adb52dd19d,e28efd5cee017776,12,12;3;7,208.577057;129.080658;159.766510,sparse-hashed-13edo-gradual-drones-v14,long,5d71c779375cbd47,9.391643;8.941044;8.438221,4.911615;4.427559;3.943503,broad_swell;soft_drone;breathing_drone,modal_noise_resonator,detune_cents=48.156;mode_disorder_percent=5.867;resonated_noise_percent=14.754;clean_percent=60.000;parallel_ruin_percent=25.246;drive=4.839;folds=2,5,0.9793409,-13.707386,-2.0622728,0.5622728,-1.5,-1.5,wav/22_prospect_drum_circle__40_barcelona_gate_pa.wav,2,288000,6.0,1727999,35.99997916666667,0.54554456,0.0982445,-20.153835,-5.677543e-10,0,0,0.54554456,-20.151684,5.061287e-10,0.4929298,-20.155985,-1.6416373e-9,0.14228228,-16.936985
22-41,long_additive_synth,prospect_drum_circle,delhi_subway_cycle,f45715adb52dd19d,3187a582eafedd91,9,9;0;4,177.745285;110.000000;136.149902,sparse-hashed-13edo-gradual-drones-v14,long,5f9ed065128eebf2,10.333184;9.974155;7.349078,6.100682;5.616626;3.068794,soft_drone;breathing_drone;late_bloom,modal_noise_resonator,detune_cents=42.987;mode_disorder_percent=3.402;resonated_noise_percent=13.737;clean_percent=60.000;parallel_ruin_percent=26.263;drive=4.533;folds=2,3,0.9633671,-11.082943,-11.2955,9.7955,-1.5,-1.5,wav/22_prospect_drum_circle__41_delhi_subway_cycle.wav,2,288000,6.0,1727999,35.99997916666667,0.54034925,0.098246925,-20.15362,4.2685055e-10,0,0,0.47628373,-20.142908,1.2731165e-9,0.54034925,-20.164358,-4.1941542e-10,0.13375098,-17.474062
22-42,long_additive_synth,prospect_drum_circle,hockey_goal,f45715adb52dd19d,7338d14d9c7d0103,12,12;3;7,208.577057;129.080658;159.766510,sparse-hashed-13edo-gradual-drones-v14,long,21a8e8e822734369,10.807293;7.649307;8.245696,6.804390;3.288446;3.772502,late_bloom;breathing_drone;soft_drone,inharmonic_fm,detune_cents=34.711;feedback=0.481;crossfeedback_percent=8.000;index=7.484->3.952;clean_percent=45.000;raw_fm_percent=40.000;parallel_ruin_percent=15.000;phase_drift_radians=0.080;drive=2.842;folds=2,6,0.9580664,-10.4834175,-4.9165254,3.4165254,-1.5,-1.5000007,wav/22_prospect_drum_circle__42_hockey_goal.wav,2,288000,6.0,1727999,35.99997916666667,0.5396944,0.098459244,-20.13487,2.537398e-10,0,0,0.5396944,-20.147152,9.394955e-11,0.5248177,-20.122623,4.1353007e-10,0.13748682,-17.23478
22-43,long_additive_synth,prospect_drum_circle,ambulance_siren,f45715adb52dd19d,f8af2f1a4cb0c701,4,4;8;12,136.149902;168.516296;208.577057,sparse-hashed-13edo-gradual-drones-v14,long,a74d2b77483673e0,8.150780;7.540243;9.162384,3.690948;3.206892;4.659061,broad_swell;soft_drone;breathing_drone,modal_noise_resonator,detune_cents=48.245;mode_disorder_percent=5.914;resonated_noise_percent=16.201;clean_percent=60.000;parallel_ruin_percent=23.799;drive=4.095;folds=2,3,0.96975636,-11.996569,-3.2454967,1.7454967,-1.5,-1.5000012,wav/22_prospect_drum_circle__43_ambulance_siren.wav,2,288000,6.0,1727999,35.99997916666667,0.48492375,0.098472506,-20.133701,-3.283388e-10,0,0,0.43158367,-20.128012,-1.7192064e-10,0.48492375,-20.139397,-4.8475696e-10,0.13359435,-17.484238
22-44,long_additive_synth,prospect_drum_circle,woodshop_process,f45715adb52dd19d,8e1e1d890ae5881a,4,4;8;12,136.149902;168.516296;208.577057,sparse-hashed-13edo-gradual-drones-v14,long,9012afad1f0801f4,10.425947;10.750795;9.692789,6.232391;6.716447;5.264278,soft_drone;broad_swell;late_bloom,saturated_saw_cluster,detune_cents=62.342;drift_cents=12.076;drive=9.907;folds=3;alias_percent=63.936;bits=7;hard_sync_percent=63.254;sample_hold_frames=2,4,0.9712457,-12.211784,-8.555097,7.0550966,-1.5,-1.5,wav/22_prospect_drum_circle__44_woodshop_process.wav,2,288000,6.0,1727999,35.99997916666667,0.60198796,0.09712076,-20.253757,4.434827e-9,0,0,0.59896183,-20.245,6.286146e-9,0.60198796,-20.262535,2.5835085e-9,0.13586125,-17.338087
22-45,long_additive_synth,prospect_drum_circle,tractor_turning_hay,f45715adb52dd19d,241aba059f6c939a,2,2;6;10,122.378456;151.471039;187.479691,sparse-hashed-13edo-gradual-drones-v14,long,92db939fd3df9b54,10.052295;10.405174;9.246779,5.718597;6.202653;4.750484,soft_drone;broad_swell;late_bloom,inharmonic_fm,detune_cents=40.647;feedback=0.403;crossfeedback_percent=8.000;index=6.703->3.091;clean_percent=45.000;raw_fm_percent=40.000;parallel_ruin_percent=15.000;phase_drift_radians=0.080;drive=2.323;folds=2,4,0.9630136,-11.067723,-12.545527,11.045527,-1.5,-1.4999995,wav/22_prospect_drum_circle__45_tractor_turning_hay.wav,2,288000,6.0,1727999,35.99997916666667,0.6078674,0.09811024,-20.165712,5.289724e-10,0,0,0.6078674,-20.167238,-6.450885e-10,0.5111078,-20.164186,1.7030334e-9,0.14036709,-17.054693
22-46,long_additive_synth,prospect_drum_circle,hail_thunder,f45715adb52dd19d,8ca435fa8014940b,4,4;8;12,136.149902;168.516296;208.577057,sparse-hashed-13edo-gradual-drones-v14,long,1c7ab18ec4075c74,9.073285;9.511030;8.038006,4.564451;5.048508;3.596339,breathing_drone;soft_drone;broad_swell,saturated_saw_cluster,detune_cents=55.573;drift_cents=20.726;drive=9.035;folds=3;alias_percent=63.539;bits=6;hard_sync_percent=49.994;sample_hold_frames=4,4,0.9875766,-15.965675,-19.794664,18.294664,-1.5,-1.4999987,wav/22_prospect_drum_circle__46_hail_thunder.wav,2,288000,6.0,1727999,35.99997916666667,0.49758145,0.09836505,-20.143183,8.6546903e-10,0,0,0.49758145,-20.14989,1.0347206e-9,0.46094483,-20.136486,6.962175e-10,0.13923216,-17.125208
22-47,long_additive_synth,prospect_drum_circle,marielle_protest,f45715adb52dd19d,b99f4919a8dffbad,9,9;0;4,177.745285;110.000000;136.149902,sparse-hashed-13edo-gradual-drones-v14,long,56a23a4f8bd93426,10.827276;10.508312;10.164049,6.835773;6.351717;5.867661,broad_swell;breathing_drone;late_bloom,inharmonic_fm,detune_cents=29.382;feedback=0.480;crossfeedback_percent=8.000;index=6.334->2.596;clean_percent=45.000;raw_fm_percent=40.000;parallel_ruin_percent=15.000;phase_drift_radians=0.080;drive=2.303;folds=3,5,0.9703302,-12.0678,-4.5700974,3.0700974,-1.5,-1.5000007,wav/22_prospect_drum_circle__47_marielle_protest.wav,2,288000,6.0,1727999,35.99997916666667,0.5360386,0.09838397,-20.141514,-2.9306473e-9,0,0,0.5360386,-20.140087,-6.5151595e-10,0.53506947,-20.142939,-5.2097784e-9,0.1359512,-17.33234
22-48,long_additive_synth,prospect_drum_circle,hair_salon_tools,f45715adb52dd19d,91febc7e6d506cc8,4,4;8;12,136.149902;168.516296;208.577057,sparse-hashed-13edo-gradual-drones-v14,long,2ed8c4d53b511949,10.852404;10.535349;8.326727,6.875439;6.391383;3.843551,broad_swell;soft_drone;breathing_drone,inharmonic_fm,detune_cents=45.942;feedback=0.430;crossfeedback_percent=8.000;index=6.240->3.162;clean_percent=45.000;raw_fm_percent=40.000;parallel_ruin_percent=15.000;phase_drift_radians=0.080;drive=3.070;folds=3,3,0.9835009,-14.703711,-11.030834,9.530834,-1.5,-1.4999987,wav/22_prospect_drum_circle__48_hair_salon_tools.wav,2,288000,6.0,1727999,35.99997916666667,0.49200734,0.09845913,-20.13488,-2.0247554e-12,0,0,0.49200734,-20.142242,-2.9801522e-10,0.4623994,-20.12753,2.939657e-10,0.13536733,-17.369722
23-25,long_additive_synth,techno_loco,thunder_mountain,c3eff4b1b6a9b76e,4e2a8e922a968e95,9,9;0;4,177.745285;110.000000;136.149902,sparse-hashed-13edo-gradual-drones-v14,long,41e467d9ae8ca5b9,9.425242;8.978300;8.480028,4.949761;4.465704;3.981648,soft_drone;breathing_drone;late_bloom,inharmonic_fm,detune_cents=31.764;feedback=0.366;crossfeedback_percent=8.000;index=8.193->3.247;clean_percent=45.000;raw_fm_percent=40.000;parallel_ruin_percent=15.000;phase_drift_radians=0.080;drive=3.197;folds=3,5,0.94593275,-9.312457,-8.431363,6.931363,-1.5,-1.4999995,wav/23_techno_loco__25_thunder_mountain.wav,2,288000,6.0,1727999,35.99997916666667,0.47194993,0.0982778,-20.15089,4.1951544e-9,0,0,0.47194993,-20.152313,1.2859305e-8,0.43914855,-20.14947,-4.4689954e-9,0.085835144,-21.326696
23-26,long_additive_synth,techno_loco,inside_car_wash,c3eff4b1b6a9b76e,903a06c594b2e6cb,2,2;6;10,122.378456;151.471039;187.479691,sparse-hashed-13edo-gradual-drones-v14,long,76c7c18214df5ff3,10.851507;10.534383;8.325122,6.874019;6.389963;3.842131,late_bloom;broad_swell;soft_drone,inharmonic_fm,detune_cents=28.339;feedback=0.410;crossfeedback_percent=8.000;index=6.476->2.952;clean_percent=45.000;raw_fm_percent=40.000;parallel_ruin_percent=15.000;phase_drift_radians=0.080;drive=3.030;folds=3,3,0.9642463,-11.21366,-17.714478,16.214478,-1.5,-1.4999981,wav/23_techno_loco__26_inside_car_wash.wav,2,288000,6.0,1727999,35.99997916666667,0.56690377,0.09805847,-20.170298,5.137905e-9,0,0,0.5016187,-20.165138,6.729615e-9,0.56690377,-20.175465,3.5461951e-9,0.09517159,-20.429855
23-27,long_additive_synth,techno_loco,peru_new_year_fireworks,c3eff4b1b6a9b76e,83317dd5c74822ca,9,9;0;4,177.745285;110.000000;136.149902,sparse-hashed-13edo-gradual-drones-v14,long,d28f2f6db269379a,9.249102;8.782629;10.054224,4.753025;4.268969;5.721138,breathing_drone;late_bloom;broad_swell,saturated_saw_cluster,detune_cents=63.854;drift_cents=18.060;drive=8.662;folds=4;alias_percent=78.654;bits=7;hard_sync_percent=60.069;sample_hold_frames=2,3,0.9588618,-10.581204,-14.40066,12.90066,-1.5,-1.5000007,wav/23_techno_loco__27_peru_new_year_fireworks.wav,2,288000,6.0,1727999,35.99997916666667,0.5563974,0.09833585,-20.145761,-1.6295909e-9,0,0,0.4613019,-20.139162,-8.442346e-9,0.5563974,-20.152374,5.1831646e-9,0.108401164,-19.29932
23-28,long_additive_synth,techno_loco,efteling_steam_train,c3eff4b1b6a9b76e,9a412959184abdf9,8,8;12;3,168.516296;208.577057;129.080658,sparse-hashed-13edo-gradual-drones-v14,long,ef8905cd44c888a7,8.384642;7.808336;9.348677,3.895150;3.411093;4.863262,soft_drone;breathing_drone;late_bloom,saturated_saw_cluster,detune_cents=72.703;drift_cents=21.441;drive=9.507;folds=4;alias_percent=64.290;bits=7;hard_sync_percent=54.708;sample_hold_frames=2,3,0.97144186,-12.24277,-25.360792,23.860792,-1.5,-1.4999987,wav/23_techno_loco__28_efteling_steam_train.wav,2,288000,6.0,1727999,35.99997916666667,0.56900656,0.09832087,-20.147085,3.38178e-9,0,0,0.48679602,-20.139933,6.885945e-9,0.56900656,-20.15425,-1.223854e-10,0.09642069,-20.316597
23-29,long_additive_synth,techno_loco,helicopter_takeoff,c3eff4b1b6a9b76e,4534148b4903c233,5,5;9;0,143.606293;177.745285;110.000000,sparse-hashed-13edo-gradual-drones-v14,long,c45e339c342393d5,9.252455;9.673337;8.264170,4.756697;5.240753;3.788584,breathing_drone;soft_drone;broad_swell,inharmonic_fm,detune_cents=40.312;feedback=0.548;crossfeedback_percent=8.000;index=6.965->3.882;clean_percent=45.000;raw_fm_percent=40.000;parallel_ruin_percent=15.000;phase_drift_radians=0.080;drive=2.691;folds=2,4,0.9603825,-10.752299,-12.585765,11.085765,-1.5,-1.5,wav/23_techno_loco__29_helicopter_takeoff.wav,2,288000,6.0,1727999,35.99997916666667,0.5136523,0.09821353,-20.156574,1.5250327e-8,0,0,0.44004,-20.141346,1.8762428e-8,0.5136523,-20.171854,1.1738227e-8,0.088880785,-21.023844
23-30,long_additive_synth,techno_loco,scuba_bubbles,c3eff4b1b6a9b76e,d2eaf6d35c117589,4,4;8;12,136.149902;168.516296;208.577057,sparse-hashed-13edo-gradual-drones-v14,long,ec3879d8483cb0c4,9.614388;9.187463;8.713947,5.170099;4.686043;4.201987,breathing_drone;late_bloom;broad_swell,inharmonic_fm,detune_cents=28.167;feedback=0.426;crossfeedback_percent=8.000;index=6.556->2.981;clean_percent=45.000;raw_fm_percent=40.000;parallel_ruin_percent=15.000;phase_drift_radians=0.080;drive=2.743;folds=3,5,0.9707728,-12.148181,-0.166405,0.0,-1.5,-0.166405,wav/23_techno_loco__30_scuba_bubbles.wav,2,288000,6.0,1727999,35.99997916666667,0.45671782,0.09842713,-20.137703,3.5912655e-9,0,0,0.45671782,-20.138483,6.6561516e-9,0.44319022,-20.136925,5.2637916e-10,0.10749674,-19.372093
23-31,long_additive_synth,techno_loco,building_demolition,c3eff4b1b6a9b76e,d502a0866ac3b927,8,8;12;3,168.516296;208.577057;129.080658,sparse-hashed-13edo-gradual-drones-v14,long,ce9bcecd3ae8edcd,7.376929;8.009236;8.561076,3.088538;3.572594;4.056651,breathing_drone;soft_drone;broad_swell,saturated_saw_cluster,detune_cents=79.760;drift_cents=16.967;drive=7.899;folds=3;alias_percent=75.103;bits=5;hard_sync_percent=57.300;sample_hold_frames=2,6,0.9558752,-10.244048,-17.358562,15.858562,-1.5,-1.5000007,wav/23_techno_loco__31_building_demolition.wav,2,288000,6.0,1727999,35.99997916666667,0.47069645,0.09848025,-20.133018,-4.395985e-9,0,0,0.47069645,-20.14083,-1.5995614e-9,0.46141255,-20.12522,-7.1924084e-9,0.10029648,-19.974287
23-32,long_additive_synth,techno_loco,finnish_blacksmith,c3eff4b1b6a9b76e,8828c2d1c0ff4488,2,2;6;10,122.378456;151.471039;187.479691,sparse-hashed-13edo-gradual-drones-v14,long,0258576be4e6fc49,9.628103;9.202591;8.730814,5.186451;4.702394;4.218338,breathing_drone;late_bloom;broad_swell,modal_noise_resonator,detune_cents=53.575;mode_disorder_percent=5.509;resonated_noise_percent=11.547;clean_percent=60.000;parallel_ruin_percent=28.453;drive=4.480;folds=2,5,0.97414875,-12.691276,-6.6174355,5.1174355,-1.5,-1.5,wav/23_techno_loco__32_finnish_blacksmith.wav,2,288000,6.0,1727999,35.99997916666667,0.54618615,0.09820842,-20.157024,3.8543075e-9,0,0,0.48162258,-20.13638,4.421975e-9,0.54618615,-20.177769,3.2866405e-9,0.10854955,-19.28744
23-33,long_additive_synth,techno_loco,cattle_auction,c3eff4b1b6a9b76e,63aeff78df8557af,6,6;10;1,151.471039;187.479691;116.024269,sparse-hashed-13edo-gradual-drones-v14,long,ad851627a2d135c2,7.444398;10.709469;8.612538,3.136893;6.652837;4.105006,broad_swell;soft_drone;breathing_drone,modal_noise_resonator,detune_cents=42.465;mode_disorder_percent=3.565;resonated_noise_percent=14.061;clean_percent=60.000;parallel_ruin_percent=25.939;drive=4.609;folds=2,3,0.9630244,-11.044263,-6.714723,5.214723,-1.5,-1.4999995,wav/23_techno_loco__33_cattle_auction.wav,2,288000,6.0,1727999,35.99997916666667,0.4538017,0.09808416,-20.168022,1.8637198e-9,0,0,0.43968636,-20.165382,2.6706244e-9,0.4538017,-20.170666,1.0568152e-9,0.076777294,-22.295343
23-34,long_additive_synth,techno_loco,ferry_alarm,c3eff4b1b6a9b76e,63fa0671c3c8b3fd,5,5;9;0,143.606293;177.745285;110.000000,sparse-hashed-13edo-gradual-drones-v14,long,3ad6f7970a1db9cc,9.413459;9.819719;10.191204,4.936350;5.420406;5.904462,soft_drone;broad_swell;late_bloom,modal_noise_resonator,detune_cents=43.603;mode_disorder_percent=4.833;resonated_noise_percent=13.685;clean_percent=60.000;parallel_ruin_percent=26.315;drive=4.066;folds=1,6,0.95454556,-10.110173,-5.4502077,3.9502077,-1.5,-1.5000007,wav/23_techno_loco__34_ferry_alarm.wav,2,288000,6.0,1727999,35.99997916666667,0.5070996,0.09834716,-20.144764,9.5673345e-9,0,0,0.44100583,-20.145695,1.6952221e-8,0.5070996,-20.143833,2.1824484e-9,0.091811456,-20.742064
23-35,long_additive_synth,techno_loco,flooded_mine,c3eff4b1b6a9b76e,5ef5719090cb3c3e,0,0;4;8,110.000000;136.149902;168.516296,sparse-hashed-13edo-gradual-drones-v14,long,b505173d9150e248,8.925964;8.421288;7.850158,4.412213;3.928157;3.444101,broad_swell;soft_drone;breathing_drone,modal_noise_resonator,detune_cents=44.583;mode_disorder_percent=4.584;resonated_noise_percent=10.673;clean_percent=60.000;parallel_ruin_percent=29.327;drive=4.795;folds=2,5,0.94552225,-9.259249,3.6863842,0.0,-1.5,3.6863842,wav/23_techno_loco__35_flooded_mine.wav,2,288000,6.0,1727999,35.99997916666667,0.54934955,0.0981159,-20.165213,6.4048513e-9,0,0,0.5311124,-20.154707,7.0120962e-9,0.54934955,-20.175743,5.7976064e-9,0.100229554,-19.980083
23-36,long_additive_synth,techno_loco,cappuccino_process,c3eff4b1b6a9b76e,c9cb796a64de33e2,0,0;4;8,110.000000;136.149902;168.516296,sparse-hashed-13edo-gradual-drones-v14,long,1705f000dce429b6,8.186281;7.581079;9.190534,3.721244;3.237188;4.689357,late_bloom;broad_swell;soft_drone,inharmonic_fm,detune_cents=31.728;feedback=0.547;crossfeedback_percent=8.000;index=8.524->3.897;clean_percent=45.000;raw_fm_percent=40.000;parallel_ruin_percent=15.000;phase_drift_radians=0.080;drive=3.166;folds=3,3,0.9631705,-11.079386,-3.1337502,1.6337502,-1.5,-1.5000007,wav/23_techno_loco__36_cappuccino_process.wav,2,288000,6.0,1727999,35.99997916666667,0.5998394,0.09764224,-20.207245,-1.5498542e-9,0,0,0.5461955,-20.213726,-6.9678814e-9,0.5998394,-20.200775,3.868173e-9,0.11793982,-18.566792
23-37,long_additive_synth,techno_loco,tennis_match,c3eff4b1b6a9b76e,09cb934e68f8f084,2,2;6;10,122.378456;151.471039;187.479691,sparse-hashed-13edo-gradual-drones-v14,long,0ed69df0716fc944,8.718983;9.191978;7.583174,4.206862;4.690918;3.238750,soft_drone;broad_swell;broad_swell,inharmonic_fm,detune_cents=42.531;feedback=0.529;crossfeedback_percent=8.000;index=7.716->3.852;clean_percent=45.000;raw_fm_percent=40.000;parallel_ruin_percent=15.000;phase_drift_radians=0.080;drive=2.497;folds=2,4,0.9520782,-9.871622,-7.2935443,5.7935443,-1.5,-1.5000007,wav/23_techno_loco__37_tennis_match.wav,2,288000,6.0,1727999,35.99997916666667,0.47431147,0.09839593,-20.140457,1.3321512e-8,0,0,0.463365,-20.131552,2.3303201e-8,0.47431147,-20.149382,3.339822e-9,0.10298812,-19.744259
23-38,long_additive_synth,techno_loco,chainsaw_cycle,c3eff4b1b6a9b76e,5c7feb9d452f2bef,8,8;12;3,168.516296;208.577057;129.080658,sparse-hashed-13edo-gradual-drones-v14,long,453d897ccfa97b00,10.103917;10.452790;9.308846,5.786976;6.271032;4.818863,breathing_drone;soft_drone;broad_swell,saturated_saw_cluster,detune_cents=80.184;drift_cents=13.386;drive=8.757;folds=3;alias_percent=66.800;bits=7;hard_sync_percent=54.350;sample_hold_frames=2,4,0.9520343,-9.855593,-9.713464,8.213464,-1.5,-1.4999995,wav/23_techno_loco__38_chainsaw_cycle.wav,2,288000,6.0,1727999,35.99997916666667,0.660535,0.0974881,-20.220968,-3.6503622e-10,0,0,0.5182026,-20.196665,-4.0470107e-9,0.660535,-20.245409,3.3169383e-9,0.10054269,-19.95299
23-39,long_additive_synth,techno_loco,near_foghorn,c3eff4b1b6a9b76e,1d6af12c6225ab62,7,7;11;2,159.766510;197.747208;122.378456,sparse-hashed-13edo-gradual-drones-v14,long,f59291712539d25d,9.419733;9.825432;10.196449,4.943486;5.427542;5.911598,soft_drone;broad_swell;late_bloom,inharmonic_fm,detune_cents=41.635;feedback=0.506;crossfeedback_percent=8.000;index=8.382->2.618;clean_percent=45.000;raw_fm_percent=40.000;parallel_ruin_percent=15.000;phase_drift_radians=0.080;drive=2.678;folds=2,6,0.95232546,-9.893592,-12.095837,10.595837,-1.5,-1.5000007,wav/23_techno_loco__39_near_foghorn.wav,2,288000,6.0,1727999,35.99997916666667,0.6234584,0.09772532,-20.19986,5.640128e-9,0,0,0.4896632,-20.17022,2.9668519e-9,0.6234584,-20.2297,8.313404e-9,0.11734879,-18.610428
23-40,long_additive_synth,techno_loco,barcelona_gate_pa,c3eff4b1b6a9b76e,e28efd5cee017776,9,9;0;4,177.745285;110.000000;136.149902,sparse-hashed-13edo-gradual-drones-v14,long,9b962bbe05bda6e9,10.696331;10.367224;8.043456,6.632743;6.148686;3.600855,broad_swell;soft_drone;breathing_drone,modal_noise_resonator,detune_cents=47.761;mode_disorder_percent=3.855;resonated_noise_percent=16.307;clean_percent=60.000;parallel_ruin_percent=23.693;drive=4.973;folds=2,3,0.9601026,-10.724354,-11.116053,9.616053,-1.5,-1.5000007,wav/23_techno_loco__40_barcelona_gate_pa.wav,2,288000,6.0,1727999,35.99997916666667,0.43009755,0.0984489,-20.135782,-1.41704035e-8,0,0,0.42434275,-20.127636,-1.2255177e-8,0.43009755,-20.143946,-1.608563e-8,0.10545694,-19.538496
23-41,long_additive_synth,techno_loco,delhi_subway_cycle,c3eff4b1b6a9b76e,3187a582eafedd91,5,5;9;0,143.606293;177.745285;110.000000,sparse-hashed-13edo-gradual-drones-v14,long,ad481b830eeda478,8.655397;9.134998;9.566863,4.145718;4.629775;5.113831,late_bloom;breathing_drone;soft_drone,modal_noise_resonator,detune_cents=51.441;mode_disorder_percent=5.965;resonated_noise_percent=10.701;clean_percent=60.000;parallel_ruin_percent=29.299;drive=3.857;folds=1,6,0.9419358,-8.945578,-1.0861863,0.0,-1.5,-1.0861863,wav/23_techno_loco__41_delhi_subway_cycle.wav,2,288000,6.0,1727999,35.99997916666667,0.52215314,0.09821972,-20.156025,-1.4153429e-8,0,0,0.52215314,-20.160172,-1.724717e-8,0.48284876,-20.151884,-1.1059686e-8,0.09936619,-20.055227
23-42,long_additive_synth,techno_loco,hockey_goal,c3eff4b1b6a9b76e,7338d14d9c7d0103,11,11;2;6,197.747208;122.378456;151.471039,sparse-hashed-13edo-gradual-drones-v14,long,95eba22c8689e59f,7.330807;10.656280;8.526005,3.055911;6.571855;4.024024,soft_drone;late_bloom;late_bloom,saturated_saw_cluster,detune_cents=69.492;drift_cents=13.262;drive=7.462;folds=4;alias_percent=70.658;bits=7;hard_sync_percent=52.260;sample_hold_frames=4,3,0.9813133,-14.15121,-7.0747643,5.5747643,-1.5,-1.4999995,wav/23_techno_loco__42_hockey_goal.wav,2,288000,6.0,1727999,35.99997916666667,0.56519777,0.09840244,-20.139883,5.4059717e-9,0,0,0.52695596,-20.139925,7.456385e-9,0.56519777,-20.139837,3.3555587e-9,0.11662035,-18.664515
23-43,long_additive_synth,techno_loco,ambulance_siren,c3eff4b1b6a9b76e,f8af2f1a4cb0c701,9,9;0;4,177.745285;110.000000;136.149902,sparse-hashed-13edo-gradual-drones-v14,long,f650c0047b5f906a,9.924638;10.287617;10.622584,5.552950;6.037007;6.521063,soft_drone;broad_swell;late_bloom,saturated_saw_cluster,detune_cents=78.802;drift_cents=12.190;drive=9.704;folds=3;alias_percent=67.142;bits=7;hard_sync_percent=47.703;sample_hold_frames=4,6,0.9436468,-9.095137,-13.792175,12.292175,-1.5,-1.5000007,wav/23_techno_loco__43_ambulance_siren.wav,2,288000,6.0,1727999,35.99997916666667,0.49471506,0.09858735,-20.123577,-1.6779426e-8,0,0,0.49471506,-20.128183,-2.090572e-8,0.43205938,-20.118973,-1.2653132e-8,0.09639548,-20.318867
23-44,long_additive_synth,techno_loco,woodshop_process,c3eff4b1b6a9b76e,8e1e1d890ae5881a,7,7;11;2,159.766510;197.747208;122.378456,sparse-hashed-13edo-gradual-drones-v14,long,bafaac6bb3006946,9.307980;8.848133;8.333769,4.817901;4.333845;3.849789,breathing_drone;late_bloom;broad_swell,saturated_saw_cluster,detune_cents=80.609;drift_cents=12.741;drive=7.332;folds=4;alias_percent=75.326;bits=6;hard_sync_percent=57.907;sample_hold_frames=2,5,0.961777,-10.889905,-4.4919353,2.9919353,-1.5,-1.4999995,wav/23_techno_loco__44_woodshop_process.wav,2,288000,6.0,1727999,35.99997916666667,0.61257523,0.0970992,-20.255688,-8.2731155e-11,0,0,0.61257523,-20.250933,-7.463313e-9,0.60825413,-20.260445,7.2978503e-9,0.11744494,-18.603313
23-45,long_additive_synth,techno_loco,tractor_turning_hay,c3eff4b1b6a9b76e,241aba059f6c939a,12,12;3;7,208.577057;129.080658;159.766510,sparse-hashed-13edo-gradual-drones-v14,long,2e17d5d1e62e5ce2,10.091601;9.711110;10.765162,5.770590;5.286533;6.738702,broad_swell;soft_drone;breathing_drone,inharmonic_fm,detune_cents=34.012;feedback=0.530;crossfeedback_percent=8.000;index=8.429->2.765;clean_percent=45.000;raw_fm_percent=40.000;parallel_ruin_percent=15.000;phase_drift_radians=0.080;drive=2.701;folds=3,3,0.97126347,-12.217963,-21.556559,20.056559,-1.5,-1.5000019,wav/23_techno_loco__45_tractor_turning_hay.wav,2,288000,6.0,1727999,35.99997916666667,0.43774217,0.09844063,-20.13651,-5.3752056e-9,0,0,0.43473455,-20.126999,-1.8681245e-9,0.43774217,-20.146046,-8.882287e-9,0.1082218,-19.313705
23-46,long_additive_synth,techno_loco,hail_thunder,c3eff4b1b6a9b76e,8ca435fa8014940b,5,5;9;0,143.606293;177.745285;110.000000,sparse-hashed-13edo-gradual-drones-v14,long,4130c22cd8ee2ab6,8.386162;7.810073;10.885731,3.896514;3.412457;6.928401,broad_swell;soft_drone;breathing_drone,saturated_saw_cluster,detune_cents=72.008;drift_cents=12.239;drive=7.368;folds=4;alias_percent=70.766;bits=7;hard_sync_percent=62.796;sample_hold_frames=2,5,0.9431547,-9.053955,-22.434559,20.934559,-1.5,-1.4999995,wav/23_techno_loco__46_hail_thunder.wav,2,288000,6.0,1727999,35.99997916666667,0.6216105,0.097113855,-20.254375,3.6060793e-8,0,0,0.5435374,-20.2286,3.286197e-8,0.6216105,-20.280304,3.9259618e-8,0.094385065,-20.501936
23-47,long_additive_synth,techno_loco,marielle_protest,c3eff4b1b6a9b76e,b99f4919a8dffbad,4,4;8;12,136.149902;168.516296;208.577057,sparse-hashed-13edo-gradual-drones-v14,long,842743597c30d798,10.413392;10.739148;7.507102,6.214400;6.698457;3.182513,soft_drone;broad_swell;late_bloom,modal_noise_resonator,detune_cents=51.299;mode_disorder_percent=5.561;resonated_noise_percent=11.893;clean_percent=60.000;parallel_ruin_percent=28.107;drive=4.169;folds=1,6,0.94110197,-8.889341,4.475408,0.0,-1.5,4.475408,wav/23_techno_loco__47_marielle_protest.wav,2,288000,6.0,1727999,35.99997916666667,0.54003155,0.09825393,-20.153004,6.057569e-11,0,0,0.4686349,-20.137566,-1.9838774e-10,0.54003155,-20.168493,3.1953912e-10,0.12285178,-18.212372
23-48,long_additive_synth,techno_loco,hair_salon_tools,c3eff4b1b6a9b76e,91febc7e6d506cc8,3,3;7;11,129.080658;159.766510;197.747208,sparse-hashed-13edo-gradual-drones-v14,long,a46d6d3d77ae835b,9.795545;10.169017;10.512899,5.390319;5.874375;6.358431,breathing_drone;soft_drone;broad_swell,modal_noise_resonator,detune_cents=52.924;mode_disorder_percent=5.958;resonated_noise_percent=13.721;clean_percent=60.000;parallel_ruin_percent=26.279;drive=4.773;folds=1,6,0.9547883,-10.130833,-0.55630565,0.0,-1.5,-0.55630565,wav/23_techno_loco__48_hair_salon_tools.wav,2,288000,6.0,1727999,35.99997916666667,0.46020234,0.09855004,-20.126865,-1.3438868e-9,0,0,0.46020234,-20.130033,-6.7322714e-10,0.45143518,-20.123695,-2.0145465e-9,0.12159484,-18.301697
24-25,long_additive_synth,gifu_pipe_organ,thunder_mountain,b53b3cd166c52157,4e2a8e922a968e95,6,6;10;1,151.471039;187.479691;116.024269,sparse-hashed-13edo-gradual-drones-v14,long,afb8fbc03d6533fe,10.211884;9.842241;10.868368,5.932646;5.448589;6.900758,late_bloom;broad_swell;soft_drone,modal_noise_resonator,detune_cents=46.348;mode_disorder_percent=5.227;resonated_noise_percent=13.332;clean_percent=60.000;parallel_ruin_percent=26.668;drive=4.482;folds=2,3,0.97137403,-12.229397,-19.517683,18.017683,-1.5,-1.5,wav/24_gifu_pipe_organ__25_thunder_mountain.wav,2,288000,6.0,1727999,35.99997916666667,0.62741536,0.09735994,-20.232393,3.891656e-10,0,0,0.5932532,-20.245087,7.126677e-9,0.62741536,-20.219738,-6.348346e-9,0.13532495,-17.372442
24-26,long_additive_synth,gifu_pipe_organ,inside_car_wash,b53b3cd166c52157,903a06c594b2e6cb,1,1;5;9,116.024269;143.606293;177.745285,sparse-hashed-13edo-gradual-drones-v14,long,092feeb0ca5ef822,10.489634;10.809923;9.768085,6.324458;6.808514;5.356345,breathing_drone;soft_drone;broad_swell,inharmonic_fm,detune_cents=41.049;feedback=0.502;crossfeedback_percent=8.000;index=8.612->3.297;clean_percent=45.000;raw_fm_percent=40.000;parallel_ruin_percent=15.000;phase_drift_radians=0.080;drive=2.362;folds=2,4,0.9606861,-10.788047,-14.742754,13.242754,-1.5,-1.4999995,wav/24_gifu_pipe_organ__26_inside_car_wash.wav,2,288000,6.0,1727999,35.99997916666667,0.66591907,0.09756097,-20.214478,-4.43363e-9,0,0,0.66591907,-20.212667,3.5762646e-9,0.6376269,-20.21629,-1.2443524e-8,0.13567054,-17.350288
24-27,long_additive_synth,gifu_pipe_organ,peru_new_year_fireworks,b53b3cd166c52157,83317dd5c74822ca,12,12;3;7,208.577057;129.080658;159.766510,sparse-hashed-13edo-gradual-drones-v14,long,2de267c5c9d0c0eb,10.292028;9.929435;7.266877,6.043143;5.559087;3.011256,broad_swell;soft_drone;breathing_drone,modal_noise_resonator,detune_cents=43.625;mode_disorder_percent=4.601;resonated_noise_percent=12.881;clean_percent=60.000;parallel_ruin_percent=27.119;drive=3.862;folds=2,3,0.9685385,-11.802418,-19.16947,17.66947,-1.5,-1.5000007,wav/24_gifu_pipe_organ__27_peru_new_year_fireworks.wav,2,288000,6.0,1727999,35.99997916666667,0.6038005,0.0976836,-20.203568,-4.313188e-9,0,0,0.6038005,-20.21679,5.954765e-9,0.57420146,-20.190384,-1.4581142e-8,0.1399916,-17.077961
24-28,long_additive_synth,gifu_pipe_organ,efteling_steam_train,b53b3cd166c52157,9a412959184abdf9,6,6;10;1,151.471039;187.479691;116.024269,sparse-hashed-13edo-gradual-drones-v14,long,a12191004b717324,10.564366;10.879386;9.856191,6.434231;6.918287;5.466118,soft_drone;broad_swell;broad_swell,saturated_saw_cluster,detune_cents=70.853;drift_cents=15.874;drive=7.822;folds=3;alias_percent=69.934;bits=6;hard_sync_percent=57.646;sample_hold_frames=2,4,0.9736425,-12.608747,-9.2472515,7.7472515,-1.5,-1.5000007,wav/24_gifu_pipe_organ__28_efteling_steam_train.wav,2,288000,6.0,1727999,35.99997916666667,0.6821587,0.09752554,-20.217632,-5.9559886e-9,0,0,0.5295779,-20.178053,7.553115e-10,0.6821587,-20.257576,-1.26672886e-8,0.13695219,-17.268621
24-29,long_additive_synth,gifu_pipe_organ,helicopter_takeoff,b53b3cd166c52157,4534148b4903c233,1,1;5;9,116.024269;143.606293;177.745285,sparse-hashed-13edo-gradual-drones-v14,long,a94bdd501ced8912,10.213966;9.844509;9.440673,5.935492;5.451436;4.967379,breathing_drone;late_bloom;broad_swell,modal_noise_resonator,detune_cents=42.016;mode_disorder_percent=4.940;resonated_noise_percent=14.198;clean_percent=60.000;parallel_ruin_percent=25.802;drive=4.210;folds=2,5,0.9517476,-9.834691,-10.970736,9.470736,-1.5,-1.4999995,wav/24_gifu_pipe_organ__29_helicopter_takeoff.wav,2,288000,6.0,1727999,35.99997916666667,0.65571314,0.097208366,-20.245926,2.602311e-9,0,0,0.6411947,-20.261444,-4.2202686e-10,0.65571314,-20.230465,5.626649e-9,0.13501878,-17.392117
24-30,long_additive_synth,gifu_pipe_organ,scuba_bubbles,b53b3cd166c52157,d2eaf6d35c117589,8,8;12;3,168.516296;208.577057;129.080658,sparse-hashed-13edo-gradual-drones-v14,long,6a6018fea95a3255,7.355444;7.990669;8.544727,3.073296;3.557352;4.041409,soft_drone;broad_swell;late_bloom,modal_noise_resonator,detune_cents=46.659;mode_disorder_percent=5.850;resonated_noise_percent=12.369;clean_percent=60.000;parallel_ruin_percent=27.631;drive=4.968;folds=1,6,0.9355121,-8.462292,-8.147141,6.6471415,-1.5,-1.5,wav/24_gifu_pipe_organ__30_scuba_bubbles.wav,2,288000,6.0,1727999,35.99997916666667,0.72930837,0.09709448,-20.25611,-5.6234852e-9,0,0,0.5272827,-20.17576,-7.597049e-9,0.72930837,-20.337973,-3.6499213e-9,0.13902809,-17.137949
24-31,long_additive_synth,gifu_pipe_organ,building_demolition,b53b3cd166c52157,d502a0866ac3b927,5,5;9;0,143.606293;177.745285;110.000000,sparse-hashed-13edo-gradual-drones-v14,long,8b008a9831b8ffcc,9.883960;9.483949;10.587969,5.501182;5.017125;6.469294,late_bloom;broad_swell;soft_drone,inharmonic_fm,detune_cents=46.803;feedback=0.468;crossfeedback_percent=8.000;index=6.246->2.856;clean_percent=45.000;raw_fm_percent=40.000;parallel_ruin_percent=15.000;phase_drift_radians=0.080;drive=2.853;folds=3,3,0.9715027,-12.246164,-16.08597,14.58597,-1.5,-1.5000012,wav/24_gifu_pipe_organ__31_building_demolition.wav,2,288000,6.0,1727999,35.99997916666667,0.53101605,0.09831026,-20.148022,8.676919e-9,0,0,0.47116247,-20.151892,3.531162e-9,0.53101605,-20.144157,1.38226754e-8,0.13755699,-17.230347
24-32,long_additive_synth,gifu_pipe_organ,finnish_blacksmith,b53b3cd166c52157,8828c2d1c0ff4488,9,9;0;4,177.745285;110.000000;136.149902,sparse-hashed-13edo-gradual-drones-v14,long,f3d22d8cee7c4be6,8.816805;8.298486;9.698172,4.302695;3.818639;5.270807,breathing_drone;late_bloom;broad_swell,saturated_saw_cluster,detune_cents=82.987;drift_cents=21.468;drive=7.760;folds=4;alias_percent=65.015;bits=7;hard_sync_percent=68.655;sample_hold_frames=4,3,0.99408203,-19.228218,-15.060627,13.560627,-1.5,-1.5000007,wav/24_gifu_pipe_organ__32_finnish_blacksmith.wav,2,288000,6.0,1727999,35.99997916666667,0.698107,0.09766533,-20.20519,-1.1000595e-8,0,0,0.54419273,-20.153704,-3.5086125e-9,0.698107,-20.257298,-1.8492578e-8,0.1374106,-17.239595
24-33,long_additive_synth,gifu_pipe_organ,cattle_auction,b53b3cd166c52157,63aeff78df8557af,0,0;4;8,110.000000;136.149902;168.516296,sparse-hashed-13edo-gradual-drones-v14,long,241599c49eec0869,10.050750;9.666498;10.730204,5.716563;5.232507;6.684675,late_bloom;broad_swell;soft_drone,inharmonic_fm,detune_cents=29.165;feedback=0.451;crossfeedback_percent=8.000;index=6.523->2.524;clean_percent=45.000;raw_fm_percent=40.000;parallel_ruin_percent=15.000;phase_drift_radians=0.080;drive=2.429;folds=3,3,0.959885,-10.675468,-11.478124,9.978124,-1.5,-1.5,wav/24_gifu_pipe_organ__33_cattle_auction.wav,2,288000,6.0,1727999,35.99997916666667,0.5811447,0.09797922,-20.177322,5.975857e-9,0,0,0.5328383,-20.176792,5.9742398e-9,0.5811447,-20.177849,5.9774745e-9,0.13746828,-17.23595
24-34,long_additive_synth,gifu_pipe_organ,ferry_alarm,b53b3cd166c52157,63fa0671c3c8b3fd,1,1;5;9,116.024269;143.606293;177.745285,sparse-hashed-13edo-gradual-drones-v14,long,b5a16f733fb569a1,8.050335;8.597292;9.083004,3.606563;4.090620;4.574676,soft_drone;broad_swell;late_bloom,inharmonic_fm,detune_cents=31.723;feedback=0.528;crossfeedback_percent=8.000;index=8.304->2.747;clean_percent=45.000;raw_fm_percent=40.000;parallel_ruin_percent=15.000;phase_drift_radians=0.080;drive=3.154;folds=2,6,0.9545693,-10.10561,-11.058526,9.558526,-1.5,-1.4999995,wav/24_gifu_pipe_organ__34_ferry_alarm.wav,2,288000,6.0,1727999,35.99997916666667,0.7302084,0.097584195,-20.21241,-9.504781e-10,0,0,0.51433194,-20.159595,-2.4136295e-9,0.7302084,-20.265875,5.126731e-10,0.13662095,-17.289654
24-35,long_additive_synth,gifu_pipe_organ,flooded_mine,b53b3cd166c52157,5ef5719090cb3c3e,5,5;9;0,143.606293;177.745285;110.000000,sparse-hashed-13edo-gradual-drones-v14,long,669b4ac9b4fd9463,10.878450;7.795278;10.223608,6.916797;3.400852;5.948684,late_bloom;breathing_drone;soft_drone,modal_noise_resonator,detune_cents=43.618;mode_disorder_percent=5.655;resonated_noise_percent=16.348;clean_percent=60.000;parallel_ruin_percent=23.652;drive=4.241;folds=1,4,0.971788,-12.300529,-24.364138,22.864138,-1.5,-1.5000019,wav/24_gifu_pipe_organ__35_flooded_mine.wav,2,288000,6.0,1727999,35.99997916666667,0.6585778,0.097896755,-20.184633,-5.771888e-9,0,0,0.52206194,-20.176708,-7.146724e-9,0.6585778,-20.192575,-4.397051e-9,0.13825092,-17.18664
24-36,long_additive_synth,gifu_pipe_organ,cappuccino_process,b53b3cd166c52157,c9cb796a64de33e2,12,12;3;7,208.577057;129.080658;159.766510,sparse-hashed-13edo-gradual-drones-v14,long,0191bdc33a978ccd,8.665066;9.143656;9.574703,4.154958;4.639014;5.123070,soft_drone;broad_swell;late_bloom,modal_noise_resonator,detune_cents=43.862;mode_disorder_percent=4.942;resonated_noise_percent=14.147;clean_percent=60.000;parallel_ruin_percent=25.853;drive=4.949;folds=1,6,0.96250397,-11.001268,-20.192383,18.692383,-1.5,-1.5,wav/24_gifu_pipe_organ__36_cappuccino_process.wav,2,288000,6.0,1727999,35.99997916666667,0.7170728,0.09619261,-20.337164,3.0373126e-10,0,0,0.50088644,-20.208008,1.1747789e-8,0.7170728,-20.470284,-1.1140327e-8,0.13686174,-17.274359
24-37,long_additive_synth,gifu_pipe_organ,tennis_match,b53b3cd166c52157,09cb934e68f8f084,1,1;5;9,116.024269;143.606293;177.745285,sparse-hashed-13edo-gradual-drones-v14,long,722b6b041f4b1b5f,10.738390;7.505508;10.060322,6.697289;3.181345;5.729177,late_bloom;breathing_drone;soft_drone,modal_noise_resonator,detune_cents=47.556;mode_disorder_percent=5.509;resonated_noise_percent=13.984;clean_percent=60.000;parallel_ruin_percent=26.016;drive=4.797;folds=1,4,0.9505773,-9.717567,-14.607395,13.107395,-1.5,-1.5,wav/24_gifu_pipe_organ__37_tennis_match.wav,2,288000,6.0,1727999,35.99997916666667,0.65838164,0.09692946,-20.270884,-1.0311972e-8,0,0,0.62775177,-20.263771,-1.45231365e-8,0.65838164,-20.278008,-6.1008074e-9,0.1374077,-17.239779
24-38,long_additive_synth,gifu_pipe_organ,chainsaw_cycle,b53b3cd166c52157,5c7feb9d452f2bef,6,6;10;1,151.471039;187.479691;116.024269,sparse-hashed-13edo-gradual-drones-v14,long,f2d4e6959e38fd7b,10.874340;10.558941;10.218828,6.910253;6.426197;5.942141,broad_swell;soft_drone;breathing_drone,saturated_saw_cluster,detune_cents=71.903;drift_cents=15.457;drive=8.011;folds=4;alias_percent=66.475;bits=7;hard_sync_percent=61.988;sample_hold_frames=3,5,0.93818784,-8.656288,-6.696997,5.196997,-1.5,-1.5000007,wav/24_gifu_pipe_organ__38_chainsaw_cycle.wav,2,288000,6.0,1727999,35.99997916666667,0.69607514,0.09646966,-20.312185,2.7319288e-8,0,0,0.5512156,-20.232065,1.095335e-8,0.69607514,-20.393812,4.3685226e-8,0.13753137,-17.231964
24-39,long_additive_synth,gifu_pipe_organ,near_foghorn,b53b3cd166c52157,1d6af12c6225ab62,4,4;8;12,136.149902;168.516296;208.577057,sparse-hashed-13edo-gradual-drones-v14,long,5ed8acc1e1319082,10.609550;10.273535;9.909327,6.501521;6.017465;5.533408,late_bloom;broad_swell;soft_drone,saturated_saw_cluster,detune_cents=66.302;drift_cents=21.933;drive=9.792;folds=4;alias_percent=68.494;bits=6;hard_sync_percent=62.934;sample_hold_frames=4,5,0.96202797,-10.943488,-16.42025,14.92025,-1.5,-1.4999995,wav/24_gifu_pipe_organ__39_near_foghorn.wav,2,288000,6.0,1727999,35.99997916666667,0.7654981,0.09474493,-20.468882,-1.37002445e-8,0,0,0.67460454,-20.402493,-5.2729945e-9,0.7654981,-20.536299,-2.2127495e-8,0.1340191,-17.456665
24-40,long_additive_synth,gifu_pipe_organ,barcelona_gate_pa,b53b3cd166c52157,e28efd5cee017776,1,1;5;9,116.024269;143.606293;177.745285,sparse-hashed-13edo-gradual-drones-v14,long,5848a39ec9439944,10.139532;10.485666;9.351582,5.834629;6.318685;4.866516,late_bloom;breathing_drone;soft_drone,modal_noise_resonator,detune_cents=42.929;mode_disorder_percent=4.335;resonated_noise_percent=10.632;clean_percent=60.000;parallel_ruin_percent=29.368;drive=4.440;folds=1,4,0.9820632,-14.334002,-21.03106,19.53106,-1.5,-1.5000007,wav/24_gifu_pipe_organ__40_barcelona_gate_pa.wav,2,288000,6.0,1727999,35.99997916666667,0.5571047,0.09723649,-20.243414,2.2323947e-9,0,0,0.52528566,-20.244654,6.3035457e-9,0.5571047,-20.242176,-1.8387565e-9,0.13658673,-17.29183
24-41,long_additive_synth,gifu_pipe_organ,delhi_subway_cycle,b53b3cd166c52157,3187a582eafedd91,5,5;9;0,143.606293;177.745285;110.000000,sparse-hashed-13edo-gradual-drones-v14,long,3fd5d713e07871a3,9.338716;9.751702;10.128803,4.852120;5.336177;5.820233,broad_swell;late_bloom;breathing_drone,inharmonic_fm,detune_cents=28.251;feedback=0.421;crossfeedback_percent=8.000;index=8.078->2.555;clean_percent=45.000;raw_fm_percent=40.000;parallel_ruin_percent=15.000;phase_drift_radians=0.080;drive=2.741;folds=2,6,0.9472641,-9.386203,-16.193405,14.693405,-1.5,-1.4999987,wav/24_gifu_pipe_organ__41_delhi_subway_cycle.wav,2,288000,6.0,1727999,35.99997916666667,0.62963206,0.09762102,-20.209133,1.3231991e-9,0,0,0.55863714,-20.18541,-3.548108e-9,0.62963206,-20.232986,6.1945062e-9,0.1357409,-17.345785
24-42,long_additive_synth,gifu_pipe_organ,hockey_goal,b53b3cd166c52157,7338d14d9c7d0103,0,0;4;8,110.000000;136.149902;168.516296,sparse-hashed-13edo-gradual-drones-v14,long,e0ccb8519be3e0b6,9.358597;8.904369;10.145385,4.874384;4.390328;5.842497,late_bloom;broad_swell;soft_drone,inharmonic_fm,detune_cents=33.897;feedback=0.425;crossfeedback_percent=8.000;index=7.680->3.994;clean_percent=45.000;raw_fm_percent=40.000;parallel_ruin_percent=15.000;phase_drift_radians=0.080;drive=2.348;folds=3,3,0.9815387,-14.207019,-17.142786,15.642786,-1.5,-1.5000007,wav/24_gifu_pipe_organ__42_hockey_goal.wav,2,288000,6.0,1727999,35.99997916666667,0.5693731,0.09824239,-20.15402,1.1113037e-9,0,0,0.48512572,-20.142458,-5.008947e-10,0.5693731,-20.165617,2.723502e-9,0.14001353,-17.0766
24-43,long_additive_synth,gifu_pipe_organ,ambulance_siren,b53b3cd166c52157,f8af2f1a4cb0c701,10,10;1;5,187.479691;116.024269;143.606293,sparse-hashed-13edo-gradual-drones-v14,long,d1cc834fc7115227,10.644182;7.304749;9.949990,6.553574;3.037629;5.585461,broad_swell;late_bloom;breathing_drone,saturated_saw_cluster,detune_cents=73.035;drift_cents=14.193;drive=8.486;folds=3;alias_percent=74.134;bits=5;hard_sync_percent=48.832;sample_hold_frames=3,4,0.962534,-11.00459,-6.4155097,4.9155097,-1.5,-1.5,wav/24_gifu_pipe_organ__43_ambulance_siren.wav,2,288000,6.0,1727999,35.99997916666667,0.54548305,0.09821703,-20.156265,2.6217484e-9,0,0,0.54548305,-20.162104,4.3137356e-9,0.5251091,-20.150433,9.29761e-10,0.13850647,-17.170599
24-44,long_additive_synth,gifu_pipe_organ,woodshop_process,b53b3cd166c52157,8e1e1d890ae5881a,11,11;2;6,197.747208;122.378456;151.471039,sparse-hashed-13edo-gradual-drones-v14,long,fc500adf82b78a81,9.120386;8.639076;8.097699,4.614223;4.130167;3.646111,breathing_drone;late_bloom;broad_swell,saturated_saw_cluster,detune_cents=78.561;drift_cents=19.075;drive=7.161;folds=4;alias_percent=73.830;bits=7;hard_sync_percent=61.583;sample_hold_frames=3,5,0.948767,-9.565731,-7.7098885,6.2098885,-1.5,-1.5000007,wav/24_gifu_pipe_organ__44_woodshop_process.wav,2,288000,6.0,1727999,35.99997916666667,0.72394884,0.09630196,-20.3273,-3.5368732e-9,0,0,0.6413647,-20.338385,7.633088e-10,0.72394884,-20.31624,-7.8370554e-9,0.14019212,-17.065527
24-45,long_additive_synth,gifu_pipe_organ,tractor_turning_hay,b53b3cd166c52157,241aba059f6c939a,0,0;4;8,110.000000;136.149902;168.516296,sparse-hashed-13edo-gradual-drones-v14,long,adaf17e058abf03b,10.860843;10.544426;8.341809,6.888811;6.404755;3.856923,soft_drone;breathing_drone;late_bloom,saturated_saw_cluster,detune_cents=83.648;drift_cents=12.623;drive=7.302;folds=4;alias_percent=69.592;bits=7;hard_sync_percent=51.216;sample_hold_frames=3,3,0.9729259,-12.482294,-14.845119,13.345119,-1.5,-1.5,wav/24_gifu_pipe_organ__45_tractor_turning_hay.wav,2,288000,6.0,1727999,35.99997916666667,0.5743437,0.09804582,-20.171417,6.583225e-10,0,0,0.5188988,-20.15253,-1.7202415e-9,0.5743437,-20.190388,3.0368865e-9,0.13819593,-17.190096
24-46,long_additive_synth,gifu_pipe_organ,hail_thunder,b53b3cd166c52157,8ca435fa8014940b,5,5;9;0,143.606293;177.745285;110.000000,sparse-hashed-13edo-gradual-drones-v14,long,6ab1ab8f716ddc09,10.646479;7.309703;7.951180,6.557041;3.041097;3.525154,late_bloom;soft_drone;broad_swell,saturated_saw_cluster,detune_cents=65.761;drift_cents=14.215;drive=7.210;folds=3;alias_percent=64.420;bits=6;hard_sync_percent=62.591;sample_hold_frames=3,6,0.9192797,-7.386433,-5.30572,3.8057199,-1.5,-1.4999995,wav/24_gifu_pipe_organ__46_hail_thunder.wav,2,288000,6.0,1727999,35.99997916666667,0.72275394,0.09758845,-20.212032,3.8511017e-9,0,0,0.49914247,-20.18405,1.5417181e-9,0.72275394,-20.240196,6.1604855e-9,0.1390936,-17.133858
24-47,long_additive_synth,gifu_pipe_organ,marielle_protest,b53b3cd166c52157,b99f4919a8dffbad,9,9;0;4,177.745285;110.000000;136.149902,sparse-hashed-13edo-gradual-drones-v14,long,65c51a8df30ef057,9.181048;8.706792;9.997763,4.679127;4.195071;5.647240,broad_swell;soft_drone;breathing_drone,saturated_saw_cluster,detune_cents=64.410;drift_cents=15.777;drive=8.287;folds=4;alias_percent=79.013;bits=6;hard_sync_percent=65.355;sample_hold_frames=2,3,0.9719324,-12.3217325,-16.23677,14.736771,-1.5,-1.5000007,wav/24_gifu_pipe_organ__47_marielle_protest.wav,2,288000,6.0,1727999,35.99997916666667,0.7070755,0.097859345,-20.187954,-9.17814e-9,0,0,0.54023033,-20.156387,-4.7994084e-9,0.7070755,-20.219753,-1.3556871e-8,0.13639976,-17.303728
24-48,long_additive_synth,gifu_pipe_organ,hair_salon_tools,b53b3cd166c52157,91febc7e6d506cc8,3,3;7;11,129.080658;159.766510;197.747208,sparse-hashed-13edo-gradual-drones-v14,long,5488bcdeea875aa4,9.935255;9.540161;10.631626,5.566541;5.082485;6.534654,soft_drone;breathing_drone;late_bloom,saturated_saw_cluster,detune_cents=67.916;drift_cents=12.595;drive=7.295;folds=4;alias_percent=69.546;bits=6;hard_sync_percent=65.154;sample_hold_frames=4,3,0.97975856,-13.79021,-15.987993,14.487993,-1.5,-1.4999987,wav/24_gifu_pipe_organ__48_hair_salon_tools.wav,2,288000,6.0,1727999,35.99997916666667,0.66792655,0.09735878,-20.232498,-1.0726342e-8,0,0,0.54466075,-20.199125,1.8261445e-10,0.66792655,-20.26613,-2.1635298e-8,0.13458742,-17.41991
