pair,approach,left,right,short_fingerprint,long_fingerprint,chord_index,chord_steps,chord_frequencies_hz,pitch_algorithm_version,processed_role,gesture_fingerprint,note_levels_db_below_local,note_durations_seconds,note_envelopes,instrument,instrument_parameters,scheduled_note_count,preprocess_dry_correlation,preprocess_difference_rms_db_relative,unscaled_convolved_tone_rms_db_relative,tone_gain_db,target_convolved_tone_rms_db_relative,scaled_convolved_tone_rms_db_relative,path,channels,trim_frames,trim_seconds,frames,duration_seconds,peak,rms,rms_dbfs,dc_offset,clipped_samples,non_finite_samples,left_peak,left_rms_dbfs,left_dc_offset,right_peak,right_rms_dbfs,right_dc_offset,stereo_difference_rms,stereo_difference_rms_dbfs
01-25,short_additive_synth,gamelan_court,thunder_mountain,8b79b8462a4e6fac,4e2a8e922a968e95,12,12;3;7,208.577057;129.080658;159.766510,sparse-hashed-13edo-gradual-drones-v14,short,24cdce691019ec49,7.859406;4.767176;5.347328,3.451442;1.693470;1.935498,broad_swell;late_bloom;breathing_drone,inharmonic_fm,detune_cents=30.980;feedback=0.354;crossfeedback_percent=8.000;index=6.449->2.662;clean_percent=45.000;raw_fm_percent=40.000;parallel_ruin_percent=15.000;phase_drift_radians=0.080;drive=2.618;folds=2,2,0.96878487,-11.8391905,-7.702694,6.202694,-1.5,-1.5,wav/01_gamelan_court__25_thunder_mountain.wav,2,288000,6.0,1727999,35.99997916666667,0.565176,0.098031946,-20.17265,9.202781e-9,0,0,0.565176,-20.180325,1.1449948e-8,0.53479576,-20.164984,6.955614e-9,0.1360091,-17.328642
01-26,short_additive_synth,gamelan_court,inside_car_wash,8b79b8462a4e6fac,903a06c594b2e6cb,2,2;6;10,122.378456;151.471039;187.479691,sparse-hashed-13edo-gradual-drones-v14,short,d4396b0325fee483,6.979920;6.590025;7.668192,2.818720;2.576692;3.302776,breathing_drone;late_bloom;broad_swell,saturated_saw_cluster,detune_cents=73.881;drift_cents=23.173;drive=7.102;folds=4;alias_percent=64.388;bits=7;hard_sync_percent=60.087;sample_hold_frames=4,3,0.9299958,-8.047965,-11.536415,10.036415,-1.5,-1.5,wav/01_gamelan_court__26_inside_car_wash.wav,2,288000,6.0,1727999,35.99997916666667,0.8093005,0.095850915,-20.368076,-9.697409e-9,0,0,0.7688401,-20.291615,-6.190467e-9,0.8093005,-20.445904,-1.3204351e-8,0.13483147,-17.404175
01-27,short_additive_synth,gamelan_court,peru_new_year_fireworks,8b79b8462a4e6fac,83317dd5c74822ca,10,10;1;5,187.479691;116.024269;143.606293,sparse-hashed-13edo-gradual-drones-v14,short,b81538cd6b5ab56a,7.358352;7.687355;4.409004,3.075354;3.317382;1.559410,soft_drone;broad_swell;late_bloom,modal_noise_resonator,detune_cents=39.438;mode_disorder_percent=3.794;resonated_noise_percent=10.373;clean_percent=60.000;parallel_ruin_percent=29.627;drive=4.169;folds=1,2,0.9781565,-13.445557,-13.34318,11.84318,-1.5,-1.4999995,wav/01_gamelan_court__27_peru_new_year_fireworks.wav,2,288000,6.0,1727999,35.99997916666667,0.5423955,0.09823059,-20.155066,-1.3128698e-10,0,0,0.5423955,-20.151928,-2.1374904e-9,0.51316804,-20.158203,1.8749164e-9,0.13729887,-17.246662
01-28,short_additive_synth,gamelan_court,efteling_steam_train,8b79b8462a4e6fac,9a412959184abdf9,2,2;6;10,122.378456;151.471039;187.479691,sparse-hashed-13edo-gradual-drones-v14,short,731385ab505b7117,4.272027;7.623505;5.478938,1.510994;3.268966;1.995050,soft_drone;breathing_drone;breathing_drone,saturated_saw_cluster,detune_cents=77.278;drift_cents=22.053;drive=8.102;folds=4;alias_percent=60.746;bits=5;hard_sync_percent=64.200;sample_hold_frames=4,3,0.9309705,-8.123489,-14.781093,13.281093,-1.5,-1.5000007,wav/01_gamelan_court__28_efteling_steam_train.wav,2,288000,6.0,1727999,35.99997916666667,0.5704589,0.098080024,-20.168388,1.6775635e-9,0,0,0.5704589,-20.17106,1.0199561e-9,0.5660665,-20.16572,2.335171e-9,0.14101015,-17.014992
01-29,short_additive_synth,gamelan_court,helicopter_takeoff,8b79b8462a4e6fac,4534148b4903c233,4,4;8;12,136.149902;168.516296;208.577057,sparse-hashed-13edo-gradual-drones-v14,short,6cdb803c3a19f005,6.989090;6.600056;7.676020,2.824678;2.582650;3.308735,broad_swell;soft_drone;breathing_drone,modal_noise_resonator,detune_cents=54.781;mode_disorder_percent=3.402;resonated_noise_percent=15.542;clean_percent=60.000;parallel_ruin_percent=24.458;drive=4.372;folds=2,3,0.9299399,-8.060275,-2.1666489,0.66664886,-1.5,-1.5000007,wav/01_gamelan_court__29_helicopter_takeoff.wav,2,288000,6.0,1727999,35.99997916666667,0.5537843,0.09805679,-20.170444,1.5312128e-9,0,0,0.50784856,-20.15729,-2.7003229e-9,0.5537843,-20.183643,5.7627485e-9,0.13768184,-17.222466
01-30,short_additive_synth,gamelan_court,scuba_bubbles,8b79b8462a4e6fac,d2eaf6d35c117589,9,9;0;4,177.745285;110.000000;136.149902,sparse-hashed-13edo-gradual-drones-v14,short,0c5d269184a24334,5.986717;5.490716;6.835539,2.242496;2.000468;2.726552,broad_swell;soft_drone;breathing_drone,inharmonic_fm,detune_cents=45.182;feedback=0.393;crossfeedback_percent=8.000;index=8.428->2.761;clean_percent=45.000;raw_fm_percent=40.000;parallel_ruin_percent=15.000;phase_drift_radians=0.080;drive=2.900;folds=3,3,0.9163859,-7.204296,-10.486662,8.986662,-1.5,-1.5000007,wav/01_gamelan_court__30_scuba_bubbles.wav,2,288000,6.0,1727999,35.99997916666667,0.5577028,0.09825096,-20.153263,1.5516795e-9,0,0,0.5577028,-20.15149,2.3982323e-9,0.55428267,-20.155039,7.051267e-10,0.13824537,-17.186987
01-31,short_additive_synth,gamelan_court,building_demolition,8b79b8462a4e6fac,d502a0866ac3b927,2,2;6;10,122.378456;151.471039;187.479691,sparse-hashed-13edo-gradual-drones-v14,short,d488d283c72a241d,5.831342;5.316160;4.731534,2.163686;1.921657;1.679629,broad_swell;soft_drone;breathing_drone,modal_noise_resonator,detune_cents=41.556;mode_disorder_percent=3.521;resonated_noise_percent=16.635;clean_percent=60.000;parallel_ruin_percent=23.365;drive=4.014;folds=2,3,0.9250487,-7.7209964,-5.4170914,3.9170914,-1.5,-1.4999995,wav/01_gamelan_court__31_building_demolition.wav,2,288000,6.0,1727999,35.99997916666667,0.5086368,0.09844339,-20.136269,-2.8499265e-9,0,0,0.49083993,-20.142412,3.0281562e-9,0.5086368,-20.130135,-8.728009e-9,0.13410819,-17.450893
01-32,short_additive_synth,gamelan_court,finnish_blacksmith,8b79b8462a4e6fac,8828c2d1c0ff4488,6,6;10;1,151.471039;187.479691;116.024269,sparse-hashed-13edo-gradual-drones-v14,short,ab32aeb939edf119,6.537783;6.932188;5.621921,2.545882;2.787910;2.061826,late_bloom;breathing_drone;soft_drone,saturated_saw_cluster,detune_cents=70.232;drift_cents=22.082;drive=9.374;folds=3;alias_percent=60.282;bits=5;hard_sync_percent=49.255;sample_hold_frames=3,2,0.97015405,-12.02946,-17.465229,15.965229,-1.5,-1.5,wav/01_gamelan_court__32_finnish_blacksmith.wav,2,288000,6.0,1727999,35.99997916666667,0.515871,0.09832149,-20.14703,-1.05705e-9,0,0,0.51434433,-20.144676,1.9008513e-10,0.515871,-20.149385,-2.304185e-9,0.13643762,-17.301317
01-33,short_additive_synth,gamelan_court,cattle_auction,8b79b8462a4e6fac,63aeff78df8557af,2,2;6;10,122.378456;151.471039;187.479691,sparse-hashed-13edo-gradual-drones-v14,short,2780359e2f04d912,6.703358;7.083636;5.825469,2.644818;2.886846;2.160762,broad_swell;late_bloom;breathing_drone,inharmonic_fm,detune_cents=42.296;feedback=0.454;crossfeedback_percent=8.000;index=8.826->2.774;clean_percent=45.000;raw_fm_percent=40.000;parallel_ruin_percent=15.000;phase_drift_radians=0.080;drive=2.845;folds=2,2,0.97829974,-13.487897,-7.128772,5.628772,-1.5,-1.5,wav/01_gamelan_court__33_cattle_auction.wav,2,288000,6.0,1727999,35.99997916666667,0.55693537,0.097659014,-20.205753,-4.1284687e-9,0,0,0.5184868,-20.183468,-2.0457775e-9,0.55693537,-20.228153,-6.21116e-9,0.13975629,-17.092573
01-34,short_additive_synth,gamelan_court,ferry_alarm,8b79b8462a4e6fac,63fa0671c3c8b3fd,9,9;0;4,177.745285;110.000000;136.149902,sparse-hashed-13edo-gradual-drones-v14,short,663c56b8f428a5fc,5.577752;5.029555;4.402028,2.040963;1.798935;1.556907,soft_drone;breathing_drone;late_bloom,inharmonic_fm,detune_cents=46.281;feedback=0.359;crossfeedback_percent=8.000;index=6.372->2.772;clean_percent=45.000;raw_fm_percent=40.000;parallel_ruin_percent=15.000;phase_drift_radians=0.080;drive=2.843;folds=3,3,0.9216663,-7.531672,-8.242712,6.742712,-1.5,-1.4999995,wav/01_gamelan_court__34_ferry_alarm.wav,2,288000,6.0,1727999,35.99997916666667,0.77905756,0.096664146,-20.294693,3.312097e-9,0,0,0.72493786,-20.25232,1.7500335e-9,0.77905756,-20.337482,4.8741606e-9,0.1334957,-17.490654
01-35,short_additive_synth,gamelan_court,flooded_mine,8b79b8462a4e6fac,5ef5719090cb3c3e,4,4;8;12,136.149902;168.516296;208.577057,sparse-hashed-13edo-gradual-drones-v14,short,a3b14d1ef37ef318,7.483968;7.138546;6.763258,3.165606;2.923577;2.681549,broad_swell;soft_drone;breathing_drone,inharmonic_fm,detune_cents=34.349;feedback=0.544;crossfeedback_percent=8.000;index=7.466->2.851;clean_percent=45.000;raw_fm_percent=40.000;parallel_ruin_percent=15.000;phase_drift_radians=0.080;drive=2.481;folds=3,3,0.9247599,-7.7072144,-13.451215,11.951215,-1.5,-1.4999995,wav/01_gamelan_court__35_flooded_mine.wav,2,288000,6.0,1727999,35.99997916666667,0.5865645,0.09806133,-20.170044,-4.692572e-9,0,0,0.5865645,-20.157278,-2.6076825e-9,0.57396877,-20.18285,-6.7774617e-9,0.13708094,-17.260458
01-36,short_additive_synth,gamelan_court,cappuccino_process,8b79b8462a4e6fac,c9cb796a64de33e2,2,2;6;10,122.378456;151.471039;187.479691,sparse-hashed-13edo-gradual-drones-v14,short,f4f44275234eb986,6.399733;5.951138;7.178039,2.466228;2.224200;2.950284,breathing_drone;late_bloom;broad_swell,inharmonic_fm,detune_cents=46.740;feedback=0.429;crossfeedback_percent=8.000;index=7.881->2.842;clean_percent=45.000;raw_fm_percent=40.000;parallel_ruin_percent=15.000;phase_drift_radians=0.080;drive=2.827;folds=3,3,0.91684395,-7.243466,-10.354314,8.854314,-1.5,-1.4999995,wav/01_gamelan_court__36_cappuccino_process.wav,2,288000,6.0,1727999,35.99997916666667,0.78091747,0.0945789,-20.484114,-1.9060181e-8,0,0,0.78091747,-20.500708,-2.0171655e-8,0.7356135,-20.467585,-1.7948706e-8,0.13340227,-17.496735
01-37,short_additive_synth,gamelan_court,tennis_match,8b79b8462a4e6fac,09cb934e68f8f084,12,12;3;7,208.577057;129.080658;159.766510,sparse-hashed-13edo-gradual-drones-v14,short,994664b4934d8374,7.494553;7.813763;6.775751,3.173331;3.415359;2.689274,breathing_drone;soft_drone;broad_swell,inharmonic_fm,detune_cents=28.987;feedback=0.375;crossfeedback_percent=8.000;index=7.040->2.765;clean_percent=45.000;raw_fm_percent=40.000;parallel_ruin_percent=15.000;phase_drift_radians=0.080;drive=2.390;folds=2,2,0.97927064,-13.677125,-14.21755,12.71755,-1.5,-1.5,wav/01_gamelan_court__37_tennis_match.wav,2,288000,6.0,1727999,35.99997916666667,0.6594666,0.09774095,-20.19847,2.241574e-9,0,0,0.5516826,-20.168087,1.5957227e-9,0.6594666,-20.229063,2.8874256e-9,0.13789776,-17.208857
01-38,short_additive_synth,gamelan_court,chainsaw_cycle,8b79b8462a4e6fac,5c7feb9d452f2bef,7,7;11;2,159.766510;197.747208;122.378456,sparse-hashed-13edo-gradual-drones-v14,short,22ee737789277830,7.583127;7.896120;4.841675,3.238715;3.480743;1.722771,soft_drone;broad_swell;late_bloom,modal_noise_resonator,detune_cents=43.415;mode_disorder_percent=5.319;resonated_noise_percent=17.682;clean_percent=60.000;parallel_ruin_percent=22.318;drive=5.187;folds=1,2,0.9792262,-13.679175,-12.648219,11.148219,-1.5,-1.4999995,wav/01_gamelan_court__38_chainsaw_cycle.wav,2,288000,6.0,1727999,35.99997916666667,0.5921152,0.09735441,-20.232887,-9.4723784e-11,0,0,0.5781277,-20.215408,-4.2611425e-9,0.5921152,-20.250435,4.071695e-9,0.1383846,-17.178246
01-39,short_additive_synth,gamelan_court,near_foghorn,8b79b8462a4e6fac,1d6af12c6225ab62,10,10;1;5,187.479691;116.024269;143.606293,sparse-hashed-13edo-gradual-drones-v14,short,765c6d572a7ccbad,6.474125;6.874094;5.543181,2.508838;2.750866;2.024781,breathing_drone;soft_drone;broad_swell,saturated_saw_cluster,detune_cents=82.569;drift_cents=21.178;drive=7.429;folds=3;alias_percent=73.589;bits=7;hard_sync_percent=48.938;sample_hold_frames=3,2,0.9781664,-13.455696,-6.4182434,4.9182434,-1.5,-1.5000007,wav/01_gamelan_court__39_near_foghorn.wav,2,288000,6.0,1727999,35.99997916666667,0.5315228,0.097550705,-20.215393,-9.8648565e-9,0,0,0.5315228,-20.188297,-1.2331812e-8,0.50730324,-20.242657,-7.397901e-9,0.14405148,-16.829645
01-40,short_additive_synth,gamelan_court,barcelona_gate_pa,8b79b8462a4e6fac,e28efd5cee017776,12,12;3;7,208.577057;129.080658;159.766510,sparse-hashed-13edo-gradual-drones-v14,short,78f83fbd331c91b9,5.008146;4.377280;7.672472,1.790089;1.548061;3.306033,soft_drone;breathing_drone;late_bloom,saturated_saw_cluster,detune_cents=71.686;drift_cents=17.440;drive=8.668;folds=4;alias_percent=61.005;bits=7;hard_sync_percent=69.676;sample_hold_frames=2,3,0.9371797,-8.592923,-6.017227,4.517227,-1.5,-1.5,wav/01_gamelan_court__40_barcelona_gate_pa.wav,2,288000,6.0,1727999,35.99997916666667,0.5201404,0.09812529,-20.16438,-2.2891262e-9,0,0,0.47264612,-20.163807,-2.2780924e-9,0.5201404,-20.164951,-2.30016e-9,0.13490236,-17.399609
01-41,short_additive_synth,gamelan_court,delhi_subway_cycle,8b79b8462a4e6fac,3187a582eafedd91,3,3;7;11,129.080658;159.766510;197.747208,sparse-hashed-13edo-gradual-drones-v14,short,fadb805bd1d494a8,7.629986;7.296435;4.929353,3.273849;3.031821;1.757905,soft_drone;breathing_drone;late_bloom,inharmonic_fm,detune_cents=44.319;feedback=0.516;crossfeedback_percent=8.000;index=7.133->3.601;clean_percent=45.000;raw_fm_percent=40.000;parallel_ruin_percent=15.000;phase_drift_radians=0.080;drive=2.767;folds=3,3,0.93098164,-8.123199,-9.972961,8.472961,-1.5,-1.4999995,wav/01_gamelan_court__41_delhi_subway_cycle.wav,2,288000,6.0,1727999,35.99997916666667,0.6030715,0.09760541,-20.210524,-1.1056034e-9,0,0,0.60239375,-20.207872,-1.5743844e-9,0.6030715,-20.213175,-6.3682243e-10,0.13826874,-17.18552
01-42,short_additive_synth,gamelan_court,hockey_goal,8b79b8462a4e6fac,7338d14d9c7d0103,2,2;6;10,122.378456;151.471039;187.479691,sparse-hashed-13edo-gradual-drones-v14,short,f3db16ccef3dd06f,7.415869;7.064762;6.682752,3.116355;2.874327;2.632299,broad_swell;soft_drone;breathing_drone,modal_noise_resonator,detune_cents=38.893;mode_disorder_percent=3.714;resonated_noise_percent=17.881;clean_percent=60.000;parallel_ruin_percent=22.119;drive=4.287;folds=2,3,0.9231945,-7.6709304,-15.371506,13.871506,-1.5,-1.5000012,wav/01_gamelan_court__42_hockey_goal.wav,2,288000,6.0,1727999,35.99997916666667,0.6772843,0.09812627,-20.164295,-2.6630715e-9,0,0,0.6127824,-20.163689,-3.768143e-9,0.6772843,-20.164902,-1.5580002e-9,0.13716997,-17.254818
01-43,short_additive_synth,gamelan_court,ambulance_siren,8b79b8462a4e6fac,f8af2f1a4cb0c701,5,5;9;0,143.606293;177.745285;110.000000,sparse-hashed-13edo-gradual-drones-v14,short,0154022e3d05997a,6.414943;6.820151;5.469729,2.474880;2.716909;1.990824,breathing_drone;soft_drone;broad_swell,saturated_saw_cluster,detune_cents=67.375;drift_cents=21.425;drive=7.294;folds=3;alias_percent=66.187;bits=5;hard_sync_percent=63.808;sample_hold_frames=4,2,0.9762816,-13.081782,-14.714423,13.214423,-1.5,-1.4999995,wav/01_gamelan_court__43_ambulance_siren.wav,2,288000,6.0,1727999,35.99997916666667,0.4650062,0.098490775,-20.132088,2.239742e-9,0,0,0.4650062,-20.142382,-6.38392e-10,0.4338929,-20.121822,5.117876e-9,0.13772954,-17.219458
01-44,short_additive_synth,gamelan_court,woodshop_process,8b79b8462a4e6fac,8e1e1d890ae5881a,8,8;12;3,168.516296;208.577057;129.080658,sparse-hashed-13edo-gradual-drones-v14,short,b0860ad4c4757096,7.323130;6.964123;6.572742,3.050514;2.808486;2.566458,late_bloom;broad_swell;soft_drone,modal_noise_resonator,detune_cents=39.629;mode_disorder_percent=5.786;resonated_noise_percent=15.939;clean_percent=60.000;parallel_ruin_percent=24.061;drive=3.849;folds=2,3,0.9274721,-7.833909,-14.025139,12.525139,-1.5,-1.4999995,wav/01_gamelan_court__44_woodshop_process.wav,2,288000,6.0,1727999,35.99997916666667,0.6398916,0.09707219,-20.258102,-2.1889968e-10,0,0,0.6138207,-20.265472,2.7887985e-9,0.6398916,-20.250748,-3.2265979e-9,0.13569374,-17.348803
01-45,short_additive_synth,gamelan_court,tractor_turning_hay,8b79b8462a4e6fac,241aba059f6c939a,12,12;3;7,208.577057;129.080658;159.766510,sparse-hashed-13edo-gradual-drones-v14,short,f9f65cb102840dd2,7.412086;7.060659;6.678271,3.113641;2.871613;2.629585,broad_swell;soft_drone;breathing_drone,saturated_saw_cluster,detune_cents=83.968;drift_cents=15.408;drive=7.998;folds=4;alias_percent=65.286;bits=6;hard_sync_percent=64.385;sample_hold_frames=3,3,0.923434,-7.630412,-8.708953,7.208953,-1.5,-1.5000012,wav/01_gamelan_court__45_tractor_turning_hay.wav,2,288000,6.0,1727999,35.99997916666667,0.5560629,0.09805071,-20.170984,-3.045785e-9,0,0,0.5115715,-20.165796,-3.4662748e-9,0.5560629,-20.176178,-2.6252949e-9,0.13332222,-17.50195
01-46,short_additive_synth,gamelan_court,hail_thunder,8b79b8462a4e6fac,8ca435fa8014940b,10,10;1;5,187.479691;116.024269;143.606293,sparse-hashed-13edo-gradual-drones-v14,short,3e42ad2e371055e6,7.841521;7.524421;5.315383,3.437258;3.195230;1.921314,breathing_drone;late_bloom;broad_swell,modal_noise_resonator,detune_cents=54.731;mode_disorder_percent=5.191;resonated_noise_percent=12.344;clean_percent=60.000;parallel_ruin_percent=27.656;drive=4.875;folds=2,3,0.9303061,-8.086459,-5.751962,4.251962,-1.5,-1.4999995,wav/01_gamelan_court__46_hail_thunder.wav,2,288000,6.0,1727999,35.99997916666667,0.58625215,0.09779266,-20.193874,-4.6924282e-9,0,0,0.58625215,-20.205666,-4.573186e-9,0.57164425,-20.182116,-4.8116706e-9,0.13593881,-17.33313
01-47,short_additive_synth,gamelan_court,marielle_protest,8b79b8462a4e6fac,b99f4919a8dffbad,10,10;1;5,187.479691;116.024269;143.606293,sparse-hashed-13edo-gradual-drones-v14,short,ca6c3c5e9ff7ba48,7.439633;7.762758;6.710872,3.133454;3.375482;2.649398,breathing_drone;soft_drone;broad_swell,saturated_saw_cluster,detune_cents=55.573;drift_cents=18.609;drive=9.786;folds=3;alias_percent=67.979;bits=7;hard_sync_percent=64.088;sample_hold_frames=3,2,0.9746799,-12.793892,-15.543299,14.043299,-1.5,-1.5,wav/01_gamelan_court__47_marielle_protest.wav,2,288000,6.0,1727999,35.99997916666667,0.5545503,0.09831454,-20.147646,-1.3747636e-10,0,0,0.5348258,-20.141521,4.3118137e-10,0.5545503,-20.153778,-7.061341e-10,0.13741316,-17.239433
01-48,short_additive_synth,gamelan_court,hair_salon_tools,8b79b8462a4e6fac,91febc7e6d506cc8,4,4;8;12,136.149902;168.516296;208.577057,sparse-hashed-13edo-gradual-drones-v14,short,597aa04f051d7e2b,6.985175;6.595774;7.672677,2.822133;2.580105;3.306189,soft_drone;breathing_drone;late_bloom,inharmonic_fm,detune_cents=34.112;feedback=0.428;crossfeedback_percent=8.000;index=7.926->3.277;clean_percent=45.000;raw_fm_percent=40.000;parallel_ruin_percent=15.000;phase_drift_radians=0.080;drive=2.445;folds=3,3,0.9311604,-8.141833,-10.2784395,8.7784395,-1.5,-1.4999995,wav/01_gamelan_court__48_hair_salon_tools.wav,2,288000,6.0,1727999,35.99997916666667,0.5809518,0.098333746,-20.145948,-1.3835961e-9,0,0,0.54447424,-20.149328,-3.1171548e-9,0.5809518,-20.14257,3.4996256e-10,0.13867736,-17.15989
02-25,short_additive_synth,montreal_bagpipe_parade,thunder_mountain,ed5dc99260e3264e,4e2a8e922a968e95,11,11;2;6,197.747208;122.378456;151.471039,sparse-hashed-13edo-gradual-drones-v14,short,c9f82e2c61e58f73,4.917458;4.272241;5.976356,1.753096;1.511068;2.237153,breathing_drone;late_bloom;broad_swell,modal_noise_resonator,detune_cents=44.217;mode_disorder_percent=3.543;resonated_noise_percent=14.219;clean_percent=60.000;parallel_ruin_percent=25.781;drive=5.192;folds=2,3,0.93479097,-8.438159,-16.820257,15.320257,-1.5,-1.5000007,wav/02_montreal_bagpipe_parade__25_thunder_mountain.wav,2,288000,6.0,1727999,35.99997916666667,0.56666046,0.09803965,-20.171965,-2.3016176e-9,0,0,0.56666046,-20.174856,-4.4775366e-9,0.49354672,-20.169075,-1.2569873e-10,0.1385442,-17.168234
02-26,short_additive_synth,montreal_bagpipe_parade,inside_car_wash,ed5dc99260e3264e,903a06c594b2e6cb,9,9;0;4,177.745285;110.000000;136.149902,sparse-hashed-13edo-gradual-drones-v14,short,815f5c540b8426f5,6.620316;7.007618;7.363190,2.594727;2.836755;3.078783,broad_swell;late_bloom;breathing_drone,modal_noise_resonator,detune_cents=51.843;mode_disorder_percent=4.556;resonated_noise_percent=11.150;clean_percent=60.000;parallel_ruin_percent=28.850;drive=4.448;folds=1,2,0.9598578,-10.682853,-16.728962,15.228962,-1.5,-1.5000007,wav/02_montreal_bagpipe_parade__26_inside_car_wash.wav,2,288000,6.0,1727999,35.99997916666667,0.64497375,0.09700599,-20.26403,3.9082946e-9,0,0,0.5907211,-20.235357,-1.386549e-9,0.64497375,-20.29289,9.203138e-9,0.1370041,-17.265327
02-27,short_additive_synth,montreal_bagpipe_parade,peru_new_year_fireworks,ed5dc99260e3264e,83317dd5c74822ca,3,3;7;11,129.080658;159.766510;197.747208,sparse-hashed-13edo-gradual-drones-v14,short,897380bc50b36674,4.600785;7.778562;5.730187,1.629816;3.387788;2.113872,breathing_drone;late_bloom;late_bloom,inharmonic_fm,detune_cents=31.032;feedback=0.530;crossfeedback_percent=8.000;index=6.815->3.269;clean_percent=45.000;raw_fm_percent=40.000;parallel_ruin_percent=15.000;phase_drift_radians=0.080;drive=2.881;folds=3,3,0.9291276,-8.008498,-6.0177894,4.5177894,-1.5,-1.5,wav/02_montreal_bagpipe_parade__27_peru_new_year_fireworks.wav,2,288000,6.0,1727999,35.99997916666667,0.48585144,0.0983554,-20.144035,7.73758e-9,0,0,0.48585144,-20.139782,1.371853e-8,0.48270178,-20.148294,1.7566306e-9,0.13680732,-17.277813
02-28,short_additive_synth,montreal_bagpipe_parade,efteling_steam_train,ed5dc99260e3264e,9a412959184abdf9,5,5;9;0,143.606293;177.745285;110.000000,sparse-hashed-13edo-gradual-drones-v14,short,9eb9d3239dbe0119,6.378388;6.786865;7.160204,2.454137;2.696166;2.938194,late_bloom;breathing_drone;soft_drone,saturated_saw_cluster,detune_cents=61.457;drift_cents=17.988;drive=9.908;folds=3;alias_percent=71.087;bits=7;hard_sync_percent=61.677;sample_hold_frames=2,2,0.95308757,-9.94742,-21.33569,19.83569,-1.5,-1.5000024,wav/02_montreal_bagpipe_parade__28_efteling_steam_train.wav,2,288000,6.0,1727999,35.99997916666667,0.659799,0.097690225,-20.202978,5.2511635e-9,0,0,0.6077849,-20.196056,6.924483e-9,0.659799,-20.209911,3.5778438e-9,0.13618244,-17.317577
02-29,short_additive_synth,montreal_bagpipe_parade,helicopter_takeoff,ed5dc99260e3264e,4534148b4903c233,7,7;11;2,159.766510;197.747208;122.378456,sparse-hashed-13edo-gradual-drones-v14,short,24c35679c8f024bb,5.762467;5.238533;4.642607,2.129643;1.887614;1.645586,breathing_drone;late_bloom;broad_swell,modal_noise_resonator,detune_cents=44.464;mode_disorder_percent=3.804;resonated_noise_percent=10.416;clean_percent=60.000;parallel_ruin_percent=29.584;drive=4.725;folds=2,3,0.92824835,-7.9742856,-13.6126375,12.1126375,-1.5,-1.5000012,wav/02_montreal_bagpipe_parade__29_helicopter_takeoff.wav,2,288000,6.0,1727999,35.99997916666667,0.5423241,0.09816415,-20.160942,2.5170097e-9,0,0,0.47208142,-20.145674,1.4250986e-9,0.5423241,-20.176262,3.6089207e-9,0.14159285,-16.979174
02-30,short_additive_synth,montreal_bagpipe_parade,scuba_bubbles,ed5dc99260e3264e,d2eaf6d35c117589,6,6;10;1,151.471039;187.479691;116.024269,sparse-hashed-13edo-gradual-drones-v14,short,4d0008ea1ceff4b2,6.684647;7.066497;5.802555,2.633448;2.875476;2.149391,late_bloom;breathing_drone;breathing_drone,saturated_saw_cluster,detune_cents=60.760;drift_cents=17.972;drive=9.627;folds=3;alias_percent=73.850;bits=7;hard_sync_percent=64.161;sample_hold_frames=3,2,0.95831466,-10.507011,-8.297947,6.797947,-1.5,-1.5,wav/02_montreal_bagpipe_parade__30_scuba_bubbles.wav,2,288000,6.0,1727999,35.99997916666667,0.55833364,0.09831834,-20.147308,-8.8946117e-10,0,0,0.50566876,-20.15106,-1.6099921e-10,0.55833364,-20.143562,-1.6179231e-9,0.13959903,-17.102352
02-31,short_additive_synth,montreal_bagpipe_parade,building_demolition,ed5dc99260e3264e,d502a0866ac3b927,3,3;7;11,129.080658;159.766510;197.747208,sparse-hashed-13edo-gradual-drones-v14,short,b77d8ac4d5a4e433,4.506155;5.119818;5.657409,1.594687;1.836715;2.078743,broad_swell;late_bloom;breathing_drone,inharmonic_fm,detune_cents=37.905;feedback=0.449;crossfeedback_percent=8.000;index=6.418->2.526;clean_percent=45.000;raw_fm_percent=40.000;parallel_ruin_percent=15.000;phase_drift_radians=0.080;drive=2.943;folds=2,2,0.95466185,-10.121535,-11.121199,9.621199,-1.5,-1.4999995,wav/02_montreal_bagpipe_parade__31_building_demolition.wav,2,288000,6.0,1727999,35.99997916666667,0.56114835,0.098380774,-20.141794,-4.5411452e-12,0,0,0.54963577,-20.153599,8.9058455e-10,0.56114835,-20.130024,-8.9966684e-10,0.14098626,-17.016464
02-32,short_additive_synth,montreal_bagpipe_parade,finnish_blacksmith,ed5dc99260e3264e,8828c2d1c0ff4488,0,0;4;8,110.000000;136.149902;168.516296,sparse-hashed-13edo-gradual-drones-v14,short,9e2847d1e4dd730b,4.655673;7.805054;5.772567,1.650545;3.408517;2.134601,broad_swell;soft_drone;breathing_drone,saturated_saw_cluster,detune_cents=64.589;drift_cents=18.607;drive=7.518;folds=4;alias_percent=75.401;bits=6;hard_sync_percent=63.673;sample_hold_frames=2,3,0.9319615,-8.198736,-15.695028,14.195028,-1.5,-1.4999995,wav/02_montreal_bagpipe_parade__32_finnish_blacksmith.wav,2,288000,6.0,1727999,35.99997916666667,0.5270929,0.0984542,-20.135315,-2.8725256e-9,0,0,0.52163327,-20.130365,1.0388511e-9,0.5270929,-20.14027,-6.7839023e-9,0.13982299,-17.088428
02-33,short_additive_synth,montreal_bagpipe_parade,cattle_auction,ed5dc99260e3264e,63aeff78df8557af,6,6;10;1,151.471039;187.479691;116.024269,sparse-hashed-13edo-gradual-drones-v14,short,d354937c826b880c,4.807912;7.879441;5.890748,1.709429;3.467402;2.193486,broad_swell;soft_drone;breathing_drone,inharmonic_fm,detune_cents=42.564;feedback=0.522;crossfeedback_percent=8.000;index=8.676->3.657;clean_percent=45.000;raw_fm_percent=40.000;parallel_ruin_percent=15.000;phase_drift_radians=0.080;drive=2.932;folds=3,3,0.9322959,-8.202989,-8.68981,7.18981,-1.5,-1.4999995,wav/02_montreal_bagpipe_parade__33_cattle_auction.wav,2,288000,6.0,1727999,35.99997916666667,0.5043851,0.09812216,-20.16466,2.300129e-9,0,0,0.5043851,-20.175428,3.74255e-9,0.4653935,-20.153915,8.57708e-10,0.1462383,-16.698778
02-34,short_additive_synth,montreal_bagpipe_parade,ferry_alarm,ed5dc99260e3264e,63fa0671c3c8b3fd,0,0;4;8,110.000000;136.149902;168.516296,sparse-hashed-13edo-gradual-drones-v14,short,94e1025ab50a9c7a,7.432676;7.756300;4.554383,3.128438;3.370467;1.612495,breathing_drone;soft_drone;broad_swell,saturated_saw_cluster,detune_cents=65.570;drift_cents=21.480;drive=9.027;folds=3;alias_percent=65.215;bits=5;hard_sync_percent=66.313;sample_hold_frames=4,2,0.9531083,-9.956698,-10.963274,9.463274,-1.5,-1.4999995,wav/02_montreal_bagpipe_parade__34_ferry_alarm.wav,2,288000,6.0,1727999,35.99997916666667,0.63316476,0.09806479,-20.169737,-3.737618e-10,0,0,0.5629082,-20.1657,1.5954296e-9,0.63316476,-20.17378,-2.3429532e-9,0.13786398,-17.210983
02-35,short_additive_synth,montreal_bagpipe_parade,flooded_mine,ed5dc99260e3264e,5ef5719090cb3c3e,12,12;3;7,208.577057;129.080658;159.766510,sparse-hashed-13edo-gradual-drones-v14,short,1e8293016aa4ac26,7.442317;7.765248;6.714045,3.135390;3.377419;2.651334,late_bloom;breathing_drone;breathing_drone,modal_noise_resonator,detune_cents=44.906;mode_disorder_percent=4.540;resonated_noise_percent=10.280;clean_percent=60.000;parallel_ruin_percent=29.720;drive=4.379;folds=1,2,0.9551812,-10.2013445,-7.3458433,5.8458433,-1.5,-1.4999995,wav/02_montreal_bagpipe_parade__35_flooded_mine.wav,2,288000,6.0,1727999,35.99997916666667,0.573166,0.097925045,-20.182125,3.4620693e-9,0,0,0.5336552,-20.170647,6.9420794e-9,0.573166,-20.193634,-1.7940647e-11,0.13818115,-17.191025
02-36,short_additive_synth,montreal_bagpipe_parade,cappuccino_process,ed5dc99260e3264e,c9cb796a64de33e2,8,8;12;3,168.516296;208.577057;129.080658,sparse-hashed-13edo-gradual-drones-v14,short,4e6db2b30a5ead08,7.844216;7.527320;5.320204,3.439392;3.197363;1.923448,soft_drone;breathing_drone;late_bloom,saturated_saw_cluster,detune_cents=80.538;drift_cents=12.567;drive=7.450;folds=4;alias_percent=60.724;bits=7;hard_sync_percent=48.052;sample_hold_frames=3,3,0.9273219,-7.843621,-7.3196993,5.8196993,-1.5,-1.5,wav/02_montreal_bagpipe_parade__36_cappuccino_process.wav,2,288000,6.0,1727999,35.99997916666667,0.7465934,0.09643859,-20.314983,-1.4107537e-9,0,0,0.7465934,-20.312366,-5.338265e-9,0.6903694,-20.317602,2.5167575e-9,0.13613851,-17.320381
02-37,short_additive_synth,montreal_bagpipe_parade,tennis_match,ed5dc99260e3264e,09cb934e68f8f084,1,1;5;9,116.024269;143.606293;177.745285,sparse-hashed-13edo-gradual-drones-v14,short,3111450c6386c842,7.800923;4.647138;7.135042,3.405276;1.647304;2.921220,soft_drone;late_bloom;late_bloom,saturated_saw_cluster,detune_cents=79.767;drift_cents=19.490;drive=8.529;folds=3;alias_percent=71.073;bits=7;hard_sync_percent=67.581;sample_hold_frames=2,2,0.9560242,-10.268079,-7.8733497,6.3733497,-1.5,-1.5,wav/02_montreal_bagpipe_parade__37_tennis_match.wav,2,288000,6.0,1727999,35.99997916666667,0.69072,0.09759828,-20.211159,9.975281e-10,0,0,0.58280915,-20.169178,-1.7553207e-9,0.69072,-20.253546,3.750377e-9,0.13757226,-17.229383
02-38,short_additive_synth,montreal_bagpipe_parade,chainsaw_cycle,ed5dc99260e3264e,5c7feb9d452f2bef,5,5;9;0,143.606293;177.745285;110.000000,sparse-hashed-13edo-gradual-drones-v14,short,7b8a0a0739f8d4b2,6.815553;6.409895;5.962405,2.714034;2.472006;2.229978,soft_drone;breathing_drone;late_bloom,saturated_saw_cluster,detune_cents=60.193;drift_cents=23.822;drive=7.264;folds=4;alias_percent=73.695;bits=5;hard_sync_percent=59.271;sample_hold_frames=3,3,0.92686176,-7.854863,-6.999216,5.499216,-1.5,-1.5,wav/02_montreal_bagpipe_parade__38_chainsaw_cycle.wav,2,288000,6.0,1727999,35.99997916666667,0.6641323,0.097168766,-20.249466,-3.4585734e-9,0,0,0.5983921,-20.225325,-6.287298e-9,0.6641323,-20.273743,-6.2984923e-10,0.13521875,-17.379261
02-39,short_additive_synth,montreal_bagpipe_parade,near_foghorn,ed5dc99260e3264e,1d6af12c6225ab62,3,3;7;11,129.080658;159.766510;197.747208,sparse-hashed-13edo-gradual-drones-v14,short,64b4b49626c88f03,6.018906;6.460896;6.862030,2.259178;2.501206;2.743235,breathing_drone;soft_drone;broad_swell,saturated_saw_cluster,detune_cents=61.843;drift_cents=19.325;drive=8.685;folds=3;alias_percent=78.158;bits=7;hard_sync_percent=63.062;sample_hold_frames=3,2,0.9552751,-10.184184,-7.62546,6.12546,-1.5,-1.5000007,wav/02_montreal_bagpipe_parade__39_near_foghorn.wav,2,288000,6.0,1727999,35.99997916666667,0.5372919,0.097483255,-20.221401,1.10741425e-8,0,0,0.45846984,-20.16996,1.0802249e-8,0.5372919,-20.273457,1.1346036e-8,0.13983072,-17.087948
02-40,short_additive_synth,montreal_bagpipe_parade,barcelona_gate_pa,ed5dc99260e3264e,e28efd5cee017776,2,2;6;10,122.378456;151.471039;187.479691,sparse-hashed-13edo-gradual-drones-v14,short,be4304f346aa61af,7.298662;7.632048;4.290492,3.033376;3.275403;1.517432,late_bloom;breathing_drone;soft_drone,saturated_saw_cluster,detune_cents=65.551;drift_cents=15.226;drive=9.217;folds=3;alias_percent=76.268;bits=7;hard_sync_percent=53.146;sample_hold_frames=4,2,0.95278835,-9.93835,-16.301474,14.801474,-1.5,-1.5,wav/02_montreal_bagpipe_parade__40_barcelona_gate_pa.wav,2,288000,6.0,1727999,35.99997916666667,0.55368465,0.097629406,-20.208387,-4.345962e-9,0,0,0.5461385,-20.202595,-9.1739105e-9,0.55368465,-20.214188,4.8198645e-10,0.13802226,-17.201017
02-41,short_additive_synth,montreal_bagpipe_parade,delhi_subway_cycle,ed5dc99260e3264e,3187a582eafedd91,12,12;3;7,208.577057;129.080658;159.766510,sparse-hashed-13edo-gradual-drones-v14,short,29accbb6a7b8249a,7.584180;7.246951;6.881315,3.239500;2.997471;2.755443,breathing_drone;late_bloom;broad_swell,saturated_saw_cluster,detune_cents=82.090;drift_cents=22.768;drive=9.839;folds=4;alias_percent=61.810;bits=5;hard_sync_percent=64.851;sample_hold_frames=2,3,0.92392,-7.6700873,-10.195356,8.695356,-1.5,-1.5000012,wav/02_montreal_bagpipe_parade__41_delhi_subway_cycle.wav,2,288000,6.0,1727999,35.99997916666667,0.563791,0.09823764,-20.15444,-4.7416893e-9,0,0,0.563791,-20.168295,-5.9454677e-9,0.48829788,-20.14063,-3.5379109e-9,0.14152235,-16.9835
02-42,short_additive_synth,montreal_bagpipe_parade,hockey_goal,ed5dc99260e3264e,7338d14d9c7d0103,8,8;12;3,168.516296;208.577057;129.080658,sparse-hashed-13edo-gradual-drones-v14,short,921c4e138515f461,5.478249;5.975597;4.271116,1.994733;2.236762;1.510677,soft_drone;broad_swell;late_bloom,inharmonic_fm,detune_cents=44.552;feedback=0.498;crossfeedback_percent=8.000;index=8.562->3.481;clean_percent=45.000;raw_fm_percent=40.000;parallel_ruin_percent=15.000;phase_drift_radians=0.080;drive=3.046;folds=2,2,0.9574266,-10.4219,-8.928947,7.4289474,-1.5,-1.5,wav/02_montreal_bagpipe_parade__42_hockey_goal.wav,2,288000,6.0,1727999,35.99997916666667,0.65106225,0.09780361,-20.192902,-1.7899408e-9,0,0,0.62948227,-20.187626,2.176822e-9,0.65106225,-20.198189,-5.7567036e-9,0.1381244,-17.194592
02-43,short_additive_synth,montreal_bagpipe_parade,ambulance_siren,ed5dc99260e3264e,f8af2f1a4cb0c701,4,4;8;12,136.149902;168.516296;208.577057,sparse-hashed-13edo-gradual-drones-v14,short,25b226681726e828,5.941837;6.391345;4.873359,2.219442;2.461470;1.735385,soft_drone;broad_swell;broad_swell,saturated_saw_cluster,detune_cents=69.448;drift_cents=19.047;drive=8.650;folds=3;alias_percent=75.555;bits=6;hard_sync_percent=52.044;sample_hold_frames=3,2,0.9529704,-9.9644785,-15.578652,14.078652,-1.5,-1.5,wav/02_montreal_bagpipe_parade__43_ambulance_siren.wav,2,288000,6.0,1727999,35.99997916666667,0.5197235,0.0984261,-20.137794,5.1122073e-10,0,0,0.5197235,-20.146881,3.0903173e-9,0.48044762,-20.128727,-2.0678759e-9,0.14157638,-16.980185
02-44,short_additive_synth,montreal_bagpipe_parade,woodshop_process,ed5dc99260e3264e,8e1e1d890ae5881a,12,12;3;7,208.577057;129.080658;159.766510,sparse-hashed-13edo-gradual-drones-v14,short,877f57c553b2e95c,5.700250;6.174116;6.601328,2.099350;2.341378;2.583407,broad_swell;late_bloom;breathing_drone,saturated_saw_cluster,detune_cents=72.235;drift_cents=15.762;drive=7.597;folds=3;alias_percent=61.481;bits=5;hard_sync_percent=63.659;sample_hold_frames=2,2,0.9551334,-10.173718,-3.925417,2.425417,-1.5,-1.5,wav/02_montreal_bagpipe_parade__44_woodshop_process.wav,2,288000,6.0,1727999,35.99997916666667,0.7068204,0.09674361,-20.287554,-3.6364434e-9,0,0,0.7068204,-20.30375,-5.8682113e-9,0.6686183,-20.271418,-1.4046755e-9,0.1370774,-17.260683
02-45,short_additive_synth,montreal_bagpipe_parade,tractor_turning_hay,ed5dc99260e3264e,241aba059f6c939a,4,4;8;12,136.149902;168.516296;208.577057,sparse-hashed-13edo-gradual-drones-v14,short,3eb208647229c7ec,5.164186;5.696634;6.170875,1.855575;2.097604;2.339632,breathing_drone;soft_drone;broad_swell,inharmonic_fm,detune_cents=31.291;feedback=0.461;crossfeedback_percent=8.000;index=8.403->2.705;clean_percent=45.000;raw_fm_percent=40.000;parallel_ruin_percent=15.000;phase_drift_radians=0.080;drive=2.433;folds=2,2,0.9561514,-10.268735,-14.247681,12.747681,-1.5,-1.5,wav/02_montreal_bagpipe_parade__45_tractor_turning_hay.wav,2,288000,6.0,1727999,35.99997916666667,0.44752914,0.09845673,-20.135094,-4.757542e-9,0,0,0.42239115,-20.139927,-4.250202e-9,0.44752914,-20.13026,-5.264882e-9,0.13883854,-17.1498
02-46,short_additive_synth,montreal_bagpipe_parade,hail_thunder,ed5dc99260e3264e,8ca435fa8014940b,10,10;1;5,187.479691;116.024269;143.606293,sparse-hashed-13edo-gradual-drones-v14,short,45c49b425616ea2c,6.509825;6.906664;7.270258,2.529545;2.771574;3.013602,breathing_drone;soft_drone;broad_swell,modal_noise_resonator,detune_cents=42.649;mode_disorder_percent=4.656;resonated_noise_percent=17.172;clean_percent=60.000;parallel_ruin_percent=22.828;drive=4.387;folds=1,2,0.95371246,-10.046225,-15.315849,13.815849,-1.5,-1.5000012,wav/02_montreal_bagpipe_parade__46_hail_thunder.wav,2,288000,6.0,1727999,35.99997916666667,0.53268075,0.09792242,-20.182358,8.95651e-9,0,0,0.50497156,-20.19355,1.07197335e-8,0.53268075,-20.171192,7.193287e-9,0.13846129,-17.173431
02-47,short_additive_synth,montreal_bagpipe_parade,marielle_protest,ed5dc99260e3264e,b99f4919a8dffbad,3,3;7;11,129.080658;159.766510;197.747208,sparse-hashed-13edo-gradual-drones-v14,short,3b3bdc4ce5c1f3ce,7.594370;7.257962;6.893293,3.247109;3.005081;2.763053,breathing_drone;late_bloom;broad_swell,saturated_saw_cluster,detune_cents=76.612;drift_cents=21.501;drive=7.965;folds=4;alias_percent=68.575;bits=7;hard_sync_percent=49.197;sample_hold_frames=4,3,0.9316708,-8.167935,-3.8234398,2.3234398,-1.5,-1.4999987,wav/02_montreal_bagpipe_parade__47_marielle_protest.wav,2,288000,6.0,1727999,35.99997916666667,0.57542425,0.09835293,-20.144253,3.2382228e-9,0,0,0.5077383,-20.13533,5.859647e-9,0.57542425,-20.153194,6.1679856e-10,0.139995,-17.07775
02-48,short_additive_synth,montreal_bagpipe_parade,hair_salon_tools,ed5dc99260e3264e,91febc7e6d506cc8,4,4;8;12,136.149902;168.516296;208.577057,sparse-hashed-13edo-gradual-drones-v14,short,41763b22a4d50e71,6.001070;6.444789;4.948971,2.249920;2.491948;1.765863,late_bloom;breathing_drone;soft_drone,saturated_saw_cluster,detune_cents=74.544;drift_cents=19.408;drive=8.544;folds=3;alias_percent=74.518;bits=7;hard_sync_percent=46.582;sample_hold_frames=4,2,0.95287776,-9.944856,-5.226686,3.726686,-1.5,-1.4999995,wav/02_montreal_bagpipe_parade__48_hair_salon_tools.wav,2,288000,6.0,1727999,35.99997916666667,0.5736536,0.09827273,-20.151339,-1.0122093e-9,0,0,0.5619801,-20.153828,-1.7726428e-9,0.5736536,-20.148851,-2.5177574e-10,0.13908218,-17.13457
03-25,short_additive_synth,taiko_drummers,thunder_mountain,b50a7d99fc25511f,4e2a8e922a968e95,10,10;1;5,187.479691;116.024269;143.606293,sparse-hashed-13edo-gradual-drones-v14,short,721727fc5b2ae90b,7.254336;6.889349;6.490849,3.002573;2.760545;2.518517,breathing_drone;late_bloom;broad_swell,saturated_saw_cluster,detune_cents=78.905;drift_cents=21.208;drive=7.891;folds=4;alias_percent=68.085;bits=5;hard_sync_percent=46.140;sample_hold_frames=4,3,0.9176635,-7.285361,-7.729769,6.229769,-1.5,-1.5000012,wav/03_taiko_drummers__25_thunder_mountain.wav,2,288000,6.0,1727999,35.99997916666667,0.5702193,0.098015875,-20.174072,2.0663395e-9,0,0,0.5702193,-20.194881,3.2419054e-9,0.5040728,-20.15336,8.9077373e-10,0.14112705,-17.007793
03-26,short_additive_synth,taiko_drummers,inside_car_wash,b50a7d99fc25511f,903a06c594b2e6cb,0,0;4;8,110.000000;136.149902;168.516296,sparse-hashed-13edo-gradual-drones-v14,short,53d60f115a6578cd,6.848310;6.445846;7.556122,2.734582;2.492554;3.218638,broad_swell;soft_drone;breathing_drone,saturated_saw_cluster,detune_cents=58.780;drift_cents=13.043;drive=9.126;folds=4;alias_percent=66.127;bits=5;hard_sync_percent=63.317;sample_hold_frames=4,3,0.9183241,-7.3318925,-12.379906,10.879906,-1.5,-1.5000007,wav/03_taiko_drummers__26_inside_car_wash.wav,2,288000,6.0,1727999,35.99997916666667,0.7385165,0.09646004,-20.313051,4.908978e-9,0,0,0.71910757,-20.278599,6.7213897e-9,0.7385165,-20.347778,3.0965661e-9,0.13588929,-17.336296
03-27,short_additive_synth,taiko_drummers,peru_new_year_fireworks,b50a7d99fc25511f,83317dd5c74822ca,9,9;0;4,177.745285;110.000000;136.149902,sparse-hashed-13edo-gradual-drones-v14,short,e681ec229cda233c,7.485104;7.804984;4.655528,3.166434;3.408462;1.650490,breathing_drone;soft_drone;broad_swell,inharmonic_fm,detune_cents=33.663;feedback=0.373;crossfeedback_percent=8.000;index=6.176->3.606;clean_percent=45.000;raw_fm_percent=40.000;parallel_ruin_percent=15.000;phase_drift_radians=0.080;drive=2.760;folds=2,2,0.9903023,-17.03974,-20.473484,18.973484,-1.5,-1.5000012,wav/03_taiko_drummers__27_peru_new_year_fireworks.wav,2,288000,6.0,1727999,35.99997916666667,0.5100543,0.09837568,-20.142246,-1.5989488e-11,0,0,0.46596122,-20.14074,-6.1179534e-10,0.5100543,-20.143753,5.7981636e-10,0.14039077,-17.053228
03-28,short_additive_synth,taiko_drummers,efteling_steam_train,b50a7d99fc25511f,9a412959184abdf9,12,12;3;7,208.577057;129.080658;159.766510,sparse-hashed-13edo-gradual-drones-v14,short,7ec284699db628f1,5.247501;4.652893;6.237084,1.891517;1.649489;2.375573,soft_drone;breathing_drone;late_bloom,saturated_saw_cluster,detune_cents=57.773;drift_cents=19.410;drive=7.915;folds=4;alias_percent=69.809;bits=5;hard_sync_percent=54.433;sample_hold_frames=2,3,0.92631483,-7.808076,-14.601069,13.101069,-1.5,-1.5,wav/03_taiko_drummers__28_efteling_steam_train.wav,2,288000,6.0,1727999,35.99997916666667,0.53955615,0.09839136,-20.14086,2.6344371e-9,0,0,0.52391165,-20.143044,9.33052e-10,0.53955615,-20.13868,4.3358224e-9,0.13338467,-17.49788
03-29,short_additive_synth,taiko_drummers,helicopter_takeoff,b50a7d99fc25511f,4534148b4903c233,4,4;8;12,136.149902;168.516296;208.577057,sparse-hashed-13edo-gradual-drones-v14,short,51a35a494d060083,7.416753;7.065721;4.523438,3.116990;2.874961;1.601046,soft_drone;breathing_drone;late_bloom,modal_noise_resonator,detune_cents=45.095;mode_disorder_percent=3.030;resonated_noise_percent=17.505;clean_percent=60.000;parallel_ruin_percent=22.495;drive=4.847;folds=2,3,0.9264422,-7.779357,-7.6430674,6.1430674,-1.5,-1.5,wav/03_taiko_drummers__29_helicopter_takeoff.wav,2,288000,6.0,1727999,35.99997916666667,0.53679943,0.0981332,-20.163681,1.6688888e-9,0,0,0.5346697,-20.161474,5.83954e-10,0.53679943,-20.16589,2.7538236e-9,0.13777034,-17.216885
03-30,short_additive_synth,taiko_drummers,scuba_bubbles,b50a7d99fc25511f,d2eaf6d35c117589,12,12;3;7,208.577057;129.080658;159.766510,sparse-hashed-13edo-gradual-drones-v14,short,8b3822430c54a46a,5.646747;6.126175;6.557900,2.073646;2.315674;2.557703,breathing_drone;soft_drone;broad_swell,inharmonic_fm,detune_cents=40.931;feedback=0.536;crossfeedback_percent=8.000;index=8.241->2.698;clean_percent=45.000;raw_fm_percent=40.000;parallel_ruin_percent=15.000;phase_drift_radians=0.080;drive=2.573;folds=2,2,0.9719524,-12.327537,-19.483702,17.983702,-1.5,-1.4999995,wav/03_taiko_drummers__30_scuba_bubbles.wav,2,288000,6.0,1727999,35.99997916666667,0.5402221,0.098288715,-20.149927,-2.368529e-10,0,0,0.4854793,-20.155891,-5.171753e-10,0.5402221,-20.143969,4.346948e-11,0.1392785,-17.122318
03-31,short_additive_synth,taiko_drummers,building_demolition,b50a7d99fc25511f,d502a0866ac3b927,6,6;10;1,151.471039;187.479691;116.024269,sparse-hashed-13edo-gradual-drones-v14,short,259ae1ff729858db,6.249423;6.669635;5.262993,2.382332;2.624361;1.898276,breathing_drone;soft_drone;broad_swell,modal_noise_resonator,detune_cents=43.246;mode_disorder_percent=3.608;resonated_noise_percent=10.877;clean_percent=60.000;parallel_ruin_percent=29.123;drive=3.952;folds=1,2,0.977886,-13.40071,-11.156978,9.656978,-1.5,-1.4999995,wav/03_taiko_drummers__31_building_demolition.wav,2,288000,6.0,1727999,35.99997916666667,0.5223707,0.09843877,-20.136677,1.9956983e-9,0,0,0.5223707,-20.143776,2.0265567e-9,0.46383554,-20.129587,1.9648396e-9,0.13945824,-17.111116
03-32,short_additive_synth,taiko_drummers,finnish_blacksmith,b50a7d99fc25511f,8828c2d1c0ff4488,10,10;1;5,187.479691;116.024269;143.606293,sparse-hashed-13edo-gradual-drones-v14,short,b96fe47851235a13,5.669413;5.133401;6.576286,2.084497;1.842469;2.568553,breathing_drone;late_bloom;broad_swell,inharmonic_fm,detune_cents=29.250;feedback=0.489;crossfeedback_percent=8.000;index=6.519->3.858;clean_percent=45.000;raw_fm_percent=40.000;parallel_ruin_percent=15.000;phase_drift_radians=0.080;drive=2.696;folds=3,3,0.9395638,-8.758941,-8.9263,7.4263,-1.5,-1.5,wav/03_taiko_drummers__32_finnish_blacksmith.wav,2,288000,6.0,1727999,35.99997916666667,0.6606781,0.0980864,-20.167824,2.6611984e-9,0,0,0.5060236,-20.155428,-2.1757287e-9,0.6606781,-20.180256,7.498126e-9,0.13923626,-17.124954
03-33,short_additive_synth,taiko_drummers,cattle_auction,b50a7d99fc25511f,63aeff78df8557af,11,11;2;6,197.747208;122.378456;151.471039,sparse-hashed-13edo-gradual-drones-v14,short,b9d6d10177e6cfa4,5.143990;4.533983;6.154865,1.846966;1.604938;2.331023,late_bloom;broad_swell;soft_drone,saturated_saw_cluster,detune_cents=72.492;drift_cents=19.333;drive=7.699;folds=4;alias_percent=75.302;bits=7;hard_sync_percent=53.916;sample_hold_frames=4,3,0.93264633,-8.219828,-12.055287,10.555287,-1.5,-1.5000007,wav/03_taiko_drummers__33_cattle_auction.wav,2,288000,6.0,1727999,35.99997916666667,0.55223393,0.09817832,-20.159687,2.1902715e-9,0,0,0.5087892,-20.156738,4.768921e-9,0.55223393,-20.16264,-3.8837777e-10,0.14286025,-16.901772
03-34,short_additive_synth,taiko_drummers,ferry_alarm,b50a7d99fc25511f,63fa0671c3c8b3fd,2,2;6;10,122.378456;151.471039;187.479691,sparse-hashed-13edo-gradual-drones-v14,short,ba99491fe2727bd2,5.421021;5.924598;7.900886,1.968621;2.210649;3.484565,late_bloom;breathing_drone;soft_drone,modal_noise_resonator,detune_cents=49.138;mode_disorder_percent=4.807;resonated_noise_percent=10.830;clean_percent=60.000;parallel_ruin_percent=29.170;drive=5.175;folds=1,2,0.9894206,-16.676489,-13.900896,12.400896,-1.5,-1.5000007,wav/03_taiko_drummers__34_ferry_alarm.wav,2,288000,6.0,1727999,35.99997916666667,0.6984302,0.09707185,-20.258133,-1.1632079e-9,0,0,0.5523028,-20.195417,-3.2641134e-9,0.6984302,-20.32177,9.376977e-10,0.13534263,-17.371307
03-35,short_additive_synth,taiko_drummers,flooded_mine,b50a7d99fc25511f,5ef5719090cb3c3e,11,11;2;6,197.747208;122.378456;151.471039,sparse-hashed-13edo-gradual-drones-v14,short,d5c12a9508bd929e,7.907073;4.863778;7.258533,3.489533;1.731561;3.005477,broad_swell;late_bloom;breathing_drone,saturated_saw_cluster,detune_cents=83.612;drift_cents=21.393;drive=9.236;folds=3;alias_percent=66.894;bits=5;hard_sync_percent=56.808;sample_hold_frames=2,2,0.9889405,-16.481142,-17.613066,16.113066,-1.5,-1.5,wav/03_taiko_drummers__35_flooded_mine.wav,2,288000,6.0,1727999,35.99997916666667,0.6644771,0.09773644,-20.19887,3.581312e-9,0,0,0.57242715,-20.183792,1.6367719e-9,0.6644771,-20.214,5.5258518e-9,0.13805532,-17.198936
03-36,short_additive_synth,taiko_drummers,cappuccino_process,b50a7d99fc25511f,c9cb796a64de33e2,6,6;10;1,151.471039;187.479691;116.024269,sparse-hashed-13edo-gradual-drones-v14,short,736dff0feef07290,6.057799;6.496040;6.894085,2.279501;2.521530;2.763558,breathing_drone;soft_drone;broad_swell,saturated_saw_cluster,detune_cents=80.534;drift_cents=16.607;drive=9.286;folds=3;alias_percent=61.643;bits=7;hard_sync_percent=61.673;sample_hold_frames=3,2,0.96706855,-11.595361,-13.830787,12.330787,-1.5,-1.5,wav/03_taiko_drummers__36_cappuccino_process.wav,2,288000,6.0,1727999,35.99997916666667,0.7567986,0.09600249,-20.35435,4.991008e-9,0,0,0.7567986,-20.376932,-2.2850932e-10,0.74285054,-20.331886,1.0210526e-8,0.13606006,-17.325386
03-37,short_additive_synth,taiko_drummers,tennis_match,b50a7d99fc25511f,09cb934e68f8f084,4,4;8;12,136.149902;168.516296;208.577057,sparse-hashed-13edo-gradual-drones-v14,short,02175c049d5ca3ca,7.449537;7.101253;4.587036,3.140608;2.898580;1.624664,soft_drone;breathing_drone;late_bloom,modal_noise_resonator,detune_cents=47.205;mode_disorder_percent=3.431;resonated_noise_percent=16.287;clean_percent=60.000;parallel_ruin_percent=23.713;drive=4.999;folds=2,3,0.9192467,-7.3270125,-8.865946,7.365946,-1.5,-1.5,wav/03_taiko_drummers__37_tennis_match.wav,2,288000,6.0,1727999,35.99997916666667,0.61387557,0.09779006,-20.194107,-4.752907e-9,0,0,0.61387557,-20.181799,7.3603e-10,0.5768725,-20.206448,-1.0241844e-8,0.13884978,-17.149096
03-38,short_additive_synth,taiko_drummers,chainsaw_cycle,b50a7d99fc25511f,5c7feb9d452f2bef,3,3;7;11,129.080658;159.766510;197.747208,sparse-hashed-13edo-gradual-drones-v14,short,c0fd2334fe6a7f3a,4.705278;7.829145;7.511107,1.669505;3.427477;3.185449,soft_drone;breathing_drone;late_bloom,modal_noise_resonator,detune_cents=43.027;mode_disorder_percent=4.632;resonated_noise_percent=17.944;clean_percent=60.000;parallel_ruin_percent=22.056;drive=4.811;folds=2,3,0.91871595,-7.3541093,-3.3786356,1.8786356,-1.5,-1.5,wav/03_taiko_drummers__38_chainsaw_cycle.wav,2,288000,6.0,1727999,35.99997916666667,0.6190985,0.09655499,-20.304506,1.235917e-8,0,0,0.6057197,-20.304832,8.641657e-9,0.6190985,-20.30418,1.6076683e-8,0.12711841,-17.91583
03-39,short_additive_synth,taiko_drummers,near_foghorn,b50a7d99fc25511f,1d6af12c6225ab62,2,2;6;10,122.378456;151.471039;187.479691,sparse-hashed-13edo-gradual-drones-v14,short,80ab6ca74149104b,4.995319;4.362444;6.037488,1.784810;1.542781;2.268866,late_bloom;broad_swell;soft_drone,inharmonic_fm,detune_cents=46.918;feedback=0.387;crossfeedback_percent=8.000;index=7.892->3.974;clean_percent=45.000;raw_fm_percent=40.000;parallel_ruin_percent=15.000;phase_drift_radians=0.080;drive=2.624;folds=3,3,0.9206626,-7.462636,-12.533116,11.033116,-1.5,-1.5,wav/03_taiko_drummers__39_near_foghorn.wav,2,288000,6.0,1727999,35.99997916666667,0.56950283,0.097276,-20.239885,-2.768575e-8,0,0,0.49548712,-20.22388,4.7645643e-9,0.56950283,-20.25595,-6.013607e-8,0.13281006,-17.535381
03-40,short_additive_synth,taiko_drummers,barcelona_gate_pa,b50a7d99fc25511f,e28efd5cee017776,3,3;7;11,129.080658;159.766510;197.747208,sparse-hashed-13edo-gradual-drones-v14,short,63cc0cbc5d6e49c7,4.449753;5.070890;7.379062,1.574111;1.816139;3.090055,soft_drone;broad_swell;late_bloom,saturated_saw_cluster,detune_cents=73.235;drift_cents=14.553;drive=9.049;folds=3;alias_percent=70.314;bits=6;hard_sync_percent=55.302;sample_hold_frames=3,2,0.9665381,-11.5080185,-5.4558907,3.9558907,-1.5,-1.4999995,wav/03_taiko_drummers__40_barcelona_gate_pa.wav,2,288000,6.0,1727999,35.99997916666667,0.5278431,0.09823216,-20.154926,1.0073894e-9,0,0,0.5278431,-20.165398,1.2895657e-9,0.4722942,-20.144482,7.2521317e-10,0.13892853,-17.14417
03-41,short_additive_synth,taiko_drummers,delhi_subway_cycle,b50a7d99fc25511f,3187a582eafedd91,9,9;0;4,177.745285;110.000000;136.149902,sparse-hashed-13edo-gradual-drones-v14,short,3c8f017ec260a972,7.146493;6.771922;7.810749,2.928932;2.686904;3.412989,late_bloom;broad_swell;soft_drone,saturated_saw_cluster,detune_cents=68.927;drift_cents=19.529;drive=8.994;folds=4;alias_percent=68.529;bits=5;hard_sync_percent=47.285;sample_hold_frames=2,3,0.92569536,-7.783287,-15.49219,13.99219,-1.5,-1.5000007,wav/03_taiko_drummers__41_delhi_subway_cycle.wav,2,288000,6.0,1727999,35.99997916666667,0.61831385,0.09795794,-20.179207,4.678641e-10,0,0,0.61831385,-20.20072,-2.0391338e-9,0.59326166,-20.157803,2.974862e-9,0.1368224,-17.276855
03-42,short_additive_synth,taiko_drummers,hockey_goal,b50a7d99fc25511f,7338d14d9c7d0103,2,2;6;10,122.378456;151.471039;187.479691,sparse-hashed-13edo-gradual-drones-v14,short,4bbf631ec89533e9,6.040393;6.480309;4.999012,2.270384;2.512412;1.786328,breathing_drone;soft_drone;broad_swell,modal_noise_resonator,detune_cents=52.387;mode_disorder_percent=4.520;resonated_noise_percent=17.344;clean_percent=60.000;parallel_ruin_percent=22.656;drive=4.087;folds=1,2,0.99060243,-17.200233,-19.351723,17.851723,-1.5,-1.4999995,wav/03_taiko_drummers__42_hockey_goal.wav,2,288000,6.0,1727999,35.99997916666667,0.5743825,0.098076224,-20.168724,1.4103196e-9,0,0,0.5546394,-20.158829,1.4549922e-9,0.5743825,-20.178644,1.3656472e-9,0.13976601,-17.091969
03-43,short_additive_synth,taiko_drummers,ambulance_siren,b50a7d99fc25511f,f8af2f1a4cb0c701,5,5;9;0,143.606293;177.745285;110.000000,sparse-hashed-13edo-gradual-drones-v14,short,048dd63e188dac60,6.976911;7.334905;6.158010,2.816768;3.058796;2.332711,soft_drone;broad_swell;late_bloom,saturated_saw_cluster,detune_cents=67.100;drift_cents=17.411;drive=8.206;folds=3;alias_percent=65.113;bits=7;hard_sync_percent=69.695;sample_hold_frames=3,2,0.990703,-17.246006,-17.252672,15.752672,-1.5,-1.4999995,wav/03_taiko_drummers__43_ambulance_siren.wav,2,288000,6.0,1727999,35.99997916666667,0.5061228,0.09853406,-20.128271,4.622775e-9,0,0,0.5061228,-20.134813,7.797013e-9,0.44639266,-20.121738,1.448537e-9,0.13820338,-17.189627
03-44,short_additive_synth,taiko_drummers,woodshop_process,b50a7d99fc25511f,8e1e1d890ae5881a,3,3;7;11,129.080658;159.766510;197.747208,sparse-hashed-13edo-gradual-drones-v14,short,5c2d5f81233d0374,7.106176;7.454081;6.313622,2.901867;3.143895;2.417811,breathing_drone;soft_drone;broad_swell,inharmonic_fm,detune_cents=33.492;feedback=0.419;crossfeedback_percent=8.000;index=8.113->2.594;clean_percent=45.000;raw_fm_percent=40.000;parallel_ruin_percent=15.000;phase_drift_radians=0.080;drive=2.908;folds=2,2,0.9605341,-10.763301,-11.75488,10.25488,-1.5,-1.4999981,wav/03_taiko_drummers__44_woodshop_process.wav,2,288000,6.0,1727999,35.99997916666667,0.6560852,0.09678956,-20.28343,-4.891456e-9,0,0,0.64922374,-20.306133,-7.132629e-9,0.6560852,-20.260841,-2.6502829e-9,0.13822012,-17.188576
03-45,short_additive_synth,taiko_drummers,tractor_turning_hay,b50a7d99fc25511f,241aba059f6c939a,8,8;12;3,168.516296;208.577057;129.080658,sparse-hashed-13edo-gradual-drones-v14,short,d0bc824595449bd4,6.730309;6.316214;7.456072,2.661282;2.419253;3.145338,late_bloom;broad_swell;soft_drone,inharmonic_fm,detune_cents=35.236;feedback=0.415;crossfeedback_percent=8.000;index=8.138->3.189;clean_percent=45.000;raw_fm_percent=40.000;parallel_ruin_percent=15.000;phase_drift_radians=0.080;drive=3.087;folds=3,3,0.92623675,-7.7840805,-15.14044,13.64044,-1.5,-1.5000012,wav/03_taiko_drummers__45_tractor_turning_hay.wav,2,288000,6.0,1727999,35.99997916666667,0.51853293,0.09812724,-20.164207,-1.6346504e-9,0,0,0.51853293,-20.16256,-6.650865e-10,0.50982046,-20.16586,-2.6042144e-9,0.14256646,-16.919653
03-46,short_additive_synth,taiko_drummers,hail_thunder,b50a7d99fc25511f,8ca435fa8014940b,3,3;7;11,129.080658;159.766510;197.747208,sparse-hashed-13edo-gradual-drones-v14,short,c29cdc6b0fb305f4,6.819832;7.190464;5.967612,2.716709;2.958737;2.232653,broad_swell;late_bloom;late_bloom,modal_noise_resonator,detune_cents=46.489;mode_disorder_percent=4.183;resonated_noise_percent=16.881;clean_percent=60.000;parallel_ruin_percent=23.119;drive=4.133;folds=1,2,0.990251,-17.033567,-12.747339,11.247339,-1.5,-1.4999995,wav/03_taiko_drummers__46_hail_thunder.wav,2,288000,6.0,1727999,35.99997916666667,0.53174657,0.09825369,-20.153023,-2.6529037e-9,0,0,0.4631223,-20.156105,-1.1558419e-9,0.53174657,-20.149944,-4.1499657e-9,0.13962129,-17.100967
03-47,short_additive_synth,taiko_drummers,marielle_protest,b50a7d99fc25511f,b99f4919a8dffbad,0,0;4;8,110.000000;136.149902;168.516296,sparse-hashed-13edo-gradual-drones-v14,short,22bcea23900e35a6,5.385803;5.893250;7.881024,1.952722;2.194750;3.468666,soft_drone;broad_swell;late_bloom,modal_noise_resonator,detune_cents=43.342;mode_disorder_percent=3.174;resonated_noise_percent=11.811;clean_percent=60.000;parallel_ruin_percent=28.189;drive=5.061;folds=1,2,0.9788282,-13.590642,-14.791532,13.291532,-1.5,-1.4999987,wav/03_taiko_drummers__47_marielle_protest.wav,2,288000,6.0,1727999,35.99997916666667,0.60432756,0.09817372,-20.160095,7.925105e-11,0,0,0.5952277,-20.14491,-1.3044641e-9,0.60432756,-20.175331,1.4629662e-9,0.13842243,-17.17587
03-48,short_additive_synth,taiko_drummers,hair_salon_tools,b50a7d99fc25511f,91febc7e6d506cc8,8,8;12;3,168.516296;208.577057;129.080658,sparse-hashed-13edo-gradual-drones-v14,short,faf374a93f861ac9,5.768641;6.235489;4.650595,2.132672;2.374700;1.648616,breathing_drone;soft_drone;broad_swell,saturated_saw_cluster,detune_cents=83.339;drift_cents=18.673;drive=7.079;folds=3;alias_percent=75.613;bits=5;hard_sync_percent=69.840;sample_hold_frames=2,2,0.99094737,-17.36275,-17.233982,15.733982,-1.5,-1.5,wav/03_taiko_drummers__48_hair_salon_tools.wav,2,288000,6.0,1727999,35.99997916666667,0.5634413,0.09825547,-20.152864,-2.8080716e-10,0,0,0.53288144,-20.155008,-8.4715135e-10,0.5634413,-20.150723,2.85537e-10,0.13835154,-17.18032
04-25,short_additive_synth,tabla_percussion,thunder_mountain,82c374aa0a0a9127,4e2a8e922a968e95,11,11;2;6,197.747208;122.378456;151.471039,sparse-hashed-13edo-gradual-drones-v14,short,c23b11d85dfae4ed,5.578983;6.065544;6.503043,2.041542;2.283570;2.525599,breathing_drone;soft_drone;broad_swell,inharmonic_fm,detune_cents=40.005;feedback=0.394;crossfeedback_percent=8.000;index=8.197->3.460;clean_percent=45.000;raw_fm_percent=40.000;parallel_ruin_percent=15.000;phase_drift_radians=0.080;drive=2.615;folds=2,2,0.94716907,-9.409555,-11.579792,10.079792,-1.5,-1.5000019,wav/04_tabla_percussion__25_thunder_mountain.wav,2,288000,6.0,1727999,35.99997916666667,0.5443404,0.09815002,-20.162191,-1.0013227e-9,0,0,0.5443404,-20.170286,-1.4972179e-9,0.46200603,-20.154112,-5.054274e-10,0.14017548,-17.066559
04-26,short_additive_synth,tabla_percussion,inside_car_wash,82c374aa0a0a9127,903a06c594b2e6cb,11,11;2;6,197.747208;122.378456;151.471039,sparse-hashed-13edo-gradual-drones-v14,short,0a347e597d320f37,7.797436;4.639927;5.236197,3.402543;1.644571;1.886599,late_bloom;breathing_drone;soft_drone,inharmonic_fm,detune_cents=46.634;feedback=0.390;crossfeedback_percent=8.000;index=7.598->2.591;clean_percent=45.000;raw_fm_percent=40.000;parallel_ruin_percent=15.000;phase_drift_radians=0.080;drive=2.362;folds=2,2,0.9481748,-9.470758,-12.763027,11.263027,-1.5,-1.5,wav/04_tabla_percussion__26_inside_car_wash.wav,2,288000,6.0,1727999,35.99997916666667,0.7850829,0.09605963,-20.349182,-4.4797552e-9,0,0,0.7272431,-20.283978,-3.713925e-9,0.7850829,-20.41538,-5.2455857e-9,0.13606672,-17.32496
04-27,short_additive_synth,tabla_percussion,peru_new_year_fireworks,82c374aa0a0a9127,83317dd5c74822ca,0,0;4;8,110.000000;136.149902;168.516296,sparse-hashed-13edo-gradual-drones-v14,short,f20c6f944f460656,6.594894;6.984371;5.692332,2.579583;2.821611;2.095527,late_bloom;breathing_drone;soft_drone,saturated_saw_cluster,detune_cents=79.584;drift_cents=23.408;drive=9.740;folds=3;alias_percent=67.219;bits=5;hard_sync_percent=58.843;sample_hold_frames=4,2,0.945401,-9.26942,-12.597407,11.097407,-1.5,-1.5,wav/04_tabla_percussion__27_peru_new_year_fireworks.wav,2,288000,6.0,1727999,35.99997916666667,0.5168213,0.0982394,-20.154285,-1.4809736e-9,0,0,0.5030719,-20.155535,-3.861891e-9,0.5168213,-20.153038,8.999438e-10,0.13854624,-17.168104
04-28,short_additive_synth,tabla_percussion,efteling_steam_train,82c374aa0a0a9127,9a412959184abdf9,0,0;4;8,110.000000;136.149902;168.516296,sparse-hashed-13edo-gradual-drones-v14,short,c3698fa2f81d8603,6.626520;6.201904;5.731228,2.598436;2.356407;2.114379,breathing_drone;late_bloom;broad_swell,saturated_saw_cluster,detune_cents=62.646;drift_cents=21.206;drive=7.694;folds=4;alias_percent=67.851;bits=7;hard_sync_percent=67.485;sample_hold_frames=4,3,0.95287156,-9.943231,-23.169596,21.669596,-1.5,-1.5000019,wav/04_tabla_percussion__28_efteling_steam_train.wav,2,288000,6.0,1727999,35.99997916666667,0.49474305,0.09838255,-20.14164,-2.905416e-9,0,0,0.4711893,-20.141785,-2.9643243e-9,0.49474305,-20.14149,-2.8465077e-9,0.14404301,-16.830156
04-29,short_additive_synth,tabla_percussion,helicopter_takeoff,82c374aa0a0a9127,4534148b4903c233,10,10;1;5,187.479691;116.024269;143.606293,sparse-hashed-13edo-gradual-drones-v14,short,7ebddb35c5f487b1,7.812955;4.671974;7.149065,3.414723;1.656751;2.930667,breathing_drone;soft_drone;broad_swell,saturated_saw_cluster,detune_cents=57.098;drift_cents=14.053;drive=7.170;folds=3;alias_percent=66.087;bits=5;hard_sync_percent=65.192;sample_hold_frames=2,2,0.9467798,-9.444464,-14.689625,13.189625,-1.5,-1.5000007,wav/04_tabla_percussion__29_helicopter_takeoff.wav,2,288000,6.0,1727999,35.99997916666667,0.58869934,0.09825135,-20.153229,2.508247e-10,0,0,0.50321776,-20.146534,7.956458e-10,0.58869934,-20.159933,-2.939964e-10,0.14301099,-16.892612
04-30,short_additive_synth,tabla_percussion,scuba_bubbles,82c374aa0a0a9127,d2eaf6d35c117589,9,9;0;4,177.745285;110.000000;136.149902,sparse-hashed-13edo-gradual-drones-v14,short,be22b60d56e3a1d0,6.406262;5.958378;7.183497,2.469939;2.227911;2.953995,late_bloom;broad_swell;soft_drone,modal_noise_resonator,detune_cents=49.664;mode_disorder_percent=3.774;resonated_noise_percent=15.123;clean_percent=60.000;parallel_ruin_percent=24.877;drive=4.684;folds=2,3,0.9457552,-9.348571,-1.4302218,0.0,-1.5,-1.4302218,wav/04_tabla_percussion__30_scuba_bubbles.wav,2,288000,6.0,1727999,35.99997916666667,0.5080367,0.09841601,-20.138685,3.9650003e-9,0,0,0.47338635,-20.142273,4.4873065e-9,0.5080367,-20.1351,3.4426941e-9,0.13979416,-17.09022
04-31,short_additive_synth,tabla_percussion,building_demolition,82c374aa0a0a9127,d502a0866ac3b927,5,5;9;0,143.606293;177.745285;110.000000,sparse-hashed-13edo-gradual-drones-v14,short,dbd65387e74b8779,7.311273;6.951242;6.558644,3.042197;2.800169;2.558141,broad_swell;soft_drone;breathing_drone,modal_noise_resonator,detune_cents=46.384;mode_disorder_percent=5.810;resonated_noise_percent=13.851;clean_percent=60.000;parallel_ruin_percent=26.149;drive=4.504;folds=2,3,0.9421409,-8.970399,-7.9544353,6.4544353,-1.5,-1.5000007,wav/04_tabla_percussion__31_building_demolition.wav,2,288000,6.0,1727999,35.99997916666667,0.49733543,0.09833813,-20.145561,8.6820795e-10,0,0,0.4853644,-20.15005,6.387653e-10,0.49733543,-20.141079,1.0976506e-9,0.13892798,-17.144205
04-32,short_additive_synth,tabla_percussion,finnish_blacksmith,82c374aa0a0a9127,8828c2d1c0ff4488,10,10;1;5,187.479691;116.024269;143.606293,sparse-hashed-13edo-gradual-drones-v14,short,ed79b5093999e1d5,5.822094;6.283523;4.719618,2.159083;2.401111;1.675027,late_bloom;breathing_drone;soft_drone,inharmonic_fm,detune_cents=40.337;feedback=0.407;crossfeedback_percent=8.000;index=7.239->3.601;clean_percent=45.000;raw_fm_percent=40.000;parallel_ruin_percent=15.000;phase_drift_radians=0.080;drive=2.863;folds=2,2,0.94734126,-9.409955,-12.657443,11.157443,-1.5,-1.5,wav/04_tabla_percussion__32_finnish_blacksmith.wav,2,288000,6.0,1727999,35.99997916666667,0.5519372,0.09813809,-20.163248,-4.07764e-9,0,0,0.5519372,-20.163641,-6.5024515e-9,0.5325328,-20.162853,-1.6528288e-9,0.13672577,-17.282993
04-33,short_additive_synth,tabla_percussion,cattle_auction,82c374aa0a0a9127,63aeff78df8557af,8,8;12;3,168.516296;208.577057;129.080658,sparse-hashed-13edo-gradual-drones-v14,short,d0d6f950e18fb246,6.094090;5.610901;6.924041,2.298629;2.056601;2.782686,breathing_drone;late_bloom;broad_swell,modal_noise_resonator,detune_cents=39.023;mode_disorder_percent=4.897;resonated_noise_percent=16.117;clean_percent=60.000;parallel_ruin_percent=23.883;drive=4.295;folds=2,3,0.941125,-8.790798,-16.069592,14.5695915,-1.5,-1.5000012,wav/04_tabla_percussion__33_cattle_auction.wav,2,288000,6.0,1727999,35.99997916666667,0.4658166,0.09807621,-20.168726,1.0256135e-9,0,0,0.44474328,-20.170883,-1.1660067e-10,0.4658166,-20.166569,2.1678277e-9,0.13494489,-17.396872
04-34,short_additive_synth,tabla_percussion,ferry_alarm,82c374aa0a0a9127,63fa0671c3c8b3fd,3,3;7;11,129.080658;159.766510;197.747208,sparse-hashed-13edo-gradual-drones-v14,short,59a8ee3a36b93580,6.465260;6.023737;5.532193,2.503721;2.261693;2.019665,soft_drone;breathing_drone;late_bloom,inharmonic_fm,detune_cents=35.073;feedback=0.395;crossfeedback_percent=8.000;index=8.161->3.089;clean_percent=45.000;raw_fm_percent=40.000;parallel_ruin_percent=15.000;phase_drift_radians=0.080;drive=2.407;folds=3,3,0.9422049,-8.95637,-10.806446,9.306446,-1.5,-1.5,wav/04_tabla_percussion__34_ferry_alarm.wav,2,288000,6.0,1727999,35.99997916666667,0.6856571,0.0974787,-20.221806,4.310438e-9,0,0,0.6155092,-20.1955,1.2964078e-9,0.6856571,-20.24827,7.324468e-9,0.13838428,-17.178265
04-35,short_additive_synth,tabla_percussion,flooded_mine,82c374aa0a0a9127,5ef5719090cb3c3e,8,8;12;3,168.516296;208.577057;129.080658,sparse-hashed-13edo-gradual-drones-v14,short,4e7344d57403371c,5.967655;6.414631;6.819867,2.232675;2.474703;2.716732,soft_drone;broad_swell;late_bloom,saturated_saw_cluster,detune_cents=58.605;drift_cents=18.990;drive=7.158;folds=3;alias_percent=72.379;bits=6;hard_sync_percent=53.597;sample_hold_frames=2,2,0.94958055,-9.617086,-6.755655,5.255655,-1.5,-1.4999995,wav/04_tabla_percussion__35_flooded_mine.wav,2,288000,6.0,1727999,35.99997916666667,0.6254359,0.09796334,-20.178728,-3.261976e-10,0,0,0.58374715,-20.17073,-2.7648425e-10,0.6254359,-20.186739,-3.7591094e-10,0.13877648,-17.153683
04-36,short_additive_synth,tabla_percussion,cappuccino_process,82c374aa0a0a9127,c9cb796a64de33e2,10,10;1;5,187.479691;116.024269;143.606293,sparse-hashed-13edo-gradual-drones-v14,short,4b2487b780e4fe9a,6.843144;6.440178;5.995963,2.731331;2.489303;2.247275,soft_drone;breathing_drone;late_bloom,saturated_saw_cluster,detune_cents=83.750;drift_cents=18.207;drive=8.664;folds=4;alias_percent=69.161;bits=7;hard_sync_percent=69.603;sample_hold_frames=3,3,0.94088584,-8.867135,-9.856972,8.356972,-1.5,-1.5,wav/04_tabla_percussion__36_cappuccino_process.wav,2,288000,6.0,1727999,35.99997916666667,0.7731268,0.096008964,-20.353765,1.6685608e-9,0,0,0.68025535,-20.317783,-3.2441996e-9,0.7731268,-20.390045,6.5813213e-9,0.13415498,-17.447865
04-37,short_additive_synth,tabla_percussion,tennis_match,82c374aa0a0a9127,09cb934e68f8f084,1,1;5;9,116.024269;143.606293;177.745285,sparse-hashed-13edo-gradual-drones-v14,short,5b34bf7aa4a954f8,5.615066;5.071865;4.450878,2.058575;1.816547;1.574518,breathing_drone;late_bloom;broad_swell,modal_noise_resonator,detune_cents=54.401;mode_disorder_percent=3.106;resonated_noise_percent=11.622;clean_percent=60.000;parallel_ruin_percent=28.378;drive=5.105;folds=2,3,0.9292256,-7.9820986,-6.48234,4.98234,-1.5,-1.5000007,wav/04_tabla_percussion__37_tennis_match.wav,2,288000,6.0,1727999,35.99997916666667,0.73948103,0.0964815,-20.31112,1.5435204e-9,0,0,0.494024,-20.144308,-6.2528475e-11,0.73948103,-20.484592,3.1495693e-9,0.13626395,-17.31238
04-38,short_additive_synth,tabla_percussion,chainsaw_cycle,82c374aa0a0a9127,5c7feb9d452f2bef,2,2;6;10,122.378456;151.471039;187.479691,sparse-hashed-13edo-gradual-drones-v14,short,123008c99c8c86c4,7.148129;6.773704;7.812151,2.930035;2.688007;3.414091,broad_swell;soft_drone;breathing_drone,inharmonic_fm,detune_cents=44.603;feedback=0.440;crossfeedback_percent=8.000;index=8.130->2.972;clean_percent=45.000;raw_fm_percent=40.000;parallel_ruin_percent=15.000;phase_drift_radians=0.080;drive=2.618;folds=3,3,0.9522861,-9.894812,-6.4781437,4.9781437,-1.5,-1.5000012,wav/04_tabla_percussion__38_chainsaw_cycle.wav,2,288000,6.0,1727999,35.99997916666667,0.67021066,0.0964272,-20.31601,-4.8355973e-9,0,0,0.64489204,-20.285856,-2.1887336e-9,0.67021066,-20.346373,-7.482461e-9,0.13859466,-17.165071
04-39,short_additive_synth,tabla_percussion,near_foghorn,82c374aa0a0a9127,1d6af12c6225ab62,10,10;1;5,187.479691;116.024269;143.606293,sparse-hashed-13edo-gradual-drones-v14,short,62c661c167fed7d9,6.828955;6.424607;7.539684,2.722422;2.480394;3.206479,breathing_drone;late_bloom;broad_swell,inharmonic_fm,detune_cents=35.870;feedback=0.527;crossfeedback_percent=8.000;index=6.124->3.861;clean_percent=45.000;raw_fm_percent=40.000;parallel_ruin_percent=15.000;phase_drift_radians=0.080;drive=2.609;folds=3,3,0.9490512,-9.599735,-27.714924,26.214924,-1.5,-1.5,wav/04_tabla_percussion__39_near_foghorn.wav,2,288000,6.0,1727999,35.99997916666667,0.47447366,0.09798633,-20.17669,1.4580934e-8,0,0,0.47244394,-20.163403,4.6404667e-9,0.47447366,-20.19002,2.4521402e-8,0.13912769,-17.13173
04-40,short_additive_synth,tabla_percussion,barcelona_gate_pa,82c374aa0a0a9127,e28efd5cee017776,4,4;8;12,136.149902;168.516296;208.577057,sparse-hashed-13edo-gradual-drones-v14,short,9537fb27a21149ad,5.022732;4.394142;7.680376,1.796111;1.554083;3.312055,soft_drone;breathing_drone;late_bloom,inharmonic_fm,detune_cents=41.422;feedback=0.404;crossfeedback_percent=8.000;index=6.690->3.337;clean_percent=45.000;raw_fm_percent=40.000;parallel_ruin_percent=15.000;phase_drift_radians=0.080;drive=3.051;folds=3,3,0.95415866,-10.079776,-9.488827,7.9888268,-1.5,-1.5,wav/04_tabla_percussion__40_barcelona_gate_pa.wav,2,288000,6.0,1727999,35.99997916666667,0.6452594,0.0975996,-20.211039,-4.0053107e-9,0,0,0.6452594,-20.215122,-4.3619623e-9,0.5356071,-20.206957,-3.6486596e-9,0.14029081,-17.059416
04-41,short_additive_synth,tabla_percussion,delhi_subway_cycle,82c374aa0a0a9127,3187a582eafedd91,6,6;10;1,151.471039;187.479691;116.024269,sparse-hashed-13edo-gradual-drones-v14,short,3512b5482812bd34,4.685560;7.819553;7.500784,1.661943;3.419915;3.177886,late_bloom;broad_swell;soft_drone,inharmonic_fm,detune_cents=38.930;feedback=0.479;crossfeedback_percent=8.000;index=6.374->2.644;clean_percent=45.000;raw_fm_percent=40.000;parallel_ruin_percent=15.000;phase_drift_radians=0.080;drive=3.053;folds=3,3,0.93548125,-8.452154,-2.9174588,1.4174588,-1.5,-1.5,wav/04_tabla_percussion__41_delhi_subway_cycle.wav,2,288000,6.0,1727999,35.99997916666667,0.5410383,0.09817419,-20.160053,-6.5150854e-9,0,0,0.50575966,-20.1556,-4.7029007e-9,0.5410383,-20.164513,-8.3272695e-9,0.13845825,-17.173622
04-42,short_additive_synth,tabla_percussion,hockey_goal,82c374aa0a0a9127,7338d14d9c7d0103,9,9;0;4,177.745285;110.000000;136.149902,sparse-hashed-13edo-gradual-drones-v14,short,e533359820d59e2b,7.067962;6.686247;6.267718,2.876446;2.634418;2.392389,breathing_drone;late_bloom;broad_swell,inharmonic_fm,detune_cents=40.821;feedback=0.519;crossfeedback_percent=8.000;index=8.923->3.581;clean_percent=45.000;raw_fm_percent=40.000;parallel_ruin_percent=15.000;phase_drift_radians=0.080;drive=2.891;folds=3,3,0.9547234,-10.009679,-7.4478536,5.9478536,-1.5,-1.5000012,wav/04_tabla_percussion__42_hockey_goal.wav,2,288000,6.0,1727999,35.99997916666667,0.6405394,0.09796548,-20.17854,-7.9054846e-10,0,0,0.5685093,-20.182697,-1.4098097e-9,0.6405394,-20.174385,-1.7128718e-10,0.13772681,-17.219631
04-43,short_additive_synth,tabla_percussion,ambulance_siren,82c374aa0a0a9127,f8af2f1a4cb0c701,8,8;12;3,168.516296;208.577057;129.080658,sparse-hashed-13edo-gradual-drones-v14,short,e6fab76605de2a6e,5.193417;5.722503;6.194075,1.868107;2.110135;2.352163,late_bloom;breathing_drone;soft_drone,saturated_saw_cluster,detune_cents=72.428;drift_cents=15.991;drive=7.886;folds=3;alias_percent=60.616;bits=6;hard_sync_percent=66.862;sample_hold_frames=3,2,0.94682884,-9.384295,-15.349516,13.849516,-1.5,-1.4999987,wav/04_tabla_percussion__43_ambulance_siren.wav,2,288000,6.0,1727999,35.99997916666667,0.49207225,0.09836509,-20.14318,-1.8797748e-10,0,0,0.49207225,-20.15011,-3.5903294e-10,0.47453302,-20.136261,-1.6922023e-11,0.13904399,-17.136955
04-44,short_additive_synth,tabla_percussion,woodshop_process,82c374aa0a0a9127,8e1e1d890ae5881a,1,1;5;9,116.024269;143.606293;177.745285,sparse-hashed-13edo-gradual-drones-v14,short,76a6c0dcc49be01a,6.548231;6.115493;7.302517,2.552014;2.309986;3.036070,soft_drone;breathing_drone;late_bloom,saturated_saw_cluster,detune_cents=72.888;drift_cents=13.776;drive=7.787;folds=4;alias_percent=75.679;bits=7;hard_sync_percent=68.011;sample_hold_frames=4,3,0.93805015,-8.663417,-2.536078,1.036078,-1.5,-1.4999995,wav/04_tabla_percussion__44_woodshop_process.wav,2,288000,6.0,1727999,35.99997916666667,0.6690757,0.09700379,-20.264225,-3.9117816e-9,0,0,0.6455245,-20.273478,-3.4002652e-9,0.6690757,-20.254993,-4.4232977e-9,0.13545418,-17.364151
04-45,short_additive_synth,tabla_percussion,tractor_turning_hay,82c374aa0a0a9127,241aba059f6c939a,0,0;4;8,110.000000;136.149902;168.516296,sparse-hashed-13edo-gradual-drones-v14,short,c67f32fb00e8d15e,7.768853;7.446199;5.184510,3.380223;3.138195;1.864279,late_bloom;broad_swell;soft_drone,saturated_saw_cluster,detune_cents=72.687;drift_cents=23.070;drive=9.914;folds=4;alias_percent=67.005;bits=6;hard_sync_percent=47.616;sample_hold_frames=3,3,0.9458268,-9.30462,-29.49483,27.99483,-1.5,-1.5000019,wav/04_tabla_percussion__45_tractor_turning_hay.wav,2,288000,6.0,1727999,35.99997916666667,0.3999506,0.09823935,-20.15429,4.918419e-9,0,0,0.3999506,-20.151073,6.7706036e-9,0.39124858,-20.157509,3.0662344e-9,0.15267774,-16.324486
04-46,short_additive_synth,tabla_percussion,hail_thunder,82c374aa0a0a9127,8ca435fa8014940b,9,9;0;4,177.745285;110.000000;136.149902,sparse-hashed-13edo-gradual-drones-v14,short,1e09373bdcce65ca,7.263256;7.599267;7.911140,3.008746;3.250774;3.492802,late_bloom;breathing_drone;broad_swell,saturated_saw_cluster,detune_cents=55.703;drift_cents=20.151;drive=8.729;folds=3;alias_percent=78.061;bits=7;hard_sync_percent=63.021;sample_hold_frames=2,2,0.97105473,-12.181152,-22.417744,20.917744,-1.5,-1.4999981,wav/04_tabla_percussion__46_hail_thunder.wav,2,288000,6.0,1727999,35.99997916666667,0.5987244,0.097779594,-20.195036,2.29938e-9,0,0,0.5987244,-20.20746,2.4336257e-9,0.5582612,-20.182648,2.1651343e-9,0.13397986,-17.45921
04-47,short_additive_synth,tabla_percussion,marielle_protest,82c374aa0a0a9127,b99f4919a8dffbad,1,1;5;9,116.024269;143.606293;177.745285,sparse-hashed-13edo-gradual-drones-v14,short,ff78c64c7f9f319c,5.919507;6.371216;6.780336,2.208059;2.450087;2.692115,soft_drone;broad_swell;late_bloom,modal_noise_resonator,detune_cents=47.364;mode_disorder_percent=4.075;resonated_noise_percent=10.113;clean_percent=60.000;parallel_ruin_percent=29.887;drive=3.857;folds=1,2,0.9377092,-8.66151,-9.477271,7.977271,-1.5,-1.5,wav/04_tabla_percussion__47_marielle_protest.wav,2,288000,6.0,1727999,35.99997916666667,0.78963935,0.09611796,-20.34391,-2.655028e-9,0,0,0.7299722,-20.308094,-1.0204994e-9,0.78963935,-20.380022,-4.2895567e-9,0.13868374,-17.159489
04-48,short_additive_synth,tabla_percussion,hair_salon_tools,82c374aa0a0a9127,91febc7e6d506cc8,1,1;5;9,116.024269;143.606293;177.745285,sparse-hashed-13edo-gradual-drones-v14,short,db92047b01519f17,4.930707;5.490745;7.630713,1.758453;2.000481;3.274397,breathing_drone;soft_drone;broad_swell,saturated_saw_cluster,detune_cents=63.086;drift_cents=14.307;drive=7.465;folds=3;alias_percent=72.050;bits=5;hard_sync_percent=48.579;sample_hold_frames=4,2,0.96961164,-11.968333,-6.497903,4.997903,-1.5,-1.5,wav/04_tabla_percussion__48_hair_salon_tools.wav,2,288000,6.0,1727999,35.99997916666667,0.5772611,0.09809992,-20.166628,-1.1385821e-9,0,0,0.5772611,-20.170431,-2.8461526e-9,0.564592,-20.162828,5.689884e-10,0.13924518,-17.124397
05-25,short_additive_synth,cello_improvisation,thunder_mountain,6d9e6e9b248e74f1,4e2a8e922a968e95,8,8;12;3,168.516296;208.577057;129.080658,sparse-hashed-13edo-gradual-drones-v14,short,75d630e6cd8c6466,7.314201;7.646441;4.321500,3.044249;3.286277;1.528305,late_bloom;breathing_drone;soft_drone,saturated_saw_cluster,detune_cents=63.274;drift_cents=19.283;drive=8.674;folds=3;alias_percent=77.846;bits=7;hard_sync_percent=64.363;sample_hold_frames=2,2,0.9468105,-9.374335,-8.593021,7.0930214,-1.5,-1.5000007,wav/05_cello_improvisation__25_thunder_mountain.wav,2,288000,6.0,1727999,35.99997916666667,0.59476143,0.097874194,-20.186636,4.4129359e-10,0,0,0.5274335,-20.17784,8.4248886e-10,0.59476143,-20.195448,4.0098327e-11,0.13414696,-17.448383
05-26,short_additive_synth,cello_improvisation,inside_car_wash,6d9e6e9b248e74f1,903a06c594b2e6cb,5,5;9;0,143.606293;177.745285;110.000000,sparse-hashed-13edo-gradual-drones-v14,short,6d9f28be0b6c0d2a,6.464588;6.865396;7.232319,2.503334;2.745362;2.987390,soft_drone;broad_swell;late_bloom,modal_noise_resonator,detune_cents=53.128;mode_disorder_percent=3.720;resonated_noise_percent=11.399;clean_percent=60.000;parallel_ruin_percent=28.601;drive=4.280;folds=1,2,0.9367225,-8.556757,-8.3948765,6.8948765,-1.5,-1.5,wav/05_cello_improvisation__26_inside_car_wash.wav,2,288000,6.0,1727999,35.99997916666667,0.64912605,0.09586813,-20.366514,-4.7909886e-8,0,0,0.5639846,-20.283815,-3.5781664e-8,0.64912605,-20.45082,-6.0038104e-8,0.13549362,-17.361624
05-27,short_additive_synth,cello_improvisation,peru_new_year_fireworks,6d9e6e9b248e74f1,83317dd5c74822ca,2,2;6;10,122.378456;151.471039;187.479691,sparse-hashed-13edo-gradual-drones-v14,short,f60aefc4ef4679e3,7.374555;7.702378;4.440902,3.086850;3.328878;1.570906,broad_swell;breathing_drone;soft_drone,modal_noise_resonator,detune_cents=41.470;mode_disorder_percent=4.261;resonated_noise_percent=11.064;clean_percent=60.000;parallel_ruin_percent=28.936;drive=3.921;folds=1,2,0.9454984,-9.298882,-10.45206,8.95206,-1.5,-1.5,wav/05_cello_improvisation__27_peru_new_year_fireworks.wav,2,288000,6.0,1727999,35.99997916666667,0.5311448,0.09829817,-20.14909,1.7707866e-9,0,0,0.5311448,-20.152636,5.27225e-9,0.52663845,-20.14555,-1.7306768e-9,0.13401891,-17.456678
05-28,short_additive_synth,cello_improvisation,efteling_steam_train,6d9e6e9b248e74f1,9a412959184abdf9,11,11;2;6,197.747208;122.378456;151.471039,sparse-hashed-13edo-gradual-drones-v14,short,6d9869554cb7286c,7.716279;4.470304;5.088708,3.339549;1.581577;1.823605,breathing_drone;soft_drone;broad_swell,modal_noise_resonator,detune_cents=41.121;mode_disorder_percent=3.500;resonated_noise_percent=12.584;clean_percent=60.000;parallel_ruin_percent=27.416;drive=4.556;folds=1,2,0.93365043,-8.329452,-7.088122,5.588122,-1.5,-1.4999987,wav/05_cello_improvisation__28_efteling_steam_train.wav,2,288000,6.0,1727999,35.99997916666667,0.502234,0.09841729,-20.13857,2.0569951e-10,0,0,0.44979772,-20.13552,-1.0027995e-9,0.502234,-20.141624,1.4141985e-9,0.13487066,-17.40165
05-29,short_additive_synth,cello_improvisation,helicopter_takeoff,6d9e6e9b248e74f1,4534148b4903c233,5,5;9;0,143.606293;177.745285;110.000000,sparse-hashed-13edo-gradual-drones-v14,short,70abf0a3244f6cea,6.991542;6.602738;7.678113,2.826274;2.584246;3.310330,soft_drone;breathing_drone;late_bloom,inharmonic_fm,detune_cents=47.917;feedback=0.439;crossfeedback_percent=8.000;index=7.374->3.240;clean_percent=45.000;raw_fm_percent=40.000;parallel_ruin_percent=15.000;phase_drift_radians=0.080;drive=2.674;folds=3,3,0.95572203,-10.210575,-14.64727,13.14727,-1.5,-1.5000007,wav/05_cello_improvisation__29_helicopter_takeoff.wav,2,288000,6.0,1727999,35.99997916666667,0.53199804,0.09739976,-20.228844,-3.8411017e-9,0,0,0.49138856,-20.201893,-3.803085e-9,0.53199804,-20.255962,-3.879119e-9,0.13350213,-17.490236
05-30,short_additive_synth,cello_improvisation,scuba_bubbles,6d9e6e9b248e74f1,d2eaf6d35c117589,3,3;7;11,129.080658;159.766510;197.747208,sparse-hashed-13edo-gradual-drones-v14,short,e5616c2574edacbd,4.604599;7.780397;7.458632,1.631248;3.389220;3.147192,soft_drone;late_bloom;broad_swell,inharmonic_fm,detune_cents=31.759;feedback=0.387;crossfeedback_percent=8.000;index=7.686->3.252;clean_percent=45.000;raw_fm_percent=40.000;parallel_ruin_percent=15.000;phase_drift_radians=0.080;drive=2.452;folds=3,3,0.9606753,-10.727909,-11.394997,9.894997,-1.5,-1.4999995,wav/05_cello_improvisation__30_scuba_bubbles.wav,2,288000,6.0,1727999,35.99997916666667,0.5511226,0.09837363,-20.142426,-6.676002e-10,0,0,0.5231414,-20.137177,-3.3310443e-9,0.5511226,-20.147682,1.995844e-9,0.13804021,-17.199886
05-31,short_additive_synth,cello_improvisation,building_demolition,6d9e6e9b248e74f1,d502a0866ac3b927,0,0;4;8,110.000000;136.149902;168.516296,sparse-hashed-13edo-gradual-drones-v14,short,42b3c98c88ab8d24,4.293606;4.935880;5.495292,1.518520;1.760548;2.002577,late_bloom;breathing_drone;soft_drone,saturated_saw_cluster,detune_cents=66.105;drift_cents=22.385;drive=7.730;folds=3;alias_percent=65.180;bits=5;hard_sync_percent=48.107;sample_hold_frames=4,2,0.93725073,-8.594735,-14.899372,13.399372,-1.5,-1.4999987,wav/05_cello_improvisation__31_building_demolition.wav,2,288000,6.0,1727999,35.99997916666667,0.63452345,0.09812279,-20.164602,-1.4851717e-9,0,0,0.5649691,-20.153637,-3.5495133e-9,0.63452345,-20.175594,5.791701e-10,0.1389628,-17.142029
05-32,short_additive_synth,cello_improvisation,finnish_blacksmith,6d9e6e9b248e74f1,8828c2d1c0ff4488,1,1;5;9,116.024269;143.606293;177.745285,sparse-hashed-13edo-gradual-drones-v14,short,a310acd5baf03cde,6.585296;6.975597;5.680514,2.573888;2.815916;2.089832,breathing_drone;soft_drone;broad_swell,saturated_saw_cluster,detune_cents=65.441;drift_cents=22.574;drive=7.581;folds=3;alias_percent=68.102;bits=6;hard_sync_percent=65.046;sample_hold_frames=4,2,0.94311637,-9.065037,-14.068253,12.568253,-1.5,-1.5000007,wav/05_cello_improvisation__32_finnish_blacksmith.wav,2,288000,6.0,1727999,35.99997916666667,0.5661253,0.098262794,-20.152218,-2.8147817e-9,0,0,0.5363665,-20.138056,-1.1350633e-9,0.5661253,-20.166426,-4.4945003e-9,0.13884006,-17.149704
05-33,short_additive_synth,cello_improvisation,cattle_auction,6d9e6e9b248e74f1,63aeff78df8557af,6,6;10;1,151.471039;187.479691;116.024269,sparse-hashed-13edo-gradual-drones-v14,short,2ca523fa1a850971,5.890963;5.383232;4.808187,2.193594;1.951566;1.709538,breathing_drone;late_bloom;broad_swell,inharmonic_fm,detune_cents=30.049;feedback=0.378;crossfeedback_percent=8.000;index=6.607->3.218;clean_percent=45.000;raw_fm_percent=40.000;parallel_ruin_percent=15.000;phase_drift_radians=0.080;drive=2.336;folds=3,3,0.9364149,-8.541274,-2.05509,0.55508995,-1.5,-1.5000007,wav/05_cello_improvisation__33_cattle_auction.wav,2,288000,6.0,1727999,35.99997916666667,0.52476346,0.097904496,-20.183947,8.2285156e-10,0,0,0.52476346,-20.19358,1.1627974e-8,0.49134728,-20.174334,-9.982271e-9,0.14110681,-17.00904
05-34,short_additive_synth,cello_improvisation,ferry_alarm,6d9e6e9b248e74f1,63fa0671c3c8b3fd,8,8;12;3,168.516296;208.577057;129.080658,sparse-hashed-13edo-gradual-drones-v14,short,818f258d00fe2649,6.467686;6.026423;5.535202,2.505121;2.263092;2.021064,breathing_drone;late_bloom;broad_swell,modal_noise_resonator,detune_cents=52.796;mode_disorder_percent=3.469;resonated_noise_percent=14.032;clean_percent=60.000;parallel_ruin_percent=25.968;drive=4.114;folds=2,3,0.9393201,-8.758636,-7.252004,5.752004,-1.5,-1.5,wav/05_cello_improvisation__34_ferry_alarm.wav,2,288000,6.0,1727999,35.99997916666667,0.6948837,0.097150445,-20.251104,7.310964e-9,0,0,0.6108026,-20.203701,5.652816e-9,0.6948837,-20.29903,8.969112e-9,0.13005176,-17.717674
05-35,short_additive_synth,cello_improvisation,flooded_mine,6d9e6e9b248e74f1,5ef5719090cb3c3e,11,11;2;6,197.747208;122.378456;151.471039,sparse-hashed-13edo-gradual-drones-v14,short,d08fac662f7f478b,7.366127;7.010805;4.424325,3.080865;2.838837;1.564921,late_bloom;broad_swell;soft_drone,modal_noise_resonator,detune_cents=54.730;mode_disorder_percent=3.881;resonated_noise_percent=14.479;clean_percent=60.000;parallel_ruin_percent=25.521;drive=4.732;folds=2,3,0.94316196,-9.060468,-12.4719095,10.9719095,-1.5,-1.4999987,wav/05_cello_improvisation__35_flooded_mine.wav,2,288000,6.0,1727999,35.99997916666667,0.57664615,0.09786551,-20.187407,3.739615e-9,0,0,0.5511469,-20.173597,2.2396152e-9,0.57664615,-20.20126,5.2396145e-9,0.13425621,-17.441313
05-36,short_additive_synth,cello_improvisation,cappuccino_process,6d9e6e9b248e74f1,c9cb796a64de33e2,1,1;5;9,116.024269;143.606293;177.745285,sparse-hashed-13edo-gradual-drones-v14,short,0311c0124bef01a5,5.218191;5.744441;6.213761,1.878793;2.120821;2.362850,soft_drone;broad_swell;late_bloom,modal_noise_resonator,detune_cents=40.209;mode_disorder_percent=5.351;resonated_noise_percent=11.867;clean_percent=60.000;parallel_ruin_percent=28.133;drive=4.441;folds=1,2,0.9420557,-8.980803,-10.285364,8.785364,-1.5,-1.5000007,wav/05_cello_improvisation__36_cappuccino_process.wav,2,288000,6.0,1727999,35.99997916666667,0.70017916,0.09520767,-20.426561,3.4399505e-8,0,0,0.6941133,-20.349188,-5.247699e-9,0.70017916,-20.50534,7.404671e-8,0.1332401,-17.507301
05-37,short_additive_synth,cello_improvisation,tennis_match,6d9e6e9b248e74f1,09cb934e68f8f084,3,3;7;11,129.080658;159.766510;197.747208,sparse-hashed-13edo-gradual-drones-v14,short,0ff4dab31ba15757,5.938619;6.388443;6.796019,2.217797;2.459826;2.701854,soft_drone;broad_swell;late_bloom,saturated_saw_cluster,detune_cents=74.969;drift_cents=23.084;drive=9.428;folds=3;alias_percent=67.888;bits=5;hard_sync_percent=54.930;sample_hold_frames=4,2,0.9476944,-9.455023,-11.936283,10.436283,-1.5,-1.5,wav/05_cello_improvisation__37_tennis_match.wav,2,288000,6.0,1727999,35.99997916666667,0.60994035,0.097935855,-20.181164,8.669215e-10,0,0,0.60994035,-20.171185,-2.8328307e-11,0.6077937,-20.19117,1.7621713e-9,0.1329751,-17.524593
05-38,short_additive_synth,cello_improvisation,chainsaw_cycle,6d9e6e9b248e74f1,5c7feb9d452f2bef,1,1;5;9,116.024269;143.606293;177.745285,sparse-hashed-13edo-gradual-drones-v14,short,7fff49a8e22c4853,4.600010;5.201421;7.456254,1.629525;1.871553;3.145469,breathing_drone;soft_drone;broad_swell,saturated_saw_cluster,detune_cents=83.950;drift_cents=18.688;drive=7.083;folds=3;alias_percent=77.206;bits=6;hard_sync_percent=55.995;sample_hold_frames=4,2,0.93810064,-8.626615,-11.308999,9.808999,-1.5,-1.5000007,wav/05_cello_improvisation__38_chainsaw_cycle.wav,2,288000,6.0,1727999,35.99997916666667,0.6687216,0.096376866,-20.320545,3.17971e-8,0,0,0.6687216,-20.276796,1.3469106e-8,0.6557621,-20.364738,5.012509e-8,0.13941443,-17.113846
05-39,short_additive_synth,cello_improvisation,near_foghorn,6d9e6e9b248e74f1,1d6af12c6225ab62,6,6;10;1,151.471039;187.479691;116.024269,sparse-hashed-13edo-gradual-drones-v14,short,af61a66f3ce3961a,7.068242;7.419079;7.743681,2.876631;3.118659;3.360687,soft_drone;broad_swell;late_bloom,modal_noise_resonator,detune_cents=42.856;mode_disorder_percent=3.397;resonated_noise_percent=17.823;clean_percent=60.000;parallel_ruin_percent=22.177;drive=3.811;folds=1,2,0.93697786,-8.55688,-19.816109,18.316109,-1.5,-1.4999981,wav/05_cello_improvisation__39_near_foghorn.wav,2,288000,6.0,1727999,35.99997916666667,0.62658733,0.097281784,-20.23937,6.971434e-8,0,0,0.5444121,-20.231153,7.4887474e-8,0.62658733,-20.2476,6.4541204e-8,0.13205577,-17.584852
05-40,short_additive_synth,cello_improvisation,barcelona_gate_pa,6d9e6e9b248e74f1,e28efd5cee017776,8,8;12;3,168.516296;208.577057;129.080658,sparse-hashed-13edo-gradual-drones-v14,short,31b370333487812c,5.087166;4.468526;7.715436,1.822958;1.580930;3.338902,breathing_drone;late_bloom;broad_swell,saturated_saw_cluster,detune_cents=75.407;drift_cents=15.434;drive=9.251;folds=4;alias_percent=61.843;bits=5;hard_sync_percent=54.183;sample_hold_frames=3,3,0.95460767,-10.111604,-5.542778,4.042778,-1.5,-1.5000007,wav/05_cello_improvisation__40_barcelona_gate_pa.wav,2,288000,6.0,1727999,35.99997916666667,0.5713827,0.0978781,-20.186289,-2.4222144e-9,0,0,0.5408611,-20.170212,-4.8043187e-9,0.5713827,-20.202427,-4.0110273e-11,0.1366502,-17.287794
05-41,short_additive_synth,cello_improvisation,delhi_subway_cycle,6d9e6e9b248e74f1,3187a582eafedd91,4,4;8;12,136.149902;168.516296;208.577057,sparse-hashed-13edo-gradual-drones-v14,short,c46d1451ceee098b,5.568757;6.056402;4.390232,2.036741;2.278769;1.552684,breathing_drone;soft_drone;broad_swell,inharmonic_fm,detune_cents=29.161;feedback=0.445;crossfeedback_percent=8.000;index=8.924->2.747;clean_percent=45.000;raw_fm_percent=40.000;parallel_ruin_percent=15.000;phase_drift_radians=0.080;drive=3.126;folds=2,2,0.9407976,-8.853354,-13.565582,12.065582,-1.5,-1.5,wav/05_cello_improvisation__41_delhi_subway_cycle.wav,2,288000,6.0,1727999,35.99997916666667,0.4903371,0.09817141,-20.160297,1.1569647e-8,0,0,0.4903371,-20.15835,8.751463e-9,0.46830276,-20.162249,1.438783e-8,0.13210778,-17.581432
05-42,short_additive_synth,cello_improvisation,hockey_goal,6d9e6e9b248e74f1,7338d14d9c7d0103,12,12;3;7,208.577057;129.080658;159.766510,sparse-hashed-13edo-gradual-drones-v14,short,1f9e5c89ad5da2ce,7.794289;4.633412;7.127308,3.400078;1.642106;2.916022,soft_drone;broad_swell;late_bloom,saturated_saw_cluster,detune_cents=80.758;drift_cents=21.849;drive=8.070;folds=3;alias_percent=64.202;bits=5;hard_sync_percent=60.217;sample_hold_frames=2,2,0.93687993,-8.556612,-5.6386786,4.1386786,-1.5,-1.5,wav/05_cello_improvisation__42_hockey_goal.wav,2,288000,6.0,1727999,35.99997916666667,0.6171136,0.09811031,-20.165709,8.119813e-9,0,0,0.5519011,-20.157772,6.069149e-9,0.6171136,-20.173656,1.0170478e-8,0.13833821,-17.181156
05-43,short_additive_synth,cello_improvisation,ambulance_siren,6d9e6e9b248e74f1,f8af2f1a4cb0c701,10,10;1;5,187.479691;116.024269;143.606293,sparse-hashed-13edo-gradual-drones-v14,short,1c4e0ae5416b46cf,6.662795;7.046488;5.775766,2.620230;2.862258;2.136174,soft_drone;broad_swell;late_bloom,modal_noise_resonator,detune_cents=48.557;mode_disorder_percent=4.841;resonated_noise_percent=10.650;clean_percent=60.000;parallel_ruin_percent=29.350;drive=4.085;folds=1,2,0.93904257,-8.865353,-7.6947393,6.1947393,-1.5,-1.4999987,wav/05_cello_improvisation__43_ambulance_siren.wav,2,288000,6.0,1727999,35.99997916666667,0.49978176,0.09841486,-20.138786,4.388834e-10,0,0,0.49978176,-20.148178,1.5857545e-9,0.48701313,-20.129416,-7.079877e-10,0.1416202,-16.977497
05-44,short_additive_synth,cello_improvisation,woodshop_process,6d9e6e9b248e74f1,8e1e1d890ae5881a,3,3;7;11,129.080658;159.766510;197.747208,sparse-hashed-13edo-gradual-drones-v14,short,091b7084109ec8c9,7.540997;7.200263;6.830502,3.207449;2.965421;2.723392,broad_swell;soft_drone;breathing_drone,inharmonic_fm,detune_cents=28.493;feedback=0.459;crossfeedback_percent=8.000;index=7.278->3.453;clean_percent=45.000;raw_fm_percent=40.000;parallel_ruin_percent=15.000;phase_drift_radians=0.080;drive=2.613;folds=3,3,0.9521161,-9.883731,-12.02408,10.52408,-1.5,-1.5000007,wav/05_cello_improvisation__44_woodshop_process.wav,2,288000,6.0,1727999,35.99997916666667,0.6524406,0.09689856,-20.273651,4.7467816e-9,0,0,0.6524406,-20.289724,1.2592583e-8,0.628603,-20.257643,-3.09902e-9,0.13344982,-17.49364
05-45,short_additive_synth,cello_improvisation,tractor_turning_hay,6d9e6e9b248e74f1,241aba059f6c939a,4,4;8;12,136.149902;168.516296;208.577057,sparse-hashed-13edo-gradual-drones-v14,short,6b6657c26e55ed93,6.226171;5.758265;5.233791,2.369611;2.127583;1.885555,soft_drone;breathing_drone;late_bloom,saturated_saw_cluster,detune_cents=72.342;drift_cents=21.056;drive=9.411;folds=4;alias_percent=74.700;bits=6;hard_sync_percent=55.084;sample_hold_frames=2,3,0.94212216,-8.953697,-15.11376,13.61376,-1.5,-1.4999995,wav/05_cello_improvisation__45_tractor_turning_hay.wav,2,288000,6.0,1727999,35.99997916666667,0.6045234,0.09736109,-20.232292,-6.1191727e-9,0,0,0.6045234,-20.214865,-5.649594e-9,0.6028871,-20.249788,-6.5887513e-9,0.14047374,-17.048096
05-46,short_additive_synth,cello_improvisation,hail_thunder,6d9e6e9b248e74f1,8ca435fa8014940b,11,11;2;6,197.747208;122.378456;151.471039,sparse-hashed-13edo-gradual-drones-v14,short,7bed1997c7b32dc1,7.425402;7.749549;6.694035,3.123203;3.365231;2.639146,soft_drone;late_bloom;late_bloom,saturated_saw_cluster,detune_cents=68.288;drift_cents=12.054;drive=8.424;folds=3;alias_percent=78.679;bits=5;hard_sync_percent=56.322;sample_hold_frames=4,2,0.942743,-9.023444,-14.246659,12.746659,-1.5,-1.5000007,wav/05_cello_improvisation__46_hail_thunder.wav,2,288000,6.0,1727999,35.99997916666667,0.5904734,0.098073296,-20.168983,-8.96777e-10,0,0,0.5904734,-20.161436,2.0433533e-9,0.54402405,-20.176546,-3.8369072e-9,0.14007388,-17.072857
05-47,short_additive_synth,cello_improvisation,marielle_protest,6d9e6e9b248e74f1,b99f4919a8dffbad,12,12;3;7,208.577057;129.080658;159.766510,sparse-hashed-13edo-gradual-drones-v14,short,21845a982c5c151f,6.828543;6.424153;7.539332,2.722163;2.480135;3.206220,breathing_drone;late_bloom;broad_swell,inharmonic_fm,detune_cents=31.853;feedback=0.381;crossfeedback_percent=8.000;index=7.288->3.192;clean_percent=45.000;raw_fm_percent=40.000;parallel_ruin_percent=15.000;phase_drift_radians=0.080;drive=2.322;folds=3,3,0.9481271,-9.494269,-5.542252,4.042252,-1.5,-1.5,wav/05_cello_improvisation__47_marielle_protest.wav,2,288000,6.0,1727999,35.99997916666667,0.533281,0.09827137,-20.15146,-1.252291e-9,0,0,0.5269236,-20.14542,-1.3705967e-9,0.533281,-20.157507,-1.1339854e-9,0.13819245,-17.190315
05-48,short_additive_synth,cello_improvisation,hair_salon_tools,6d9e6e9b248e74f1,91febc7e6d506cc8,5,5;9;0,143.606293;177.745285;110.000000,sparse-hashed-13edo-gradual-drones-v14,short,2daa025227c4d1ac,4.895917;4.247241;7.612064,1.744423;1.502395;3.260367,breathing_drone;late_bloom;broad_swell,saturated_saw_cluster,detune_cents=67.071;drift_cents=12.728;drive=9.244;folds=4;alias_percent=71.944;bits=6;hard_sync_percent=62.333;sample_hold_frames=4,3,0.93684065,-8.560526,-8.52751,7.0275097,-1.5,-1.5,wav/05_cello_improvisation__48_hair_salon_tools.wav,2,288000,6.0,1727999,35.99997916666667,0.61721474,0.098207645,-20.157093,-9.1966665e-9,0,0,0.61721474,-20.1632,-9.998394e-9,0.5752715,-20.150997,-8.394939e-9,0.13560288,-17.354622
06-25,short_additive_synth,toy_piano_breakdown,thunder_mountain,86773ff72cc55f86,4e2a8e922a968e95,0,0;4;8,110.000000;136.149902;168.516296,sparse-hashed-13edo-gradual-drones-v14,short,ed20d7f9eba29558,5.151456;4.542575;7.750655,1.850145;1.608116;3.366088,late_bloom;broad_swell;soft_drone,saturated_saw_cluster,detune_cents=63.059;drift_cents=19.749;drive=9.084;folds=4;alias_percent=79.906;bits=6;hard_sync_percent=46.253;sample_hold_frames=4,3,0.9181155,-7.2873864,-6.249166,4.749166,-1.5,-1.5000007,wav/06_toy_piano_breakdown__25_thunder_mountain.wav,2,288000,6.0,1727999,35.99997916666667,0.61321187,0.09787552,-20.186518,-3.1662228e-9,0,0,0.576165,-20.188744,-4.2771218e-9,0.61321187,-20.184296,-2.055324e-9,0.13806145,-17.198551
06-26,short_additive_synth,toy_piano_breakdown,inside_car_wash,86773ff72cc55f86,903a06c594b2e6cb,2,2;6;10,122.378456;151.471039;187.479691,sparse-hashed-13edo-gradual-drones-v14,short,b869169824f84dcc,6.476421;6.876187;5.546026,2.510164;2.752192;2.026108,broad_swell;late_bloom;breathing_drone,inharmonic_fm,detune_cents=41.219;feedback=0.440;crossfeedback_percent=8.000;index=6.523->3.881;clean_percent=45.000;raw_fm_percent=40.000;parallel_ruin_percent=15.000;phase_drift_radians=0.080;drive=2.403;folds=2,2,0.91494703,-7.1011915,-1.1359402,0.0,-1.5,-1.1359402,wav/06_toy_piano_breakdown__26_inside_car_wash.wav,2,288000,6.0,1727999,35.99997916666667,0.8477818,0.09489822,-20.454838,4.54527e-9,0,0,0.8477818,-20.524761,4.178471e-9,0.72006947,-20.386026,4.9120685e-9,0.1320012,-17.588442
06-27,short_additive_synth,toy_piano_breakdown,peru_new_year_fireworks,86773ff72cc55f86,83317dd5c74822ca,4,4;8;12,136.149902;168.516296;208.577057,sparse-hashed-13edo-gradual-drones-v14,short,7e9651faebc5c715,6.525205;6.090047;7.283172,2.538519;2.296491;3.022575,late_bloom;broad_swell;soft_drone,inharmonic_fm,detune_cents=29.947;feedback=0.498;crossfeedback_percent=8.000;index=8.628->2.842;clean_percent=45.000;raw_fm_percent=40.000;parallel_ruin_percent=15.000;phase_drift_radians=0.080;drive=2.651;folds=3,3,0.9378835,-8.646957,-12.500249,11.000249,-1.5,-1.5000007,wav/06_toy_piano_breakdown__27_peru_new_year_fireworks.wav,2,288000,6.0,1727999,35.99997916666667,0.538347,0.09825041,-20.153313,1.247247e-9,0,0,0.51020855,-20.158022,2.3886226e-9,0.538347,-20.14861,1.0587132e-10,0.13419141,-17.445505
06-28,short_additive_synth,toy_piano_breakdown,efteling_steam_train,86773ff72cc55f86,9a412959184abdf9,9,9;0;4,177.745285;110.000000;136.149902,sparse-hashed-13edo-gradual-drones-v14,short,1934401bb09f5ece,7.268036;6.904249;6.507178,3.012060;2.770032;2.528004,breathing_drone;late_bloom;broad_swell,modal_noise_resonator,detune_cents=53.448;mode_disorder_percent=4.531;resonated_noise_percent=11.490;clean_percent=60.000;parallel_ruin_percent=28.510;drive=4.268;folds=2,3,0.9135074,-7.0315075,8.855677,0.0,-1.5,8.855677,wav/06_toy_piano_breakdown__28_efteling_steam_train.wav,2,288000,6.0,1727999,35.99997916666667,0.5044074,0.09810365,-20.166298,-3.453801e-10,0,0,0.43080065,-20.151903,-1.748596e-10,0.5044074,-20.180738,-5.1590066e-10,0.13841905,-17.176083
06-29,short_additive_synth,toy_piano_breakdown,helicopter_takeoff,86773ff72cc55f86,4534148b4903c233,7,7;11;2,159.766510;197.747208;122.378456,sparse-hashed-13edo-gradual-drones-v14,short,d146734b776754c8,7.506994;7.163473;4.697427,3.182434;2.940406;1.666490,late_bloom;broad_swell;soft_drone,saturated_saw_cluster,detune_cents=72.692;drift_cents=19.218;drive=7.197;folds=4;alias_percent=74.877;bits=5;hard_sync_percent=69.843;sample_hold_frames=4,3,0.9161339,-7.166546,-5.387919,3.887919,-1.5,-1.5000007,wav/06_toy_piano_breakdown__29_helicopter_takeoff.wav,2,288000,6.0,1727999,35.99997916666667,0.56157655,0.0981495,-20.16224,-2.9851601e-9,0,0,0.5447892,-20.160677,-1.362894e-9,0.56157655,-20.163801,-4.6074264e-9,0.13864346,-17.162012
06-30,short_additive_synth,toy_piano_breakdown,scuba_bubbles,86773ff72cc55f86,d2eaf6d35c117589,1,1;5;9,116.024269;143.606293;177.745285,sparse-hashed-13edo-gradual-drones-v14,short,2baa5795b1b69473,6.316504;5.858755;7.108574,2.419415;2.177386;2.903471,soft_drone;breathing_drone;late_bloom,inharmonic_fm,detune_cents=29.895;feedback=0.489;crossfeedback_percent=8.000;index=8.811->2.980;clean_percent=45.000;raw_fm_percent=40.000;parallel_ruin_percent=15.000;phase_drift_radians=0.080;drive=3.184;folds=3,3,0.94293034,-9.046293,-16.384317,14.884317,-1.5,-1.4999995,wav/06_toy_piano_breakdown__30_scuba_bubbles.wav,2,288000,6.0,1727999,35.99997916666667,0.5731341,0.09817007,-20.160418,-1.3744285e-9,0,0,0.52188295,-20.160505,-3.2411893e-9,0.5731341,-20.16033,4.9233245e-10,0.13602187,-17.327826
06-31,short_additive_synth,toy_piano_breakdown,building_demolition,86773ff72cc55f86,d502a0866ac3b927,6,6;10;1,151.471039;187.479691;116.024269,sparse-hashed-13edo-gradual-drones-v14,short,049dadfb5ee0c22a,6.784426;6.375710;5.924493,2.694652;2.452624;2.210595,soft_drone;breathing_drone;late_bloom,inharmonic_fm,detune_cents=37.602;feedback=0.465;crossfeedback_percent=8.000;index=7.735->2.729;clean_percent=45.000;raw_fm_percent=40.000;parallel_ruin_percent=15.000;phase_drift_radians=0.080;drive=2.828;folds=3,3,0.94546914,-9.267239,-8.551757,7.051757,-1.5,-1.5,wav/06_toy_piano_breakdown__31_building_demolition.wav,2,288000,6.0,1727999,35.99997916666667,0.5271236,0.09852343,-20.129208,-5.4703225e-10,0,0,0.5271236,-20.136982,-1.7145118e-9,0.42999154,-20.121452,6.2044725e-10,0.13909455,-17.133797
06-32,short_additive_synth,toy_piano_breakdown,finnish_blacksmith,86773ff72cc55f86,8828c2d1c0ff4488,6,6;10;1,151.471039;187.479691;116.024269,sparse-hashed-13edo-gradual-drones-v14,short,e8e389828d2b0268,4.917874;5.479465;7.623826,1.753264;1.995292;3.269208,broad_swell;late_bloom;breathing_drone,saturated_saw_cluster,detune_cents=70.589;drift_cents=19.454;drive=8.520;folds=3;alias_percent=71.013;bits=5;hard_sync_percent=46.931;sample_hold_frames=2,2,0.91401607,-7.0332456,-6.1073503,4.6073503,-1.5,-1.5,wav/06_toy_piano_breakdown__32_finnish_blacksmith.wav,2,288000,6.0,1727999,35.99997916666667,0.69057566,0.0976796,-20.203922,-7.070844e-12,0,0,0.69057566,-20.237843,1.4785536e-9,0.64073503,-20.170267,-1.4926953e-9,0.13863876,-17.162306
06-33,short_additive_synth,toy_piano_breakdown,cattle_auction,86773ff72cc55f86,63aeff78df8557af,8,8;12;3,168.516296;208.577057;129.080658,sparse-hashed-13edo-gradual-drones-v14,short,6ce1cbc8fee455d3,6.877502;7.243446;7.580937,2.753026;2.995054;3.237082,broad_swell;late_bloom;breathing_drone,inharmonic_fm,detune_cents=36.767;feedback=0.404;crossfeedback_percent=8.000;index=7.686->3.821;clean_percent=45.000;raw_fm_percent=40.000;parallel_ruin_percent=15.000;phase_drift_radians=0.080;drive=2.628;folds=2,2,0.9195364,-7.3817916,-5.524623,4.024623,-1.5,-1.5,wav/06_toy_piano_breakdown__33_cattle_auction.wav,2,288000,6.0,1727999,35.99997916666667,0.62422323,0.09785451,-20.188385,-1.5839781e-9,0,0,0.62422323,-20.204123,1.3248117e-9,0.6062244,-20.1727,-4.492768e-9,0.13965106,-17.099115
06-34,short_additive_synth,toy_piano_breakdown,ferry_alarm,86773ff72cc55f86,63fa0671c3c8b3fd,9,9;0;4,177.745285;110.000000;136.149902,sparse-hashed-13edo-gradual-drones-v14,short,fbabffe4a637817f,5.029418;5.577630;6.064334,1.798878;2.040906;2.282935,breathing_drone;soft_drone;broad_swell,saturated_saw_cluster,detune_cents=68.203;drift_cents=20.893;drive=9.111;folds=3;alias_percent=72.857;bits=5;hard_sync_percent=48.913;sample_hold_frames=3,2,0.91282475,-7.0330644,-10.095922,8.595922,-1.5,-1.5000012,wav/06_toy_piano_breakdown__34_ferry_alarm.wav,2,288000,6.0,1727999,35.99997916666667,0.757636,0.09677389,-20.284836,-4.5262327e-9,0,0,0.7205518,-20.279411,-2.489128e-9,0.757636,-20.290264,-6.5633374e-9,0.1367093,-17.284039
06-35,short_additive_synth,toy_piano_breakdown,flooded_mine,86773ff72cc55f86,5ef5719090cb3c3e,6,6;10;1,151.471039;187.479691;116.024269,sparse-hashed-13edo-gradual-drones-v14,short,ff3ff556c36b58b9,4.972177;5.527218;7.653033,1.775324;2.017353;3.291268,soft_drone;broad_swell;late_bloom,saturated_saw_cluster,detune_cents=69.722;drift_cents=15.303;drive=8.960;folds=3;alias_percent=78.524;bits=5;hard_sync_percent=67.813;sample_hold_frames=2,2,0.9268378,-7.839228,-12.418574,10.918574,-1.5,-1.4999995,wav/06_toy_piano_breakdown__35_flooded_mine.wav,2,288000,6.0,1727999,35.99997916666667,0.6843696,0.097436234,-20.22559,1.5725681e-9,0,0,0.6480802,-20.213898,2.4472935e-9,0.6843696,-20.237314,6.978426e-10,0.13814573,-17.19325
06-36,short_additive_synth,toy_piano_breakdown,cappuccino_process,86773ff72cc55f86,c9cb796a64de33e2,1,1;5;9,116.024269;143.606293;177.745285,sparse-hashed-13edo-gradual-drones-v14,short,d36c7ed1c5220e9f,7.518701;7.836203;4.719755,3.191024;3.433052;1.675080,late_bloom;breathing_drone;soft_drone,inharmonic_fm,detune_cents=36.261;feedback=0.495;crossfeedback_percent=8.000;index=6.322->2.690;clean_percent=45.000;raw_fm_percent=40.000;parallel_ruin_percent=15.000;phase_drift_radians=0.080;drive=3.002;folds=2,2,0.90580696,-6.595097,-12.670165,11.170165,-1.5,-1.4999987,wav/06_toy_piano_breakdown__36_cappuccino_process.wav,2,288000,6.0,1727999,35.99997916666667,0.76425946,0.094382666,-20.502155,-4.27651e-9,0,0,0.7410965,-20.51714,-5.8932463e-9,0.76425946,-20.487225,-2.659773e-9,0.13316995,-17.511875
06-37,short_additive_synth,toy_piano_breakdown,tennis_match,86773ff72cc55f86,09cb934e68f8f084,10,10;1;5,187.479691;116.024269;143.606293,sparse-hashed-13edo-gradual-drones-v14,short,ec038bee030645ed,5.661704;5.124679;6.570031,2.080801;1.838772;2.564857,late_bloom;broad_swell;soft_drone,saturated_saw_cluster,detune_cents=81.152;drift_cents=12.019;drive=7.348;folds=4;alias_percent=72.750;bits=7;hard_sync_percent=62.121;sample_hold_frames=4,3,0.94344145,-9.092772,-12.5534,11.0534,-1.5,-1.5,wav/06_toy_piano_breakdown__37_tennis_match.wav,2,288000,6.0,1727999,35.99997916666667,0.6059533,0.097782455,-20.19478,-4.9363416e-9,0,0,0.5951793,-20.192425,-6.8389006e-9,0.6059533,-20.19714,-3.0337828e-9,0.13782172,-17.213646
06-38,short_additive_synth,toy_piano_breakdown,chainsaw_cycle,86773ff72cc55f86,5c7feb9d452f2bef,8,8;12;3,168.516296;208.577057;129.080658,sparse-hashed-13edo-gradual-drones-v14,short,b7957d3157884ac5,5.864670;6.321826;4.774420,2.180354;2.422382;1.696297,breathing_drone;soft_drone;broad_swell,inharmonic_fm,detune_cents=39.096;feedback=0.497;crossfeedback_percent=8.000;index=6.975->2.525;clean_percent=45.000;raw_fm_percent=40.000;parallel_ruin_percent=15.000;phase_drift_radians=0.080;drive=2.568;folds=2,2,0.92175305,-7.518853,-14.059945,12.559945,-1.5,-1.4999987,wav/06_toy_piano_breakdown__38_chainsaw_cycle.wav,2,288000,6.0,1727999,35.99997916666667,0.76937354,0.09582289,-20.370615,-1.0204857e-9,0,0,0.7654328,-20.34235,-1.417338e-9,0.76937354,-20.399065,-6.236334e-10,0.13358612,-17.484774
06-39,short_additive_synth,toy_piano_breakdown,near_foghorn,86773ff72cc55f86,1d6af12c6225ab62,5,5;9;0,143.606293;177.745285;110.000000,sparse-hashed-13edo-gradual-drones-v14,short,bd9b06b122693fa0,4.472180;7.717167;5.631370,1.582260;3.340232;2.066317,broad_swell;soft_drone;breathing_drone,saturated_saw_cluster,detune_cents=73.892;drift_cents=16.832;drive=7.074;folds=4;alias_percent=78.518;bits=6;hard_sync_percent=54.209;sample_hold_frames=4,3,0.9039496,-6.498929,-13.170196,11.670196,-1.5,-1.4999995,wav/06_toy_piano_breakdown__39_near_foghorn.wav,2,288000,6.0,1727999,35.99997916666667,0.6257189,0.09571706,-20.380213,-4.081461e-9,0,0,0.60962546,-20.335583,-1.8953275e-8,0.6257189,-20.425308,1.0790353e-8,0.13613953,-17.320316
06-40,short_additive_synth,toy_piano_breakdown,barcelona_gate_pa,86773ff72cc55f86,e28efd5cee017776,11,11;2;6,197.747208;122.378456;151.471039,sparse-hashed-13edo-gradual-drones-v14,short,6714c45661556c02,5.101466;4.485010;7.723249,1.828970;1.586942;3.344914,late_bloom;broad_swell;soft_drone,saturated_saw_cluster,detune_cents=83.538;drift_cents=22.907;drive=7.035;folds=4;alias_percent=77.443;bits=5;hard_sync_percent=48.743;sample_hold_frames=3,3,0.9451612,-9.225773,-15.992398,14.492398,-1.5,-1.5,wav/06_toy_piano_breakdown__40_barcelona_gate_pa.wav,2,288000,6.0,1727999,35.99997916666667,0.566286,0.09724275,-20.242855,1.1519635e-10,0,0,0.566286,-20.273264,-1.5877948e-9,0.511927,-20.212658,1.8181875e-9,0.13952754,-17.106802
06-41,short_additive_synth,toy_piano_breakdown,delhi_subway_cycle,86773ff72cc55f86,3187a582eafedd91,5,5;9;0,143.606293;177.745285;110.000000,sparse-hashed-13edo-gradual-drones-v14,short,68a1984a789ae7cd,7.783587;7.462067;5.211187,3.391710;3.149682;1.875766,late_bloom;broad_swell;soft_drone,inharmonic_fm,detune_cents=30.653;feedback=0.526;crossfeedback_percent=8.000;index=8.752->3.254;clean_percent=45.000;raw_fm_percent=40.000;parallel_ruin_percent=15.000;phase_drift_radians=0.080;drive=2.345;folds=3,3,0.92503625,-7.733452,-9.568349,8.068349,-1.5,-1.5,wav/06_toy_piano_breakdown__41_delhi_subway_cycle.wav,2,288000,6.0,1727999,35.99997916666667,0.6351353,0.09753665,-20.216644,-4.720808e-10,0,0,0.60800594,-20.206398,-5.852266e-10,0.6351353,-20.22691,-3.5893508e-10,0.14341332,-16.86821
06-42,short_additive_synth,toy_piano_breakdown,hockey_goal,86773ff72cc55f86,7338d14d9c7d0103,1,1;5;9,116.024269;143.606293;177.745285,sparse-hashed-13edo-gradual-drones-v14,short,2320c59717d373a0,7.111984;7.459443;7.781150,2.905751;3.147779;3.389807,breathing_drone;soft_drone;broad_swell,saturated_saw_cluster,detune_cents=57.421;drift_cents=20.752;drive=7.795;folds=3;alias_percent=73.195;bits=6;hard_sync_percent=63.012;sample_hold_frames=3,2,0.91243494,-6.9600077,-9.233056,7.733056,-1.5,-1.5000007,wav/06_toy_piano_breakdown__42_hockey_goal.wav,2,288000,6.0,1727999,35.99997916666667,0.6722462,0.09788589,-20.185596,-1.3035241e-9,0,0,0.6396567,-20.192104,-3.617043e-10,0.6722462,-20.179102,-2.245344e-9,0.13839512,-17.177584
06-43,short_additive_synth,toy_piano_breakdown,ambulance_siren,86773ff72cc55f86,f8af2f1a4cb0c701,3,3;7;11,129.080658;159.766510;197.747208,sparse-hashed-13edo-gradual-drones-v14,short,5012059e2739bd05,6.800802;6.393698;7.515793,2.704832;2.462804;3.188888,broad_swell;soft_drone;breathing_drone,modal_noise_resonator,detune_cents=42.142;mode_disorder_percent=4.738;resonated_noise_percent=12.745;clean_percent=60.000;parallel_ruin_percent=27.255;drive=4.268;folds=2,3,0.96835387,-11.777192,-8.581013,7.0810127,-1.5,-1.5000012,wav/06_toy_piano_breakdown__43_ambulance_siren.wav,2,288000,6.0,1727999,35.99997916666667,0.53749007,0.098420314,-20.138304,-1.1450472e-9,0,0,0.53749007,-20.150272,-1.1039336e-9,0.4645588,-20.12637,-1.1861607e-9,0.14108376,-17.01046
06-44,short_additive_synth,toy_piano_breakdown,woodshop_process,86773ff72cc55f86,8e1e1d890ae5881a,3,3;7;11,129.080658;159.766510;197.747208,sparse-hashed-13edo-gradual-drones-v14,short,ae4998b0e761777f,4.641806;7.798345;5.761848,1.645283;3.403255;2.129339,soft_drone;breathing_drone;late_bloom,inharmonic_fm,detune_cents=40.680;feedback=0.542;crossfeedback_percent=8.000;index=6.807->3.847;clean_percent=45.000;raw_fm_percent=40.000;parallel_ruin_percent=15.000;phase_drift_radians=0.080;drive=3.188;folds=3,3,0.931641,-8.161477,-16.561934,15.0619335,-1.5,-1.5,wav/06_toy_piano_breakdown__44_woodshop_process.wav,2,288000,6.0,1727999,35.99997916666667,0.73424435,0.09688005,-20.275314,1.0772749e-9,0,0,0.73424435,-20.28584,1.1005544e-9,0.60820746,-20.264812,1.0539953e-9,0.1342982,-17.438595
06-45,short_additive_synth,toy_piano_breakdown,tractor_turning_hay,86773ff72cc55f86,241aba059f6c939a,7,7;11;2,159.766510;197.747208;122.378456,sparse-hashed-13edo-gradual-drones-v14,short,87f4a429a898214d,5.574669;6.061687;6.499556,2.039515;2.281543;2.523571,soft_drone;broad_swell;late_bloom,modal_noise_resonator,detune_cents=39.989;mode_disorder_percent=5.052;resonated_noise_percent=13.386;clean_percent=60.000;parallel_ruin_percent=26.614;drive=4.839;folds=1,2,0.9137625,-7.019259,1.8595996,0.0,-1.5,1.8595996,wav/06_toy_piano_breakdown__45_tractor_turning_hay.wav,2,288000,6.0,1727999,35.99997916666667,0.56457776,0.09803169,-20.17267,2.2968762e-10,0,0,0.56429267,-20.169338,8.7763535e-10,0.56457776,-20.176003,-4.1826012e-10,0.1374779,-17.235342
06-46,short_additive_synth,toy_piano_breakdown,hail_thunder,86773ff72cc55f86,8ca435fa8014940b,8,8;12;3,168.516296;208.577057;129.080658,sparse-hashed-13edo-gradual-drones-v14,short,da2932057c3c6f57,6.531448;6.926404;7.288416,2.542172;2.784200;3.026228,late_bloom;breathing_drone;soft_drone,saturated_saw_cluster,detune_cents=77.992;drift_cents=16.427;drive=9.518;folds=3;alias_percent=62.833;bits=6;hard_sync_percent=55.631;sample_hold_frames=2,2,0.9050844,-6.5836396,-6.461767,4.961767,-1.5,-1.4999995,wav/06_toy_piano_breakdown__46_hail_thunder.wav,2,288000,6.0,1727999,35.99997916666667,0.64358205,0.09780783,-20.192528,-6.114668e-9,0,0,0.64358205,-20.198736,-4.694859e-9,0.61445475,-20.186329,-7.534476e-9,0.13645923,-17.299942
06-47,short_additive_synth,toy_piano_breakdown,marielle_protest,86773ff72cc55f86,b99f4919a8dffbad,11,11;2;6,197.747208;122.378456;151.471039,sparse-hashed-13edo-gradual-drones-v14,short,47524f81993e52ad,5.574434;5.025790;6.499366,2.039404;1.797376;2.523461,breathing_drone;late_bloom;broad_swell,inharmonic_fm,detune_cents=33.858;feedback=0.389;crossfeedback_percent=8.000;index=7.241->2.846;clean_percent=45.000;raw_fm_percent=40.000;parallel_ruin_percent=15.000;phase_drift_radians=0.080;drive=2.932;folds=3,3,0.92642283,-7.831449,-12.002312,10.502312,-1.5,-1.5,wav/06_toy_piano_breakdown__47_marielle_protest.wav,2,288000,6.0,1727999,35.99997916666667,0.54652756,0.09838299,-20.1416,-5.989945e-10,0,0,0.54652756,-20.145847,-9.775782e-10,0.52953756,-20.137356,-2.2041084e-10,0.13954923,-17.105452
06-48,short_additive_synth,toy_piano_breakdown,hair_salon_tools,86773ff72cc55f86,91febc7e6d506cc8,2,2;6;10,122.378456;151.471039;187.479691,sparse-hashed-13edo-gradual-drones-v14,short,58334101995c7e8a,6.581553;6.972175;7.330545,2.571670;2.813698;3.055726,late_bloom;breathing_drone;soft_drone,saturated_saw_cluster,detune_cents=74.093;drift_cents=20.254;drive=8.952;folds=3;alias_percent=61.628;bits=5;hard_sync_percent=69.030;sample_hold_frames=2,2,0.9276128,-7.886715,-11.53254,10.03254,-1.5,-1.5,wav/06_toy_piano_breakdown__48_hair_salon_tools.wav,2,288000,6.0,1727999,35.99997916666667,0.7288751,0.09696694,-20.267527,8.133292e-10,0,0,0.7288751,-20.29313,-6.594038e-10,0.68685424,-20.242071,2.2860622e-9,0.13713539,-17.25701
07-25,short_additive_synth,doepfer_random_melody,thunder_mountain,f41715824a987366,4e2a8e922a968e95,6,6;10;1,151.471039;187.479691;116.024269,sparse-hashed-13edo-gradual-drones-v14,short,3d80f91e69a6415a,4.533025;5.143157;5.678037,1.604584;1.846612;2.088640,soft_drone;broad_swell;late_bloom,inharmonic_fm,detune_cents=32.345;feedback=0.479;crossfeedback_percent=8.000;index=8.350->2.965;clean_percent=45.000;raw_fm_percent=40.000;parallel_ruin_percent=15.000;phase_drift_radians=0.080;drive=2.877;folds=2,2,0.95439136,-10.183376,-15.407101,13.907101,-1.5,-1.5,wav/07_doepfer_random_melody__25_thunder_mountain.wav,2,288000,6.0,1727999,35.99997916666667,0.5272122,0.09809119,-20.1674,3.587719e-9,0,0,0.5159869,-20.176603,4.351925e-9,0.5272122,-20.158216,2.8235132e-9,0.13887782,-17.147343
07-26,short_additive_synth,doepfer_random_melody,inside_car_wash,f41715824a987366,903a06c594b2e6cb,12,12;3;7,208.577057;129.080658;159.766510,sparse-hashed-13edo-gradual-drones-v14,short,3338fa7ab45b558e,6.420024;5.973633;5.476046,2.477778;2.235750;1.993722,broad_swell;soft_drone;breathing_drone,saturated_saw_cluster,detune_cents=67.311;drift_cents=14.001;drive=7.809;folds=4;alias_percent=73.945;bits=7;hard_sync_percent=48.539;sample_hold_frames=3,3,0.9283433,-7.9660254,-15.88106,14.38106,-1.5,-1.4999995,wav/07_doepfer_random_melody__26_inside_car_wash.wav,2,288000,6.0,1727999,35.99997916666667,0.7246829,0.097175196,-20.248892,-1.3968943e-8,0,0,0.6263391,-20.213366,-8.960074e-9,0.7246829,-20.28471,-1.8977813e-8,0.13528536,-17.374985
07-27,short_additive_synth,doepfer_random_melody,peru_new_year_fireworks,f41715824a987366,83317dd5c74822ca,3,3;7;11,129.080658;159.766510;197.747208,sparse-hashed-13edo-gradual-drones-v14,short,a30e80c5c1fcf5ff,4.882089;7.916168;5.948665,1.738877;3.496849;2.222934,broad_swell;soft_drone;breathing_drone,inharmonic_fm,detune_cents=46.237;feedback=0.433;crossfeedback_percent=8.000;index=6.507->3.361;clean_percent=45.000;raw_fm_percent=40.000;parallel_ruin_percent=15.000;phase_drift_radians=0.080;drive=3.166;folds=3,3,0.9299134,-8.096625,-10.554681,9.054681,-1.5,-1.5000007,wav/07_doepfer_random_melody__27_peru_new_year_fireworks.wav,2,288000,6.0,1727999,35.99997916666667,0.48136252,0.0984067,-20.139505,-2.655284e-9,0,0,0.47679824,-20.139091,-2.1218318e-9,0.48136252,-20.139921,-3.1887362e-9,0.13749404,-17.234322
07-28,short_additive_synth,doepfer_random_melody,efteling_steam_train,f41715824a987366,9a412959184abdf9,11,11;2;6,197.747208;122.378456;151.471039,sparse-hashed-13edo-gradual-drones-v14,short,95e77196a862e048,6.427225;5.981612;5.484993,2.481890;2.239862;1.997834,broad_swell;soft_drone;breathing_drone,modal_noise_resonator,detune_cents=45.000;mode_disorder_percent=3.931;resonated_noise_percent=11.762;clean_percent=60.000;parallel_ruin_percent=28.238;drive=4.365;folds=2,3,0.92866695,-8.029256,-8.211973,6.711973,-1.5,-1.5,wav/07_doepfer_random_melody__28_efteling_steam_train.wav,2,288000,6.0,1727999,35.99997916666667,0.45607662,0.098432936,-20.137192,-8.9619845e-10,0,0,0.4526593,-20.142134,-1.3166517e-9,0.45607662,-20.132256,-4.757452e-10,0.13846764,-17.173035
07-29,short_additive_synth,doepfer_random_melody,helicopter_takeoff,f41715824a987366,4534148b4903c233,4,4;8;12,136.149902;168.516296;208.577057,sparse-hashed-13edo-gradual-drones-v14,short,e0bafa1cb0188b66,7.200759;6.831042;6.426898,2.965759;2.723731;2.481703,broad_swell;soft_drone;breathing_drone,saturated_saw_cluster,detune_cents=65.472;drift_cents=16.763;drive=8.303;folds=4;alias_percent=66.755;bits=7;hard_sync_percent=46.156;sample_hold_frames=4,3,0.930213,-8.0838375,-11.3122425,9.8122425,-1.5,-1.5,wav/07_doepfer_random_melody__29_helicopter_takeoff.wav,2,288000,6.0,1727999,35.99997916666667,0.5570406,0.09820639,-20.157204,4.4022412e-9,0,0,0.5570406,-20.152836,1.647922e-9,0.53526855,-20.16158,7.1565607e-9,0.14059484,-17.040613
07-30,short_additive_synth,doepfer_random_melody,scuba_bubbles,f41715824a987366,d2eaf6d35c117589,9,9;0;4,177.745285;110.000000;136.149902,sparse-hashed-13edo-gradual-drones-v14,short,7fc1fb9458550639,6.174610;5.700800;5.168895,2.341645;2.099617;1.857589,broad_swell;soft_drone;breathing_drone,modal_noise_resonator,detune_cents=48.241;mode_disorder_percent=5.309;resonated_noise_percent=11.932;clean_percent=60.000;parallel_ruin_percent=28.068;drive=5.164;folds=2,3,0.92942077,-8.04261,-11.39194,9.89194,-1.5,-1.5000007,wav/07_doepfer_random_melody__30_scuba_bubbles.wav,2,288000,6.0,1727999,35.99997916666667,0.5093721,0.09836518,-20.143173,1.6963461e-9,0,0,0.4861204,-20.145273,1.4003823e-9,0.5093721,-20.141071,1.9923099e-9,0.13896802,-17.141703
07-31,short_additive_synth,doepfer_random_melody,building_demolition,f41715824a987366,d502a0866ac3b927,3,3;7;11,129.080658;159.766510;197.747208,sparse-hashed-13edo-gradual-drones-v14,short,b780538ce8b7ae00,7.893002;7.579776;5.407056,3.478245;3.236217;1.962301,soft_drone;breathing_drone;late_bloom,saturated_saw_cluster,detune_cents=60.043;drift_cents=23.420;drive=8.721;folds=4;alias_percent=62.113;bits=7;hard_sync_percent=49.307;sample_hold_frames=3,3,0.9290105,-7.991636,-15.744161,14.244161,-1.5,-1.4999995,wav/07_doepfer_random_melody__31_building_demolition.wav,2,288000,6.0,1727999,35.99997916666667,0.5248515,0.09854171,-20.1276,-6.8173234e-10,0,0,0.5248515,-20.13546,2.4983244e-9,0.42042267,-20.119751,-3.861789e-9,0.13710505,-17.258932
07-32,short_additive_synth,doepfer_random_melody,finnish_blacksmith,f41715824a987366,8828c2d1c0ff4488,10,10;1;5,187.479691;116.024269;143.606293,sparse-hashed-13edo-gradual-drones-v14,short,b7864aad43f8a32a,7.832108;4.711358;5.298529,3.429816;1.671844;1.913872,broad_swell;late_bloom;breathing_drone,saturated_saw_cluster,detune_cents=66.028;drift_cents=14.454;drive=9.024;folds=3;alias_percent=74.981;bits=6;hard_sync_percent=58.102;sample_hold_frames=2,2,0.95220387,-9.895107,-15.050539,13.550539,-1.5,-1.5,wav/07_doepfer_random_melody__32_finnish_blacksmith.wav,2,288000,6.0,1727999,35.99997916666667,0.56179035,0.09836147,-20.1435,3.013776e-10,0,0,0.51272035,-20.136509,4.9650972e-9,0.56179035,-20.150501,-4.362342e-9,0.13795441,-17.205288
07-33,short_additive_synth,doepfer_random_melody,cattle_auction,f41715824a987366,63aeff78df8557af,12,12;3;7,208.577057;129.080658;159.766510,sparse-hashed-13edo-gradual-drones-v14,short,90c53e0a2e42d6c5,4.703803;5.291931;5.809830,1.668939;1.910967;2.152995,late_bloom;breathing_drone;soft_drone,saturated_saw_cluster,detune_cents=67.448;drift_cents=22.575;drive=9.532;folds=3;alias_percent=75.660;bits=7;hard_sync_percent=52.112;sample_hold_frames=4,2,0.9527589,-9.939565,-16.156971,14.656971,-1.5,-1.4999995,wav/07_doepfer_random_melody__33_cattle_auction.wav,2,288000,6.0,1727999,35.99997916666667,0.50426346,0.09804988,-20.171059,1.2634487e-9,0,0,0.50426346,-20.171524,3.3730068e-9,0.5040008,-20.170595,-8.461093e-10,0.1451538,-16.763432
07-34,short_additive_synth,doepfer_random_melody,ferry_alarm,f41715824a987366,63fa0671c3c8b3fd,10,10;1;5,187.479691;116.024269;143.606293,sparse-hashed-13edo-gradual-drones-v14,short,8937922d902c809d,6.575909;6.967017;7.325796,2.568331;2.810359;3.052387,soft_drone;broad_swell;late_bloom,modal_noise_resonator,detune_cents=51.601;mode_disorder_percent=4.592;resonated_noise_percent=13.688;clean_percent=60.000;parallel_ruin_percent=26.312;drive=4.569;folds=1,2,0.94259256,-8.987547,-9.23675,7.7367496,-1.5,-1.5,wav/07_doepfer_random_melody__34_ferry_alarm.wav,2,288000,6.0,1727999,35.99997916666667,0.6242893,0.09794596,-20.180271,-5.7385874e-9,0,0,0.5714527,-20.174084,-5.6348495e-9,0.6242893,-20.186464,-5.8423253e-9,0.13283907,-17.533484
07-35,short_additive_synth,doepfer_random_melody,flooded_mine,f41715824a987366,5ef5719090cb3c3e,10,10;1;5,187.479691;116.024269;143.606293,sparse-hashed-13edo-gradual-drones-v14,short,4debb1bd0bf44b1f,7.834303;7.516655;5.302461,3.431550;3.189521;1.915606,broad_swell;soft_drone;breathing_drone,saturated_saw_cluster,detune_cents=71.009;drift_cents=13.982;drive=7.642;folds=4;alias_percent=77.375;bits=7;hard_sync_percent=65.227;sample_hold_frames=2,3,0.9270316,-7.880383,-8.923142,7.4231424,-1.5,-1.5,wav/07_doepfer_random_melody__35_flooded_mine.wav,2,288000,6.0,1727999,35.99997916666667,0.6228567,0.09788328,-20.185831,9.911582e-10,0,0,0.607318,-20.16864,2.0710562e-10,0.6228567,-20.203087,1.7752108e-9,0.13740838,-17.239737
07-36,short_additive_synth,doepfer_random_melody,cappuccino_process,f41715824a987366,c9cb796a64de33e2,7,7;11;2,159.766510;197.747208;122.378456,sparse-hashed-13edo-gradual-drones-v14,short,092efb3d07e0aa19,7.694560;7.366122;7.010799,3.322890;3.080862;2.838834,broad_swell;soft_drone;breathing_drone,saturated_saw_cluster,detune_cents=75.956;drift_cents=12.139;drive=7.181;folds=4;alias_percent=64.095;bits=5;hard_sync_percent=65.893;sample_hold_frames=2,3,0.92725724,-7.854664,-10.899204,9.399204,-1.5,-1.4999995,wav/07_doepfer_random_melody__36_cappuccino_process.wav,2,288000,6.0,1727999,35.99997916666667,0.7100905,0.09666828,-20.294321,-1.288158e-9,0,0,0.70787185,-20.293379,3.1426177e-9,0.7100905,-20.295261,-5.7189338e-9,0.1366928,-17.285088
07-37,short_additive_synth,doepfer_random_melody,tennis_match,f41715824a987366,09cb934e68f8f084,8,8;12;3,168.516296;208.577057;129.080658,sparse-hashed-13edo-gradual-drones-v14,short,43ca0fd5b214247b,4.737735;5.321581;5.836156,1.682029;1.924057;2.166085,broad_swell;late_bloom;breathing_drone,modal_noise_resonator,detune_cents=47.870;mode_disorder_percent=5.635;resonated_noise_percent=11.454;clean_percent=60.000;parallel_ruin_percent=28.546;drive=4.369;folds=1,2,0.94021827,-8.863539,-10.664178,9.164178,-1.5,-1.5000007,wav/07_doepfer_random_melody__37_tennis_match.wav,2,288000,6.0,1727999,35.99997916666667,0.6205724,0.09803483,-20.17239,-9.574024e-10,0,0,0.5797101,-20.147665,1.8480865e-9,0.6205724,-20.197262,-3.7628913e-9,0.13724133,-17.250301
07-38,short_additive_synth,doepfer_random_melody,chainsaw_cycle,f41715824a987366,5c7feb9d452f2bef,10,10;1;5,187.479691;116.024269;143.606293,sparse-hashed-13edo-gradual-drones-v14,short,b26fe386c4117217,5.151280;5.685219;6.160643,1.850069;2.092098;2.334126,soft_drone;broad_swell;late_bloom,modal_noise_resonator,detune_cents=47.163;mode_disorder_percent=4.082;resonated_noise_percent=13.358;clean_percent=60.000;parallel_ruin_percent=26.642;drive=4.943;folds=1,2,0.9517459,-9.878271,-8.049582,6.5495815,-1.5,-1.5,wav/07_doepfer_random_melody__38_chainsaw_cycle.wav,2,288000,6.0,1727999,35.99997916666667,0.6103404,0.09677005,-20.285183,2.664902e-9,0,0,0.6103404,-20.279188,5.666606e-10,0.56849647,-20.29118,4.7631437e-9,0.13401237,-17.457102
07-39,short_additive_synth,doepfer_random_melody,near_foghorn,f41715824a987366,1d6af12c6225ab62,10,10;1;5,187.479691;116.024269;143.606293,sparse-hashed-13edo-gradual-drones-v14,short,ee7436acfeb2f3d6,4.751695;7.851818;7.535496,1.687445;3.445416;3.203388,broad_swell;soft_drone;breathing_drone,saturated_saw_cluster,detune_cents=80.042;drift_cents=22.662;drive=9.974;folds=4;alias_percent=68.380;bits=5;hard_sync_percent=63.660;sample_hold_frames=3,3,0.92894936,-7.964731,-13.589928,12.089928,-1.5,-1.5000019,wav/07_doepfer_random_melody__39_near_foghorn.wav,2,288000,6.0,1727999,35.99997916666667,0.5420869,0.09731796,-20.23614,4.3741295e-8,0,0,0.5067775,-20.202255,3.6772388e-8,0.5420869,-20.270292,5.0710206e-8,0.13438095,-17.433245
07-40,short_additive_synth,doepfer_random_melody,barcelona_gate_pa,f41715824a987366,e28efd5cee017776,0,0;4;8,110.000000;136.149902;168.516296,sparse-hashed-13edo-gradual-drones-v14,short,58ef792ddb559f30,5.931863;6.382353;4.860599,2.214350;2.456378;1.730294,broad_swell;late_bloom;breathing_drone,modal_noise_resonator,detune_cents=53.077;mode_disorder_percent=5.657;resonated_noise_percent=17.391;clean_percent=60.000;parallel_ruin_percent=22.609;drive=4.592;folds=1,2,0.95273155,-9.914896,-14.008774,12.508774,-1.5,-1.4999995,wav/07_doepfer_random_melody__40_barcelona_gate_pa.wav,2,288000,6.0,1727999,35.99997916666667,0.7248501,0.09576406,-20.375948,1.1606294e-8,0,0,0.65679854,-20.321983,1.3604831e-8,0.7248501,-20.430593,9.607756e-9,0.1360873,-17.323648
07-41,short_additive_synth,doepfer_random_melody,delhi_subway_cycle,f41715824a987366,3187a582eafedd91,2,2;6;10,122.378456;151.471039;187.479691,sparse-hashed-13edo-gradual-drones-v14,short,033c51796570b747,5.639054;6.119287;6.551664,2.069977;2.312005;2.554033,broad_swell;late_bloom;breathing_drone,inharmonic_fm,detune_cents=37.590;feedback=0.495;crossfeedback_percent=8.000;index=6.888->3.005;clean_percent=45.000;raw_fm_percent=40.000;parallel_ruin_percent=15.000;phase_drift_radians=0.080;drive=2.492;folds=2,2,0.95230967,-9.877952,-12.358154,10.858154,-1.5,-1.4999987,wav/07_doepfer_random_melody__41_delhi_subway_cycle.wav,2,288000,6.0,1727999,35.99997916666667,0.535893,0.09802886,-20.17292,-1.530293e-9,0,0,0.535893,-20.19245,-1.6650262e-9,0.51982623,-20.15348,-1.3955597e-9,0.13820639,-17.189438
07-42,short_additive_synth,doepfer_random_melody,hockey_goal,f41715824a987366,7338d14d9c7d0103,6,6;10;1,151.471039;187.479691;116.024269,sparse-hashed-13edo-gradual-drones-v14,short,7b504fbb5db3e71a,4.969994;5.525296;7.651855,1.774432;2.016460;3.290376,soft_drone;broad_swell;late_bloom,inharmonic_fm,detune_cents=31.935;feedback=0.475;crossfeedback_percent=8.000;index=7.063->3.880;clean_percent=45.000;raw_fm_percent=40.000;parallel_ruin_percent=15.000;phase_drift_radians=0.080;drive=2.407;folds=2,2,0.95231324,-9.920709,-7.4312906,5.9312906,-1.5,-1.5,wav/07_doepfer_random_melody__42_hockey_goal.wav,2,288000,6.0,1727999,35.99997916666667,0.5920251,0.0980475,-20.17127,-2.8452612e-10,0,0,0.5634872,-20.170004,-1.5893873e-9,0.5920251,-20.172535,1.020335e-9,0.13816996,-17.191727
07-43,short_additive_synth,doepfer_random_melody,ambulance_siren,f41715824a987366,f8af2f1a4cb0c701,1,1;5;9,116.024269;143.606293;177.745285,sparse-hashed-13edo-gradual-drones-v14,short,20ed5481a08605f3,7.017720;7.372499;7.700473,2.843361;3.085389;3.327417,broad_swell;late_bloom;breathing_drone,modal_noise_resonator,detune_cents=42.639;mode_disorder_percent=4.340;resonated_noise_percent=15.175;clean_percent=60.000;parallel_ruin_percent=24.825;drive=4.925;folds=1,2,0.941707,-8.957345,-9.979013,8.479013,-1.5,-1.5,wav/07_doepfer_random_melody__43_ambulance_siren.wav,2,288000,6.0,1727999,35.99997916666667,0.568547,0.0984702,-20.133904,-2.1031094e-10,0,0,0.568547,-20.14307,-1.1194959e-9,0.44791442,-20.124756,6.9887407e-10,0.13485754,-17.402494
07-44,short_additive_synth,doepfer_random_melody,woodshop_process,f41715824a987366,8e1e1d890ae5881a,7,7;11;2,159.766510;197.747208;122.378456,sparse-hashed-13edo-gradual-drones-v14,short,3c139e800505e0cd,6.000451;6.444231;6.846838,2.249599;2.491627;2.733655,broad_swell;late_bloom;breathing_drone,modal_noise_resonator,detune_cents=43.655;mode_disorder_percent=3.636;resonated_noise_percent=17.306;clean_percent=60.000;parallel_ruin_percent=22.694;drive=4.001;folds=1,2,0.95330787,-9.999067,-9.085695,7.5856953,-1.5,-1.4999995,wav/07_doepfer_random_melody__44_woodshop_process.wav,2,288000,6.0,1727999,35.99997916666667,0.58325505,0.09725574,-20.241695,-3.4452354e-9,0,0,0.58325505,-20.241192,-3.7187478e-9,0.57884425,-20.242197,-3.171723e-9,0.13806172,-17.198534
07-45,short_additive_synth,doepfer_random_melody,tractor_turning_hay,f41715824a987366,241aba059f6c939a,11,11;2;6,197.747208;122.378456;151.471039,sparse-hashed-13edo-gradual-drones-v14,short,cc3991ec18c52a7f,5.177447;5.708367;6.181396,1.861250;2.103278;2.345306,breathing_drone;soft_drone;broad_swell,inharmonic_fm,detune_cents=41.831;feedback=0.460;crossfeedback_percent=8.000;index=8.428->3.896;clean_percent=45.000;raw_fm_percent=40.000;parallel_ruin_percent=15.000;phase_drift_radians=0.080;drive=2.878;folds=2,2,0.952306,-9.840612,-15.870474,14.370474,-1.5,-1.4999995,wav/07_doepfer_random_melody__45_tractor_turning_hay.wav,2,288000,6.0,1727999,35.99997916666667,0.52119005,0.09840419,-20.139729,4.947184e-9,0,0,0.52119005,-20.160324,5.284589e-9,0.4595561,-20.119228,4.6097792e-9,0.14168997,-16.973217
07-46,short_additive_synth,doepfer_random_melody,hail_thunder,f41715824a987366,8ca435fa8014940b,0,0;4;8,110.000000;136.149902;168.516296,sparse-hashed-13edo-gradual-drones-v14,short,62c3853478964bd5,6.489819;6.888409;5.562618,2.517920;2.759948;2.033863,breathing_drone;soft_drone;broad_swell,modal_noise_resonator,detune_cents=52.198;mode_disorder_percent=4.120;resonated_noise_percent=12.125;clean_percent=60.000;parallel_ruin_percent=27.875;drive=4.619;folds=1,2,0.95289296,-9.933189,-9.114093,7.614093,-1.5,-1.5000007,wav/07_doepfer_random_melody__46_hail_thunder.wav,2,288000,6.0,1727999,35.99997916666667,0.57203346,0.09797706,-20.177513,2.491738e-10,0,0,0.5263272,-20.17323,7.354841e-10,0.57203346,-20.181799,-2.3713656e-10,0.13597631,-17.330734
07-47,short_additive_synth,doepfer_random_melody,marielle_protest,f41715824a987366,b99f4919a8dffbad,1,1;5;9,116.024269;143.606293;177.745285,sparse-hashed-13edo-gradual-drones-v14,short,dd2fd0dade6ba233,4.352993;4.987151;5.540398,1.539428;1.781456;2.023484,broad_swell;late_bloom;breathing_drone,saturated_saw_cluster,detune_cents=75.990;drift_cents=12.972;drive=8.654;folds=3;alias_percent=62.348;bits=5;hard_sync_percent=69.932;sample_hold_frames=2,2,0.9472307,-9.4337635,-5.688191,4.188191,-1.5,-1.5,wav/07_doepfer_random_melody__47_marielle_protest.wav,2,288000,6.0,1727999,35.99997916666667,0.65781474,0.09807619,-20.168728,9.912735e-10,0,0,0.5785453,-20.147816,-1.9044677e-9,0.65781474,-20.189743,3.8870147e-9,0.13807991,-17.19739
07-48,short_additive_synth,doepfer_random_melody,hair_salon_tools,f41715824a987366,91febc7e6d506cc8,9,9;0;4,177.745285;110.000000;136.149902,sparse-hashed-13edo-gradual-drones-v14,short,c2ad681d4b51aae8,5.159271;5.692287;7.754952,1.853477;2.095505;3.369421,broad_swell;late_bloom;breathing_drone,inharmonic_fm,detune_cents=34.540;feedback=0.471;crossfeedback_percent=8.000;index=6.894->3.398;clean_percent=45.000;raw_fm_percent=40.000;parallel_ruin_percent=15.000;phase_drift_radians=0.080;drive=3.200;folds=2,2,0.9522819,-9.891689,-12.844119,11.344119,-1.5,-1.5,wav/07_doepfer_random_melody__48_hair_salon_tools.wav,2,288000,6.0,1727999,35.99997916666667,0.52404743,0.09837653,-20.142172,-1.802866e-9,0,0,0.52404743,-20.14844,-2.5161204e-9,0.5235323,-20.13591,-1.0896115e-9,0.1367881,-17.279034
08-25,short_additive_synth,astana_brass_band,thunder_mountain,3e460675755e6cb4,4e2a8e922a968e95,5,5;9;0,143.606293;177.745285;110.000000,sparse-hashed-13edo-gradual-drones-v14,short,215a6df0eda05b7a,6.154188;6.583271;6.973745,2.330660;2.572688;2.814716,late_bloom;breathing_drone;soft_drone,modal_noise_resonator,detune_cents=39.120;mode_disorder_percent=3.071;resonated_noise_percent=10.029;clean_percent=60.000;parallel_ruin_percent=29.971;drive=3.842;folds=1,2,0.9617098,-10.887608,-8.632249,7.132249,-1.5,-1.4999995,wav/08_astana_brass_band__25_thunder_mountain.wav,2,288000,6.0,1727999,35.99997916666667,0.5751102,0.09809336,-20.167208,2.2168596e-9,0,0,0.53280944,-20.181295,1.2132802e-10,0.5751102,-20.153164,4.3123913e-9,0.13710597,-17.258873
08-26,short_additive_synth,astana_brass_band,inside_car_wash,3e460675755e6cb4,903a06c594b2e6cb,8,8;12;3,168.516296;208.577057;129.080658,sparse-hashed-13edo-gradual-drones-v14,short,ba4a401343ddddee,6.054024;6.492628;6.890972,2.277521;2.519549;2.761577,soft_drone;broad_swell;late_bloom,saturated_saw_cluster,detune_cents=83.088;drift_cents=17.258;drive=9.252;folds=3;alias_percent=68.932;bits=5;hard_sync_percent=49.439;sample_hold_frames=2,2,0.9626003,-11.009936,-13.09576,11.59576,-1.5,-1.4999995,wav/08_astana_brass_band__26_inside_car_wash.wav,2,288000,6.0,1727999,35.99997916666667,0.6850543,0.09746535,-20.222996,9.153905e-9,0,0,0.6850543,-20.197472,8.72883e-9,0.6738496,-20.24867,9.57898e-9,0.13571532,-17.347424
08-27,short_additive_synth,astana_brass_band,peru_new_year_fireworks,3e460675755e6cb4,83317dd5c74822ca,8,8;12;3,168.516296;208.577057;129.080658,sparse-hashed-13edo-gradual-drones-v14,short,5e095d80783f6e1f,7.854380;4.756925;5.338361,3.447450;1.689478;1.931506,broad_swell;late_bloom;breathing_drone,saturated_saw_cluster,detune_cents=78.269;drift_cents=15.848;drive=9.096;folds=3;alias_percent=68.767;bits=5;hard_sync_percent=54.046;sample_hold_frames=4,2,0.9653979,-11.368232,-11.67318,10.17318,-1.5,-1.5,wav/08_astana_brass_band__27_peru_new_year_fireworks.wav,2,288000,6.0,1727999,35.99997916666667,0.5031903,0.09830367,-20.148605,-1.0620482e-10,0,0,0.4815668,-20.151308,-3.6508143e-9,0.5031903,-20.145905,3.4384047e-9,0.13838366,-17.178305
08-28,short_additive_synth,astana_brass_band,efteling_steam_train,3e460675755e6cb4,9a412959184abdf9,11,11;2;6,197.747208;122.378456;151.471039,sparse-hashed-13edo-gradual-drones-v14,short,2f1644cb75282b28,5.725164;6.196464;6.621585,2.111429;2.353457;2.595485,broad_swell;late_bloom;breathing_drone,inharmonic_fm,detune_cents=44.217;feedback=0.353;crossfeedback_percent=8.000;index=8.601->3.842;clean_percent=45.000;raw_fm_percent=40.000;parallel_ruin_percent=15.000;phase_drift_radians=0.080;drive=2.994;folds=2,2,0.96180147,-10.918716,-4.8452325,3.3452325,-1.5,-1.5,wav/08_astana_brass_band__28_efteling_steam_train.wav,2,288000,6.0,1727999,35.99997916666667,0.49343377,0.09838345,-20.14156,-1.4046986e-9,0,0,0.49343377,-20.140823,3.3013454e-9,0.4862579,-20.142292,-6.1107426e-9,0.13928677,-17.121803
08-29,short_additive_synth,astana_brass_band,helicopter_takeoff,3e460675755e6cb4,4534148b4903c233,8,8;12;3,168.516296;208.577057;129.080658,sparse-hashed-13edo-gradual-drones-v14,short,36666a0bad10d386,5.776674;5.254558;6.663535,2.136621;1.894592;2.620677,broad_swell;soft_drone;breathing_drone,modal_noise_resonator,detune_cents=44.721;mode_disorder_percent=3.328;resonated_noise_percent=12.486;clean_percent=60.000;parallel_ruin_percent=27.514;drive=4.314;folds=2,3,0.92790174,-7.934443,-5.124072,3.624072,-1.5,-1.4999995,wav/08_astana_brass_band__29_helicopter_takeoff.wav,2,288000,6.0,1727999,35.99997916666667,0.57702464,0.09811591,-20.16521,-3.952855e-9,0,0,0.56390655,-20.158682,-8.400248e-9,0.57702464,-20.17175,4.945381e-10,0.13801605,-17.201408
08-30,short_additive_synth,astana_brass_band,scuba_bubbles,3e460675755e6cb4,d2eaf6d35c117589,6,6;10;1,151.471039;187.479691;116.024269,sparse-hashed-13edo-gradual-drones-v14,short,04ec53ea7959b459,6.563635;6.955802;5.653820,2.561082;2.803111;2.077026,late_bloom;breathing_drone;soft_drone,modal_noise_resonator,detune_cents=43.973;mode_disorder_percent=3.651;resonated_noise_percent=11.536;clean_percent=60.000;parallel_ruin_percent=28.464;drive=4.799;folds=1,2,0.9628226,-11.046676,-7.599733,6.099733,-1.5,-1.5,wav/08_astana_brass_band__30_scuba_bubbles.wav,2,288000,6.0,1727999,35.99997916666667,0.5208862,0.09837757,-20.142078,-1.0500176e-9,0,0,0.5208862,-20.154732,-1.3265482e-10,0.42498395,-20.129461,-1.9673805e-9,0.13701262,-17.26479
08-31,short_additive_synth,astana_brass_band,building_demolition,3e460675755e6cb4,d502a0866ac3b927,11,11;2;6,197.747208;122.378456;151.471039,sparse-hashed-13edo-gradual-drones-v14,short,741c6a5aaa7742a0,7.503991;7.160222;6.786885,3.180234;2.938206;2.696177,broad_swell;soft_drone;breathing_drone,saturated_saw_cluster,detune_cents=65.616;drift_cents=17.264;drive=8.428;folds=4;alias_percent=67.589;bits=6;hard_sync_percent=50.214;sample_hold_frames=4,3,0.9311441,-8.134763,-7.897131,6.397131,-1.5,-1.4999995,wav/08_astana_brass_band__31_building_demolition.wav,2,288000,6.0,1727999,35.99997916666667,0.5281209,0.0984897,-20.132183,2.663885e-9,0,0,0.5281209,-20.139685,-1.4999363e-9,0.47296363,-20.124695,6.827706e-9,0.13993244,-17.08163
08-32,short_additive_synth,astana_brass_band,finnish_blacksmith,3e460675755e6cb4,8828c2d1c0ff4488,12,12;3;7,208.577057;129.080658;159.766510,sparse-hashed-13edo-gradual-drones-v14,short,2d6473c10c65be4a,5.134650;5.670517;6.147466,1.842999;2.085027;2.327055,breathing_drone;soft_drone;broad_swell,modal_noise_resonator,detune_cents=42.412;mode_disorder_percent=3.834;resonated_noise_percent=15.775;clean_percent=60.000;parallel_ruin_percent=24.225;drive=4.034;folds=1,2,0.9627254,-11.014784,-5.7050104,4.2050104,-1.5,-1.5,wav/08_astana_brass_band__32_finnish_blacksmith.wav,2,288000,6.0,1727999,35.99997916666667,0.5957412,0.09831263,-20.147816,-4.324277e-9,0,0,0.55603665,-20.14303,-2.1795898e-9,0.5957412,-20.152603,-6.4689645e-9,0.13937892,-17.116058
08-33,short_additive_synth,astana_brass_band,cattle_auction,3e460675755e6cb4,63aeff78df8557af,0,0;4;8,110.000000;136.149902;168.516296,sparse-hashed-13edo-gradual-drones-v14,short,bb7a524fd41967e5,4.837846;7.894225;7.581090,1.721253;3.479225;3.237196,late_bloom;broad_swell;soft_drone,modal_noise_resonator,detune_cents=51.514;mode_disorder_percent=5.561;resonated_noise_percent=15.233;clean_percent=60.000;parallel_ruin_percent=24.767;drive=4.333;folds=2,3,0.92617315,-7.799737,3.0848029,0.0,-1.5,3.0848029,wav/08_astana_brass_band__33_cattle_auction.wav,2,288000,6.0,1727999,35.99997916666667,0.46727243,0.09815747,-20.161533,-6.609947e-10,0,0,0.45680928,-20.159279,-3.431982e-9,0.46727243,-20.163788,2.1099926e-9,0.1259031,-17.999271
08-34,short_additive_synth,astana_brass_band,ferry_alarm,3e460675755e6cb4,63fa0671c3c8b3fd,4,4;8;12,136.149902;168.516296;208.577057,sparse-hashed-13edo-gradual-drones-v14,short,4c2e7855640b303d,7.561149;7.222055;4.800265,3.222366;2.980338;1.706422,breathing_drone;late_bloom;broad_swell,inharmonic_fm,detune_cents=35.317;feedback=0.397;crossfeedback_percent=8.000;index=8.957->2.501;clean_percent=45.000;raw_fm_percent=40.000;parallel_ruin_percent=15.000;phase_drift_radians=0.080;drive=2.994;folds=3,3,0.93443984,-8.366382,-7.0927105,5.5927105,-1.5,-1.5,wav/08_astana_brass_band__34_ferry_alarm.wav,2,288000,6.0,1727999,35.99997916666667,0.69028777,0.09792233,-20.182364,-7.383455e-10,0,0,0.6205136,-20.180643,-1.0729274e-9,0.69028777,-20.184088,-4.0376355e-10,0.13260318,-17.548922
08-35,short_additive_synth,astana_brass_band,flooded_mine,3e460675755e6cb4,5ef5719090cb3c3e,6,6;10;1,151.471039;187.479691;116.024269,sparse-hashed-13edo-gradual-drones-v14,short,0c6089087bca5dbf,7.835828;4.718986;7.175704,3.432755;1.674783;2.948699,late_bloom;breathing_drone;breathing_drone,inharmonic_fm,detune_cents=40.780;feedback=0.474;crossfeedback_percent=8.000;index=6.217->3.301;clean_percent=45.000;raw_fm_percent=40.000;parallel_ruin_percent=15.000;phase_drift_radians=0.080;drive=2.967;folds=2,2,0.9610704,-10.839448,-13.203645,11.703645,-1.5,-1.4999995,wav/08_astana_brass_band__35_flooded_mine.wav,2,288000,6.0,1727999,35.99997916666667,0.72568536,0.09790283,-20.184095,2.4399722e-9,0,0,0.5376908,-20.16526,3.4304974e-9,0.72568536,-20.203014,1.4494468e-9,0.13960704,-17.101852
08-36,short_additive_synth,astana_brass_band,cappuccino_process,3e460675755e6cb4,c9cb796a64de33e2,1,1;5;9,116.024269;143.606293;177.745285,sparse-hashed-13edo-gradual-drones-v14,short,13ed89e3122a8139,4.387074;5.016617;5.566350,1.551556;1.793584;2.035612,broad_swell;late_bloom;breathing_drone,saturated_saw_cluster,detune_cents=72.880;drift_cents=19.421;drive=8.743;folds=3;alias_percent=60.240;bits=5;hard_sync_percent=56.279;sample_hold_frames=3,2,0.9653421,-11.363351,-10.670247,9.170247,-1.5,-1.5000007,wav/08_astana_brass_band__36_cappuccino_process.wav,2,288000,6.0,1727999,35.99997916666667,0.7363958,0.09621311,-20.335314,-1.5785822e-9,0,0,0.7363958,-20.35889,-1.823022e-9,0.71234065,-20.311867,-1.3341424e-9,0.1356265,-17.35311
08-37,short_additive_synth,astana_brass_band,tennis_match,3e460675755e6cb4,09cb934e68f8f084,4,4;8;12,136.149902;168.516296;208.577057,sparse-hashed-13edo-gradual-drones-v14,short,a309422273e4f21b,6.902119;7.266078;6.067535,2.768674;3.010702;2.284618,late_bloom;breathing_drone;soft_drone,saturated_saw_cluster,detune_cents=56.330;drift_cents=16.897;drive=8.078;folds=3;alias_percent=71.640;bits=6;hard_sync_percent=52.040;sample_hold_frames=4,2,0.96143377,-10.860052,-11.3393345,9.8393345,-1.5,-1.5,wav/08_astana_brass_band__37_tennis_match.wav,2,288000,6.0,1727999,35.99997916666667,0.66048384,0.097502105,-20.219719,-9.471202e-10,0,0,0.6077268,-20.186855,-2.2763378e-9,0.66048384,-20.252836,3.8209744e-10,0.13694173,-17.269283
08-38,short_additive_synth,astana_brass_band,chainsaw_cycle,3e460675755e6cb4,5c7feb9d452f2bef,6,6;10;1,151.471039;187.479691;116.024269,sparse-hashed-13edo-gradual-drones-v14,short,e3f27ff6741cd5b7,4.625577;5.223691;7.469518,1.639146;1.881174;3.155090,late_bloom;breathing_drone;soft_drone,modal_noise_resonator,detune_cents=50.916;mode_disorder_percent=5.120;resonated_noise_percent=10.511;clean_percent=60.000;parallel_ruin_percent=29.489;drive=4.189;folds=1,2,0.9616638,-10.892141,-4.105962,2.6059618,-1.5,-1.5,wav/08_astana_brass_band__38_chainsaw_cycle.wav,2,288000,6.0,1727999,35.99997916666667,0.6959335,0.096591994,-20.301178,2.9079489e-11,0,0,0.6959335,-20.305998,-6.017682e-10,0.6624602,-20.296362,6.5992717e-10,0.13670526,-17.284296
08-39,short_additive_synth,astana_brass_band,near_foghorn,3e460675755e6cb4,1d6af12c6225ab62,12,12;3;7,208.577057;129.080658;159.766510,sparse-hashed-13edo-gradual-drones-v14,short,21758323cb51faf6,5.259595;5.781141;7.810426,1.896791;2.138819;3.412735,breathing_drone;soft_drone;broad_swell,inharmonic_fm,detune_cents=29.520;feedback=0.410;crossfeedback_percent=8.000;index=7.427->3.857;clean_percent=45.000;raw_fm_percent=40.000;parallel_ruin_percent=15.000;phase_drift_radians=0.080;drive=2.520;folds=2,2,0.959566,-10.643287,-9.4767475,7.9767475,-1.5,-1.5,wav/08_astana_brass_band__39_near_foghorn.wav,2,288000,6.0,1727999,35.99997916666667,0.49481186,0.09755325,-20.215166,1.6158888e-8,0,0,0.46111658,-20.175993,1.3967254e-8,0.49481186,-20.254692,1.8350521e-8,0.1453398,-16.752308
08-40,short_additive_synth,astana_brass_band,barcelona_gate_pa,3e460675755e6cb4,e28efd5cee017776,3,3;7;11,129.080658;159.766510;197.747208,sparse-hashed-13edo-gradual-drones-v14,short,436c666820779e10,7.235740;7.573807;7.887448,2.989744;3.231772;3.473800,soft_drone;broad_swell;late_bloom,modal_noise_resonator,detune_cents=43.921;mode_disorder_percent=5.631;resonated_noise_percent=10.279;clean_percent=60.000;parallel_ruin_percent=29.721;drive=4.774;folds=1,2,0.9630686,-11.0594,-10.655432,9.155432,-1.5,-1.5000007,wav/08_astana_brass_band__40_barcelona_gate_pa.wav,2,288000,6.0,1727999,35.99997916666667,0.54238844,0.09756622,-20.214012,1.1068404e-9,0,0,0.54238844,-20.276888,7.178263e-9,0.51987284,-20.15203,-4.964582e-9,0.13170405,-17.608017
08-41,short_additive_synth,astana_brass_band,delhi_subway_cycle,3e460675755e6cb4,3187a582eafedd91,12,12;3;7,208.577057;129.080658;159.766510,sparse-hashed-13edo-gradual-drones-v14,short,b4f6b9a2b307b5a7,5.317112;4.732624;6.292600,1.922079;1.680050;2.406135,soft_drone;breathing_drone;late_bloom,modal_noise_resonator,detune_cents=48.857;mode_disorder_percent=4.139;resonated_noise_percent=13.427;clean_percent=60.000;parallel_ruin_percent=26.573;drive=4.344;folds=2,3,0.9266908,-7.8340216,-4.4481206,2.9481206,-1.5,-1.5,wav/08_astana_brass_band__41_delhi_subway_cycle.wav,2,288000,6.0,1727999,35.99997916666667,0.56949073,0.0981544,-20.161804,6.425031e-10,0,0,0.56949073,-20.170124,4.1426385e-10,0.4921597,-20.153502,8.7074237e-10,0.13883565,-17.14998
08-42,short_additive_synth,astana_brass_band,hockey_goal,3e460675755e6cb4,7338d14d9c7d0103,10,10;1;5,187.479691;116.024269;143.606293,sparse-hashed-13edo-gradual-drones-v14,short,a52d2f22a7a12aba,5.984694;5.488450;6.833876,2.241452;1.999424;2.725509,breathing_drone;late_bloom;broad_swell,saturated_saw_cluster,detune_cents=76.394;drift_cents=15.234;drive=9.398;folds=4;alias_percent=68.900;bits=7;hard_sync_percent=67.478;sample_hold_frames=4,3,0.9464936,-9.332226,-9.559205,8.059205,-1.5,-1.5,wav/08_astana_brass_band__42_hockey_goal.wav,2,288000,6.0,1727999,35.99997916666667,0.6415715,0.09799652,-20.175785,6.348312e-10,0,0,0.5836343,-20.168097,6.978452e-10,0.6415715,-20.183489,5.718172e-10,0.13807443,-17.197735
08-43,short_additive_synth,astana_brass_band,ambulance_siren,3e460675755e6cb4,f8af2f1a4cb0c701,5,5;9;0,143.606293;177.745285;110.000000,sparse-hashed-13edo-gradual-drones-v14,short,298babd786f5ff13,6.287557;5.826580;5.310798,2.403343;2.161315;1.919286,soft_drone;breathing_drone;late_bloom,inharmonic_fm,detune_cents=28.448;feedback=0.486;crossfeedback_percent=8.000;index=6.666->3.670;clean_percent=45.000;raw_fm_percent=40.000;parallel_ruin_percent=15.000;phase_drift_radians=0.080;drive=2.603;folds=3,3,0.94199353,-8.962426,-9.771057,8.271057,-1.5,-1.5000007,wav/08_astana_brass_band__43_ambulance_siren.wav,2,288000,6.0,1727999,35.99997916666667,0.5590059,0.098412104,-20.139029,-1.7976657e-9,0,0,0.5590059,-20.14093,-6.761267e-11,0.55028075,-20.13713,-3.5277188e-9,0.13750748,-17.233473
08-44,short_additive_synth,astana_brass_band,woodshop_process,3e460675755e6cb4,8e1e1d890ae5881a,4,4;8;12,136.149902;168.516296;208.577057,sparse-hashed-13edo-gradual-drones-v14,short,f9d0ae7b15920bed,6.615469;6.189716;5.717644,2.591832;2.349804;2.107776,broad_swell;soft_drone;breathing_drone,saturated_saw_cluster,detune_cents=74.035;drift_cents=20.800;drive=8.262;folds=4;alias_percent=76.970;bits=6;hard_sync_percent=46.260;sample_hold_frames=4,3,0.93389624,-8.326962,-8.42486,6.92486,-1.5,-1.5000007,wav/08_astana_brass_band__44_woodshop_process.wav,2,288000,6.0,1727999,35.99997916666667,0.706484,0.09670712,-20.29083,5.9024154e-9,0,0,0.706484,-20.31043,7.476381e-9,0.63279486,-20.271318,4.328449e-9,0.13435052,-17.435213
08-45,short_additive_synth,astana_brass_band,tractor_turning_hay,3e460675755e6cb4,241aba059f6c939a,4,4;8;12,136.149902;168.516296;208.577057,sparse-hashed-13edo-gradual-drones-v14,short,16ef68c445fbeb5f,5.710459;5.179811;4.575180,2.104291;1.862263;1.620235,late_bloom;broad_swell;soft_drone,inharmonic_fm,detune_cents=39.345;feedback=0.547;crossfeedback_percent=8.000;index=8.487->3.278;clean_percent=45.000;raw_fm_percent=40.000;parallel_ruin_percent=15.000;phase_drift_radians=0.080;drive=3.000;folds=3,3,0.9343667,-8.389155,-8.142886,6.642886,-1.5,-1.4999995,wav/08_astana_brass_band__45_tractor_turning_hay.wav,2,288000,6.0,1727999,35.99997916666667,0.52547693,0.098240584,-20.15418,-5.2033347e-9,0,0,0.52547693,-20.160473,1.1115054e-8,0.48494688,-20.147898,-2.1521723e-8,0.14097686,-17.017044
08-46,short_additive_synth,astana_brass_band,hail_thunder,3e460675755e6cb4,8ca435fa8014940b,11,11;2;6,197.747208;122.378456;151.471039,sparse-hashed-13edo-gradual-drones-v14,short,e074f55978ab3675,7.899462;4.848425;5.418500,3.483423;1.725451;1.967479,breathing_drone;soft_drone;broad_swell,inharmonic_fm,detune_cents=43.726;feedback=0.424;crossfeedback_percent=8.000;index=8.624->3.293;clean_percent=45.000;raw_fm_percent=40.000;parallel_ruin_percent=15.000;phase_drift_radians=0.080;drive=2.353;folds=2,2,0.96396285,-11.170288,-7.040916,5.540916,-1.5,-1.5000012,wav/08_astana_brass_band__46_hail_thunder.wav,2,288000,6.0,1727999,35.99997916666667,0.60787463,0.09802955,-20.172861,3.1000646e-9,0,0,0.60787463,-20.17771,-5.9332694e-10,0.5616861,-20.168015,6.793456e-9,0.13603331,-17.327095
08-47,short_additive_synth,astana_brass_band,marielle_protest,3e460675755e6cb4,b99f4919a8dffbad,2,2;6;10,122.378456;151.471039;187.479691,sparse-hashed-13edo-gradual-drones-v14,short,4cc88608c01364d3,7.107597;7.455394;7.777390,2.902818;3.144846;3.386874,broad_swell;breathing_drone;soft_drone,inharmonic_fm,detune_cents=30.799;feedback=0.518;crossfeedback_percent=8.000;index=6.739->3.568;clean_percent=45.000;raw_fm_percent=40.000;parallel_ruin_percent=15.000;phase_drift_radians=0.080;drive=2.604;folds=2,2,0.96485585,-11.288149,-12.616856,11.116856,-1.5,-1.5000007,wav/08_astana_brass_band__47_marielle_protest.wav,2,288000,6.0,1727999,35.99997916666667,0.53984725,0.09834494,-20.14496,-6.7987005e-11,0,0,0.5340059,-20.136894,-1.2259721e-9,0.53984725,-20.153038,1.0899981e-9,0.13943751,-17.112408
08-48,short_additive_synth,astana_brass_band,hair_salon_tools,3e460675755e6cb4,91febc7e6d506cc8,0,0;4;8,110.000000;136.149902;168.516296,sparse-hashed-13edo-gradual-drones-v14,short,aef10df1d43cdc48,7.339939;6.982378;4.372617,3.062344;2.820316;1.546400,soft_drone;late_bloom;late_bloom,inharmonic_fm,detune_cents=44.465;feedback=0.384;crossfeedback_percent=8.000;index=6.843->3.691;clean_percent=45.000;raw_fm_percent=40.000;parallel_ruin_percent=15.000;phase_drift_radians=0.080;drive=2.838;folds=3,3,0.9300925,-8.06046,-7.5037174,6.0037174,-1.5,-1.5000007,wav/08_astana_brass_band__48_hair_salon_tools.wav,2,288000,6.0,1727999,35.99997916666667,0.59549075,0.09835209,-20.14433,-1.7369696e-9,0,0,0.55947065,-20.148518,-1.5733421e-9,0.59549075,-20.140142,-1.900597e-9,0.1406756,-17.035624
09-25,short_additive_synth,chopin_string_quartet,thunder_mountain,767d62ee778766a1,4e2a8e922a968e95,10,10;1;5,187.479691;116.024269;143.606293,sparse-hashed-13edo-gradual-drones-v14,short,98a6416fa47231d8,7.265060;6.901012;6.503632,3.009997;2.767969;2.525941,soft_drone;late_bloom;broad_swell,saturated_saw_cluster,detune_cents=70.049;drift_cents=19.370;drive=8.989;folds=4;alias_percent=76.147;bits=7;hard_sync_percent=61.982;sample_hold_frames=3,3,0.9799694,-13.842614,-20.644903,19.144903,-1.5,-1.4999987,wav/09_chopin_string_quartet__25_thunder_mountain.wav,2,288000,6.0,1727999,35.99997916666667,0.62593436,0.09765502,-20.206108,-6.2627485e-9,0,0,0.62593436,-20.216198,7.8613094e-10,0.5914483,-20.196041,-1.3311628e-8,0.1391332,-17.131384
09-26,short_additive_synth,chopin_string_quartet,inside_car_wash,767d62ee778766a1,903a06c594b2e6cb,3,3;7;11,129.080658;159.766510;197.747208,sparse-hashed-13edo-gradual-drones-v14,short,facff9b4a9ceff4c,7.507403;7.825704;4.698209,3.182734;3.424762;1.666790,soft_drone;broad_swell;late_bloom,inharmonic_fm,detune_cents=29.499;feedback=0.544;crossfeedback_percent=8.000;index=7.698->3.168;clean_percent=45.000;raw_fm_percent=40.000;parallel_ruin_percent=15.000;phase_drift_radians=0.080;drive=2.460;folds=2,2,0.9825741,-14.461758,-19.911457,18.411457,-1.5,-1.4999987,wav/09_chopin_string_quartet__26_inside_car_wash.wav,2,288000,6.0,1727999,35.99997916666667,0.8657474,0.09253953,-20.673454,-4.5776783e-8,0,0,0.7288615,-20.33476,-1.7727507e-8,0.8657474,-21.040813,-7.382606e-8,0.13101186,-17.653788
09-27,short_additive_synth,chopin_string_quartet,peru_new_year_fireworks,767d62ee778766a1,83317dd5c74822ca,7,7;11;2,159.766510;197.747208;122.378456,sparse-hashed-13edo-gradual-drones-v14,short,d6d6fbecd141a895,5.309460;5.825391;6.286489,1.918695;2.160723;2.402751,broad_swell;late_bloom;breathing_drone,modal_noise_resonator,detune_cents=50.396;mode_disorder_percent=5.099;resonated_noise_percent=17.241;clean_percent=60.000;parallel_ruin_percent=22.759;drive=4.688;folds=1,2,0.9828163,-14.557084,-15.496246,13.996246,-1.5,-1.5000019,wav/09_chopin_string_quartet__27_peru_new_year_fireworks.wav,2,288000,6.0,1727999,35.99997916666667,0.61435044,0.097705595,-20.20161,-8.459075e-9,0,0,0.4798147,-20.160942,-6.1074665e-9,0.61435044,-20.242664,-1.0810684e-8,0.1363955,-17.303999
09-28,short_additive_synth,chopin_string_quartet,efteling_steam_train,767d62ee778766a1,9a412959184abdf9,2,2;6;10,122.378456;151.471039;187.479691,sparse-hashed-13edo-gradual-drones-v14,short,334f55103ba5034e,6.213126;6.636697;7.022604,2.362504;2.604532;2.846560,breathing_drone;soft_drone;broad_swell,saturated_saw_cluster,detune_cents=60.165;drift_cents=12.529;drive=8.543;folds=3;alias_percent=71.773;bits=7;hard_sync_percent=69.760;sample_hold_frames=3,2,0.9825644,-14.45727,-21.211424,19.711424,-1.5,-1.5000007,wav/09_chopin_string_quartet__28_efteling_steam_train.wav,2,288000,6.0,1727999,35.99997916666667,0.65545577,0.09767382,-20.204437,4.1852015e-9,0,0,0.65545577,-20.193844,5.8545013e-9,0.562274,-20.215055,2.5159022e-9,0.13853338,-17.168911
09-29,short_additive_synth,chopin_string_quartet,helicopter_takeoff,767d62ee778766a1,4534148b4903c233,0,0;4;8,110.000000;136.149902;168.516296,sparse-hashed-13edo-gradual-drones-v14,short,f6ee2ba5616ce548,7.319680;7.651517;6.568640,3.048091;3.290120;2.564035,breathing_drone;soft_drone;broad_swell,inharmonic_fm,detune_cents=34.808;feedback=0.412;crossfeedback_percent=8.000;index=8.615->2.872;clean_percent=45.000;raw_fm_percent=40.000;parallel_ruin_percent=15.000;phase_drift_radians=0.080;drive=3.037;folds=2,2,0.9843738,-14.945754,-28.52288,27.02288,-1.5,-1.4999975,wav/09_chopin_string_quartet__29_helicopter_takeoff.wav,2,288000,6.0,1727999,35.99997916666667,0.560577,0.0979063,-20.183788,5.107735e-9,0,0,0.560577,-20.196972,1.0806392e-9,0.5303155,-20.17064,9.134831e-9,0.14072353,-17.032665
09-30,short_additive_synth,chopin_string_quartet,scuba_bubbles,767d62ee778766a1,d2eaf6d35c117589,9,9;0;4,177.745285;110.000000;136.149902,sparse-hashed-13edo-gradual-drones-v14,short,fc94d1f77b7b69f3,4.694252;5.283591;5.802427,1.665272;1.907300;2.149328,soft_drone;broad_swell;late_bloom,inharmonic_fm,detune_cents=34.851;feedback=0.549;crossfeedback_percent=8.000;index=8.716->2.939;clean_percent=45.000;raw_fm_percent=40.000;parallel_ruin_percent=15.000;phase_drift_radians=0.080;drive=2.649;folds=2,2,0.98480004,-15.070231,-16.608103,15.108103,-1.5,-1.5000012,wav/09_chopin_string_quartet__30_scuba_bubbles.wav,2,288000,6.0,1727999,35.99997916666667,0.520086,0.09815682,-20.16159,2.7406615e-9,0,0,0.51032925,-20.164982,-3.744916e-10,0.520086,-20.158205,5.8558145e-9,0.13884802,-17.149206
09-31,short_additive_synth,chopin_string_quartet,building_demolition,767d62ee778766a1,d502a0866ac3b927,9,9;0;4,177.745285;110.000000;136.149902,sparse-hashed-13edo-gradual-drones-v14,short,062c6ec406554baa,5.190573;5.719985;7.772199,1.866884;2.108912;3.382828,breathing_drone;soft_drone;broad_swell,inharmonic_fm,detune_cents=41.074;feedback=0.352;crossfeedback_percent=8.000;index=6.227->2.930;clean_percent=45.000;raw_fm_percent=40.000;parallel_ruin_percent=15.000;phase_drift_radians=0.080;drive=2.621;folds=2,2,0.98254704,-14.454036,-15.824619,14.324619,-1.5,-1.5000007,wav/09_chopin_string_quartet__31_building_demolition.wav,2,288000,6.0,1727999,35.99997916666667,0.5492747,0.09818422,-20.159166,-4.491499e-9,0,0,0.5492747,-20.164165,-1.941541e-8,0.5424732,-20.154171,1.0432411e-8,0.13682316,-17.276808
09-32,short_additive_synth,chopin_string_quartet,finnish_blacksmith,767d62ee778766a1,8828c2d1c0ff4488,10,10;1;5,187.479691;116.024269;143.606293,sparse-hashed-13edo-gradual-drones-v14,short,0e8b41dc773092e8,6.434821;5.990027;7.207390,2.486234;2.244206;2.970291,broad_swell;soft_drone;breathing_drone,inharmonic_fm,detune_cents=33.122;feedback=0.457;crossfeedback_percent=8.000;index=6.066->3.853;clean_percent=45.000;raw_fm_percent=40.000;parallel_ruin_percent=15.000;phase_drift_radians=0.080;drive=2.905;folds=3,3,0.9822759,-14.389964,-17.341558,15.841558,-1.5,-1.4999987,wav/09_chopin_string_quartet__32_finnish_blacksmith.wav,2,288000,6.0,1727999,35.99997916666667,0.55288136,0.09785276,-20.18854,9.650378e-9,0,0,0.53912896,-20.1661,9.361602e-9,0.55288136,-20.211096,9.939154e-9,0.13904291,-17.137024
09-33,short_additive_synth,chopin_string_quartet,cattle_auction,767d62ee778766a1,63aeff78df8557af,10,10;1;5,187.479691;116.024269;143.606293,sparse-hashed-13edo-gradual-drones-v14,short,30253ff2d85b1e53,7.889925;4.829151;7.238617,3.475782;1.717810;2.991725,late_bloom;breathing_drone;soft_drone,inharmonic_fm,detune_cents=32.316;feedback=0.388;crossfeedback_percent=8.000;index=8.486->3.432;clean_percent=45.000;raw_fm_percent=40.000;parallel_ruin_percent=15.000;phase_drift_radians=0.080;drive=2.905;folds=2,2,0.9825942,-14.465979,-14.335892,12.835892,-1.5,-1.5000012,wav/09_chopin_string_quartet__33_cattle_auction.wav,2,288000,6.0,1727999,35.99997916666667,0.616008,0.09757269,-20.213434,-4.259899e-9,0,0,0.616008,-20.236664,-3.206975e-9,0.52314526,-20.19033,-5.3128235e-9,0.13402867,-17.456045
09-34,short_additive_synth,chopin_string_quartet,ferry_alarm,767d62ee778766a1,63fa0671c3c8b3fd,0,0;4;8,110.000000;136.149902;168.516296,sparse-hashed-13edo-gradual-drones-v14,short,7d8c3f940801daff,5.612990;6.095959;6.530552,2.057591;2.299619;2.541647,late_bloom;breathing_drone;soft_drone,modal_noise_resonator,detune_cents=50.667;mode_disorder_percent=5.104;resonated_noise_percent=15.549;clean_percent=60.000;parallel_ruin_percent=24.451;drive=4.392;folds=1,2,0.9843694,-14.948372,-15.898506,14.398506,-1.5,-1.5000012,wav/09_chopin_string_quartet__34_ferry_alarm.wav,2,288000,6.0,1727999,35.99997916666667,0.7529885,0.09686449,-20.276709,-1.3840467e-9,0,0,0.6518796,-20.236618,-4.339212e-9,0.7529885,-20.317171,1.5711188e-9,0.13291934,-17.528236
09-35,short_additive_synth,chopin_string_quartet,flooded_mine,767d62ee778766a1,5ef5719090cb3c3e,6,6;10;1,151.471039;187.479691;116.024269,sparse-hashed-13edo-gradual-drones-v14,short,79a5ac59ee416d39,7.073845;7.424248;7.748477,2.880344;3.122373;3.364401,broad_swell;late_bloom;breathing_drone,inharmonic_fm,detune_cents=32.978;feedback=0.467;crossfeedback_percent=8.000;index=6.952->3.027;clean_percent=45.000;raw_fm_percent=40.000;parallel_ruin_percent=15.000;phase_drift_radians=0.080;drive=2.547;folds=2,2,0.9827014,-14.497475,-19.925291,18.425291,-1.5,-1.5000012,wav/09_chopin_string_quartet__35_flooded_mine.wav,2,288000,6.0,1727999,35.99997916666667,0.7311511,0.09726347,-20.241005,1.851679e-8,0,0,0.52348703,-20.177374,2.0260773e-9,0.7311511,-20.30558,3.5007503e-8,0.13632952,-17.3082
09-36,short_additive_synth,chopin_string_quartet,cappuccino_process,767d62ee778766a1,c9cb796a64de33e2,4,4;8;12,136.149902;168.516296;208.577057,sparse-hashed-13edo-gradual-drones-v14,short,f914372baf279f1f,4.942948;4.301800;5.996344,1.763416;1.521388;2.247473,breathing_drone;late_bloom;broad_swell,inharmonic_fm,detune_cents=28.178;feedback=0.480;crossfeedback_percent=8.000;index=6.138->2.775;clean_percent=45.000;raw_fm_percent=40.000;parallel_ruin_percent=15.000;phase_drift_radians=0.080;drive=2.601;folds=3,3,0.97420573,-12.72063,-12.322589,10.822589,-1.5,-1.5000007,wav/09_chopin_string_quartet__36_cappuccino_process.wav,2,288000,6.0,1727999,35.99997916666667,0.82819873,0.09277142,-20.651718,1.6111086e-8,0,0,0.7875256,-20.513975,3.1763268e-8,0.82819873,-20.79397,4.5890233e-10,0.13002285,-17.719606
09-37,short_additive_synth,chopin_string_quartet,tennis_match,767d62ee778766a1,09cb934e68f8f084,10,10;1;5,187.479691;116.024269;143.606293,sparse-hashed-13edo-gradual-drones-v14,short,666942f12ddc5a6d,7.009506;7.364930;6.197338,2.837988;3.080016;2.353931,breathing_drone;soft_drone;broad_swell,inharmonic_fm,detune_cents=39.668;feedback=0.403;crossfeedback_percent=8.000;index=7.940->2.848;clean_percent=45.000;raw_fm_percent=40.000;parallel_ruin_percent=15.000;phase_drift_radians=0.080;drive=2.792;folds=2,2,0.9837501,-14.780563,-16.041786,14.541786,-1.5,-1.5000012,wav/09_chopin_string_quartet__37_tennis_match.wav,2,288000,6.0,1727999,35.99997916666667,0.80554515,0.09579198,-20.373417,1.2962461e-8,0,0,0.5465361,-20.17925,7.1576114e-9,0.80554515,-20.576675,1.8767311e-8,0.13452272,-17.424088
09-38,short_additive_synth,chopin_string_quartet,chainsaw_cycle,767d62ee778766a1,5c7feb9d452f2bef,1,1;5;9,116.024269;143.606293;177.745285,sparse-hashed-13edo-gradual-drones-v14,short,7ad8f15b30ff1345,5.428989;4.860384;6.382201,1.972236;1.730208;2.456293,soft_drone;breathing_drone;late_bloom,modal_noise_resonator,detune_cents=47.736;mode_disorder_percent=4.037;resonated_noise_percent=15.879;clean_percent=60.000;parallel_ruin_percent=24.121;drive=4.254;folds=2,3,0.9712851,-12.227621,-13.149947,11.649947,-1.5,-1.5000007,wav/09_chopin_string_quartet__38_chainsaw_cycle.wav,2,288000,6.0,1727999,35.99997916666667,0.6761494,0.094966054,-20.448631,-1.0126729e-8,0,0,0.6263183,-20.246017,-5.286053e-9,0.6761494,-20.661163,-1.4967405e-8,0.13619709,-17.316643
09-39,short_additive_synth,chopin_string_quartet,near_foghorn,767d62ee778766a1,1d6af12c6225ab62,12,12;3;7,208.577057;129.080658;159.766510,sparse-hashed-13edo-gradual-drones-v14,short,3800bdb44d3f5420,7.898548;7.585737;7.248634,3.482690;3.240662;2.998634,late_bloom;broad_swell;soft_drone,saturated_saw_cluster,detune_cents=61.524;drift_cents=18.494;drive=8.770;folds=4;alias_percent=78.636;bits=6;hard_sync_percent=45.201;sample_hold_frames=2,3,0.9695193,-11.952602,-15.359724,13.859724,-1.5,-1.4999995,wav/09_chopin_string_quartet__39_near_foghorn.wav,2,288000,6.0,1727999,35.99997916666667,0.5647753,0.09682959,-20.279839,-1.0202896e-9,0,0,0.5159497,-20.222912,1.7569299e-8,0.5647753,-20.33752,-1.9609878e-8,0.14124176,-17.000736
09-40,short_additive_synth,chopin_string_quartet,barcelona_gate_pa,767d62ee778766a1,e28efd5cee017776,5,5;9;0,143.606293;177.745285;110.000000,sparse-hashed-13edo-gradual-drones-v14,short,aa63775f6a1c5982,7.796450;4.637886;7.129828,3.401771;1.643799;2.917714,soft_drone;broad_swell;late_bloom,modal_noise_resonator,detune_cents=48.548;mode_disorder_percent=3.808;resonated_noise_percent=17.242;clean_percent=60.000;parallel_ruin_percent=22.758;drive=3.884;folds=1,2,0.98272324,-14.499868,-14.954115,13.454115,-1.5,-1.5,wav/09_chopin_string_quartet__40_barcelona_gate_pa.wav,2,288000,6.0,1727999,35.99997916666667,0.5391645,0.0981236,-20.16453,-1.0334919e-8,0,0,0.5391645,-20.20398,3.9491286e-9,0.46363008,-20.125437,-2.4618966e-8,0.1271085,-17.916508
09-41,short_additive_synth,chopin_string_quartet,delhi_subway_cycle,767d62ee778766a1,3187a582eafedd91,5,5;9;0,143.606293;177.745285;110.000000,sparse-hashed-13edo-gradual-drones-v14,short,8e4950a462a0784d,4.912937;5.475128;7.621178,1.751272;1.993300;3.267216,late_bloom;breathing_drone;soft_drone,saturated_saw_cluster,detune_cents=82.428;drift_cents=13.109;drive=9.969;folds=3;alias_percent=69.536;bits=7;hard_sync_percent=66.655;sample_hold_frames=4,2,0.9840361,-14.865193,-17.253672,15.753672,-1.5,-1.5,wav/09_chopin_string_quartet__41_delhi_subway_cycle.wav,2,288000,6.0,1727999,35.99997916666667,0.63898367,0.09786639,-20.187328,-1.145699e-8,0,0,0.63898367,-20.232925,-3.263899e-9,0.48001802,-20.142204,-1.965008e-8,0.13618347,-17.317513
09-42,short_additive_synth,chopin_string_quartet,hockey_goal,767d62ee778766a1,7338d14d9c7d0103,6,6;10;1,151.471039;187.479691;116.024269,sparse-hashed-13edo-gradual-drones-v14,short,a5010546799dcd20,6.071686;6.508597;6.905543,2.286802;2.528831;2.770859,breathing_drone;soft_drone;broad_swell,saturated_saw_cluster,detune_cents=77.431;drift_cents=23.281;drive=8.231;folds=3;alias_percent=69.694;bits=6;hard_sync_percent=69.586;sample_hold_frames=3,2,0.98268306,-14.491761,-13.294966,11.794966,-1.5,-1.5000012,wav/09_chopin_string_quartet__42_hockey_goal.wav,2,288000,6.0,1727999,35.99997916666667,0.72996736,0.096713975,-20.290215,5.757556e-9,0,0,0.6539132,-20.268152,2.1415518e-8,0.72996736,-20.31239,-9.900406e-9,0.13416576,-17.447166
09-43,short_additive_synth,chopin_string_quartet,ambulance_siren,767d62ee778766a1,f8af2f1a4cb0c701,7,7;11;2,159.766510;197.747208;122.378456,sparse-hashed-13edo-gradual-drones-v14,short,9278e8baac106e85,4.812921;7.881911;7.567855,1.711402;3.469374;3.227346,soft_drone;breathing_drone;late_bloom,inharmonic_fm,detune_cents=46.840;feedback=0.391;crossfeedback_percent=8.000;index=8.362->3.118;clean_percent=45.000;raw_fm_percent=40.000;parallel_ruin_percent=15.000;phase_drift_radians=0.080;drive=2.957;folds=3,3,0.96981484,-11.993889,-15.480354,13.980354,-1.5,-1.4999987,wav/09_chopin_string_quartet__43_ambulance_siren.wav,2,288000,6.0,1727999,35.99997916666667,0.48161787,0.098430686,-20.137388,-1.494733e-9,0,0,0.48161787,-20.148006,-1.2245385e-9,0.43707266,-20.1268,-1.7649274e-9,0.13313779,-17.513973
09-44,short_additive_synth,chopin_string_quartet,woodshop_process,767d62ee778766a1,8e1e1d890ae5881a,4,4;8;12,136.149902;168.516296;208.577057,sparse-hashed-13edo-gradual-drones-v14,short,59cf0226a03113ff,7.808110;7.488469;7.143419,3.410916;3.168888;2.926860,breathing_drone;late_bloom;broad_swell,saturated_saw_cluster,detune_cents=79.410;drift_cents=20.548;drive=7.726;folds=4;alias_percent=66.062;bits=5;hard_sync_percent=62.526;sample_hold_frames=4,3,0.9754247,-12.917189,-12.825604,11.325604,-1.5,-1.4999995,wav/09_chopin_string_quartet__44_woodshop_process.wav,2,288000,6.0,1727999,35.99997916666667,0.68022823,0.09611428,-20.34424,-5.0978683e-9,0,0,0.6799597,-20.367395,-3.5611514e-9,0.68022823,-20.321213,-6.6345853e-9,0.13597508,-17.330814
09-45,short_additive_synth,chopin_string_quartet,tractor_turning_hay,767d62ee778766a1,241aba059f6c939a,10,10;1;5,187.479691;116.024269;143.606293,sparse-hashed-13edo-gradual-drones-v14,short,898364f2500caacd,5.425158;4.856015;6.379124,1.970497;1.728469;2.454553,breathing_drone;late_bloom;broad_swell,saturated_saw_cluster,detune_cents=79.722;drift_cents=13.789;drive=9.313;folds=4;alias_percent=73.445;bits=6;hard_sync_percent=59.062;sample_hold_frames=2,3,0.9796116,-13.759363,-13.297711,11.797711,-1.5,-1.5,wav/09_chopin_string_quartet__45_tractor_turning_hay.wav,2,288000,6.0,1727999,35.99997916666667,0.5165079,0.09822058,-20.155949,-6.208232e-9,0,0,0.5165079,-20.174358,-2.0704498e-9,0.49597764,-20.137619,-1.0346015e-8,0.13690276,-17.271755
09-46,short_additive_synth,chopin_string_quartet,hail_thunder,767d62ee778766a1,8ca435fa8014940b,11,11;2;6,197.747208;122.378456;151.471039,sparse-hashed-13edo-gradual-drones-v14,short,548ee908a71283d7,6.977752;7.335680;6.159026,2.817314;3.059342;2.333257,breathing_drone;soft_drone;broad_swell,inharmonic_fm,detune_cents=28.742;feedback=0.435;crossfeedback_percent=8.000;index=6.472->2.925;clean_percent=45.000;raw_fm_percent=40.000;parallel_ruin_percent=15.000;phase_drift_radians=0.080;drive=2.791;folds=2,2,0.98345184,-14.6889105,-15.622054,14.122054,-1.5,-1.5000007,wav/09_chopin_string_quartet__46_hail_thunder.wav,2,288000,6.0,1727999,35.99997916666667,0.7724129,0.096309066,-20.326656,1.6462185e-8,0,0,0.6576908,-20.269283,6.3907706e-9,0.7724129,-20.384796,2.6533597e-8,0.1369792,-17.266907
09-47,short_additive_synth,chopin_string_quartet,marielle_protest,767d62ee778766a1,b99f4919a8dffbad,3,3;7;11,129.080658;159.766510;197.747208,sparse-hashed-13edo-gradual-drones-v14,short,f2d7b8f7520def2d,6.229939;5.762461;7.036562,2.371668;2.129640;2.855724,soft_drone;late_bloom;late_bloom,modal_noise_resonator,detune_cents=49.785;mode_disorder_percent=5.950;resonated_noise_percent=12.090;clean_percent=60.000;parallel_ruin_percent=27.910;drive=4.154;folds=2,3,0.96809304,-11.742556,-14.145964,12.645964,-1.5,-1.5,wav/09_chopin_string_quartet__47_marielle_protest.wav,2,288000,6.0,1727999,35.99997916666667,0.8351615,0.09341542,-20.591629,-3.168981e-9,0,0,0.49010256,-20.16048,-2.458606e-9,0.8351615,-21.070347,-3.8793564e-9,0.1323104,-17.56812
09-48,short_additive_synth,chopin_string_quartet,hair_salon_tools,767d62ee778766a1,91febc7e6d506cc8,11,11;2;6,197.747208;122.378456;151.471039,sparse-hashed-13edo-gradual-drones-v14,short,03b8aa77522c1b0a,5.547054;4.994710;6.477251,2.026588;1.784560;2.510644,breathing_drone;late_bloom;broad_swell,modal_noise_resonator,detune_cents=41.080;mode_disorder_percent=5.979;resonated_noise_percent=16.150;clean_percent=60.000;parallel_ruin_percent=23.850;drive=4.610;folds=2,3,0.97991884,-13.825041,-14.693337,13.193337,-1.5,-1.5,wav/09_chopin_string_quartet__48_hair_salon_tools.wav,2,288000,6.0,1727999,35.99997916666667,0.6409127,0.09763226,-20.208132,-2.2040547e-10,0,0,0.6036813,-20.166664,-2.365769e-9,0.6409127,-20.250004,1.924958e-9,0.13716556,-17.255098
10-25,short_additive_synth,handpan_strikes,thunder_mountain,42b41cd9f35d11cf,4e2a8e922a968e95,1,1;5;9,116.024269;143.606293;177.745285,sparse-hashed-13edo-gradual-drones-v14,short,834fb61cf65d91b2,6.951281;7.311309;7.643762,2.800194;3.042222;3.284250,breathing_drone;soft_drone;broad_swell,modal_noise_resonator,detune_cents=51.317;mode_disorder_percent=3.620;resonated_noise_percent=17.190;clean_percent=60.000;parallel_ruin_percent=22.810;drive=3.878;folds=1,2,0.97096765,-12.166146,-6.3160734,4.8160734,-1.5,-1.5,wav/10_handpan_strikes__25_thunder_mountain.wav,2,288000,6.0,1727999,35.99997916666667,0.57343274,0.097935535,-20.181194,-6.659502e-10,0,0,0.57343274,-20.190369,9.235484e-10,0.5701003,-20.172039,-2.2554487e-9,0.13913488,-17.131279
10-26,short_additive_synth,handpan_strikes,inside_car_wash,42b41cd9f35d11cf,903a06c594b2e6cb,10,10;1;5,187.479691;116.024269;143.606293,sparse-hashed-13edo-gradual-drones-v14,short,2bdd8de629d6ace6,6.197221;6.622273;7.009408,2.353868;2.595896;2.837924,broad_swell;breathing_drone;soft_drone,inharmonic_fm,detune_cents=29.846;feedback=0.537;crossfeedback_percent=8.000;index=6.536->2.613;clean_percent=45.000;raw_fm_percent=40.000;parallel_ruin_percent=15.000;phase_drift_radians=0.080;drive=2.615;folds=2,2,0.9327596,-8.255276,-7.103263,5.603263,-1.5,-1.5000007,wav/10_handpan_strikes__26_inside_car_wash.wav,2,288000,6.0,1727999,35.99997916666667,0.82485557,0.09443321,-20.497505,-3.749193e-9,0,0,0.781724,-20.455475,-3.1687943e-9,0.82485557,-20.539944,-4.3295914e-9,0.1342911,-17.439056
10-27,short_additive_synth,handpan_strikes,peru_new_year_fireworks,42b41cd9f35d11cf,83317dd5c74822ca,1,1;5;9,116.024269;143.606293;177.745285,sparse-hashed-13edo-gradual-drones-v14,short,714a91b153e73a67,5.953049;6.401455;4.887693,2.225179;2.467207;1.741122,soft_drone;broad_swell;late_bloom,inharmonic_fm,detune_cents=35.411;feedback=0.500;crossfeedback_percent=8.000;index=7.685->3.776;clean_percent=45.000;raw_fm_percent=40.000;parallel_ruin_percent=15.000;phase_drift_radians=0.080;drive=2.733;folds=2,2,0.95837003,-10.522906,-15.179105,13.679105,-1.5,-1.4999995,wav/10_handpan_strikes__27_peru_new_year_fireworks.wav,2,288000,6.0,1727999,35.99997916666667,0.528949,0.098197006,-20.158035,-1.5003631e-9,0,0,0.48227626,-20.152884,-4.0168517e-9,0.528949,-20.163193,1.0161256e-9,0.13728547,-17.247509
10-28,short_additive_synth,handpan_strikes,efteling_steam_train,42b41cd9f35d11cf,9a412959184abdf9,0,0;4;8,110.000000;136.149902;168.516296,sparse-hashed-13edo-gradual-drones-v14,short,252097d536c1dac0,4.821949;5.395289;5.901691,1.714963;1.956992;2.199020,soft_drone;broad_swell;late_bloom,modal_noise_resonator,detune_cents=43.414;mode_disorder_percent=5.608;resonated_noise_percent=11.098;clean_percent=60.000;parallel_ruin_percent=28.902;drive=4.439;folds=1,2,0.94386995,-9.113893,0.22302209,0.0,-1.5,0.22302209,wav/10_handpan_strikes__28_efteling_steam_train.wav,2,288000,6.0,1727999,35.99997916666667,0.60908026,0.09742765,-20.226355,-8.5346624e-10,0,0,0.56351286,-20.203568,-2.8402098e-9,0.60908026,-20.249264,1.1332774e-9,0.13610953,-17.32223
10-29,short_additive_synth,handpan_strikes,helicopter_takeoff,42b41cd9f35d11cf,4534148b4903c233,3,3;7;11,129.080658;159.766510;197.747208,sparse-hashed-13edo-gradual-drones-v14,short,3cad03f3bb7a0aee,7.169534;7.512596;6.389557,2.944513;3.186541;2.460457,late_bloom;breathing_drone;soft_drone,modal_noise_resonator,detune_cents=43.092;mode_disorder_percent=5.785;resonated_noise_percent=13.298;clean_percent=60.000;parallel_ruin_percent=26.702;drive=4.593;folds=1,2,0.9369353,-8.5499115,0.1992514,0.0,-1.5,0.1992514,wav/10_handpan_strikes__29_helicopter_takeoff.wav,2,288000,6.0,1727999,35.99997916666667,0.52134305,0.09827446,-20.151186,-4.6187827e-9,0,0,0.5062905,-20.142902,-3.3766403e-9,0.52134305,-20.159485,-5.8609255e-9,0.13449779,-17.425697
10-30,short_additive_synth,handpan_strikes,scuba_bubbles,42b41cd9f35d11cf,d2eaf6d35c117589,5,5;9;0,143.606293;177.745285;110.000000,sparse-hashed-13edo-gradual-drones-v14,short,b0e5f73cdebbbaf1,7.336129;7.666759;4.365069,3.059658;3.301686;1.543714,late_bloom;breathing_drone;soft_drone,inharmonic_fm,detune_cents=41.625;feedback=0.398;crossfeedback_percent=8.000;index=6.518->3.259;clean_percent=45.000;raw_fm_percent=40.000;parallel_ruin_percent=15.000;phase_drift_radians=0.080;drive=2.876;folds=2,2,0.95350945,-10.010732,-13.298983,11.798983,-1.5,-1.5,wav/10_handpan_strikes__30_scuba_bubbles.wav,2,288000,6.0,1727999,35.99997916666667,0.55206794,0.098262295,-20.152262,8.9475083e-10,0,0,0.55206794,-20.156534,-1.0472145e-9,0.5277207,-20.147995,2.8367162e-9,0.13699767,-17.265736
10-31,short_additive_synth,handpan_strikes,building_demolition,42b41cd9f35d11cf,d502a0866ac3b927,12,12;3;7,208.577057;129.080658;159.766510,sparse-hashed-13edo-gradual-drones-v14,short,51310ef5d45545a8,4.840993;7.895782;7.582764,1.722501;3.480473;3.238444,broad_swell;soft_drone;breathing_drone,inharmonic_fm,detune_cents=34.256;feedback=0.442;crossfeedback_percent=8.000;index=8.582->3.853;clean_percent=45.000;raw_fm_percent=40.000;parallel_ruin_percent=15.000;phase_drift_radians=0.080;drive=3.125;folds=3,3,0.96098244,-10.8059435,-9.992697,8.492697,-1.5,-1.5000007,wav/10_handpan_strikes__31_building_demolition.wav,2,288000,6.0,1727999,35.99997916666667,0.5259781,0.09840268,-20.139862,1.6609641e-9,0,0,0.5259781,-20.146252,3.8275477e-10,0.5152498,-20.133484,2.9391736e-9,0.14008044,-17.07245
10-32,short_additive_synth,handpan_strikes,finnish_blacksmith,42b41cd9f35d11cf,8828c2d1c0ff4488,12,12;3;7,208.577057;129.080658;159.766510,sparse-hashed-13edo-gradual-drones-v14,short,dc83894f87a42ff2,6.763534;6.352748;7.484200,2.681719;2.439691;3.165776,broad_swell;soft_drone;breathing_drone,modal_noise_resonator,detune_cents=43.664;mode_disorder_percent=5.244;resonated_noise_percent=13.825;clean_percent=60.000;parallel_ruin_percent=26.175;drive=3.917;folds=2,3,0.9608619,-10.804033,-7.632301,6.132301,-1.5,-1.5,wav/10_handpan_strikes__32_finnish_blacksmith.wav,2,288000,6.0,1727999,35.99997916666667,0.53415734,0.09815786,-20.161497,3.1619165e-9,0,0,0.53415734,-20.154516,1.3505087e-9,0.5153125,-20.168491,4.9733244e-9,0.14024659,-17.062153
10-33,short_additive_synth,handpan_strikes,cattle_auction,42b41cd9f35d11cf,63aeff78df8557af,4,4;8;12,136.149902;168.516296;208.577057,sparse-hashed-13edo-gradual-drones-v14,short,ee5c7c2b6ea5ad7d,5.777254;6.243224;4.661734,2.136906;2.378934;1.652850,broad_swell;late_bloom;breathing_drone,inharmonic_fm,detune_cents=42.712;feedback=0.476;crossfeedback_percent=8.000;index=6.017->3.319;clean_percent=45.000;raw_fm_percent=40.000;parallel_ruin_percent=15.000;phase_drift_radians=0.080;drive=2.931;folds=2,2,0.97162896,-12.271977,-12.153634,10.653634,-1.5,-1.5000007,wav/10_handpan_strikes__33_cattle_auction.wav,2,288000,6.0,1727999,35.99997916666667,0.52910745,0.097857684,-20.1881,-2.5129467e-9,0,0,0.48326427,-20.187622,-1.1804905e-9,0.52910745,-20.188581,-3.845403e-9,0.14088097,-17.022953
10-34,short_additive_synth,handpan_strikes,ferry_alarm,42b41cd9f35d11cf,63fa0671c3c8b3fd,1,1;5;9,116.024269;143.606293;177.745285,sparse-hashed-13edo-gradual-drones-v14,short,f3e81fd60ef015f5,7.137630;7.483123;7.803144,2.922961;3.164989;3.407018,late_bloom;breathing_drone;broad_swell,modal_noise_resonator,detune_cents=41.871;mode_disorder_percent=5.839;resonated_noise_percent=11.282;clean_percent=60.000;parallel_ruin_percent=28.718;drive=4.324;folds=1,2,0.9725936,-12.432283,-9.993583,8.493583,-1.5,-1.4999995,wav/10_handpan_strikes__34_ferry_alarm.wav,2,288000,6.0,1727999,35.99997916666667,0.7358882,0.09658363,-20.301931,1.2312096e-8,0,0,0.71423113,-20.280676,1.1603362e-8,0.7358882,-20.323288,1.3020831e-8,0.1356724,-17.35017
10-35,short_additive_synth,handpan_strikes,flooded_mine,42b41cd9f35d11cf,5ef5719090cb3c3e,1,1;5;9,116.024269;143.606293;177.745285,sparse-hashed-13edo-gradual-drones-v14,short,1dc8956adb09d057,6.906678;6.509841;7.605762,2.771583;2.529555;3.255639,late_bloom;broad_swell;soft_drone,saturated_saw_cluster,detune_cents=64.428;drift_cents=15.205;drive=8.110;folds=4;alias_percent=76.624;bits=6;hard_sync_percent=61.626;sample_hold_frames=3,3,0.96094954,-10.806016,-14.79203,13.29203,-1.5,-1.4999995,wav/10_handpan_strikes__35_flooded_mine.wav,2,288000,6.0,1727999,35.99997916666667,0.6151184,0.097638555,-20.207573,1.8800268e-9,0,0,0.58017635,-20.192822,1.4146472e-9,0.6151184,-20.222376,2.3454063e-9,0.13623321,-17.31434
10-36,short_additive_synth,handpan_strikes,cappuccino_process,42b41cd9f35d11cf,c9cb796a64de33e2,11,11;2;6,197.747208;122.378456;151.471039,sparse-hashed-13edo-gradual-drones-v14,short,c103c57ad3f921a1,6.613842;6.187922;5.715644,2.590861;2.348833;2.106805,broad_swell;soft_drone;breathing_drone,saturated_saw_cluster,detune_cents=65.681;drift_cents=20.123;drive=9.177;folds=4;alias_percent=67.628;bits=6;hard_sync_percent=60.181;sample_hold_frames=3,3,0.9608081,-10.805881,-17.672546,16.172546,-1.5,-1.5,wav/10_handpan_strikes__36_cappuccino_process.wav,2,288000,6.0,1727999,35.99997916666667,0.7536689,0.095817514,-20.371101,-1.9768076e-9,0,0,0.7536689,-20.381947,1.0173668e-8,0.71935564,-20.360283,-1.4127283e-8,0.13474187,-17.409948
10-37,short_additive_synth,handpan_strikes,tennis_match,42b41cd9f35d11cf,09cb934e68f8f084,4,4;8;12,136.149902;168.516296;208.577057,sparse-hashed-13edo-gradual-drones-v14,short,68fd84ee79bf50c3,6.750004;7.126391;5.882496,2.673378;2.915406;2.189322,breathing_drone;soft_drone;broad_swell,modal_noise_resonator,detune_cents=53.725;mode_disorder_percent=5.965;resonated_noise_percent=17.756;clean_percent=60.000;parallel_ruin_percent=22.244;drive=4.770;folds=1,2,0.9426987,-9.017062,-8.240437,6.7404366,-1.5,-1.4999995,wav/10_handpan_strikes__37_tennis_match.wav,2,288000,6.0,1727999,35.99997916666667,0.6752637,0.097724445,-20.199936,4.7223767e-9,0,0,0.5526409,-20.178398,7.851224e-9,0.6752637,-20.221579,1.5935296e-9,0.13998082,-17.07863
10-38,short_additive_synth,handpan_strikes,chainsaw_cycle,42b41cd9f35d11cf,5c7feb9d452f2bef,1,1;5;9,116.024269;143.606293;177.745285,sparse-hashed-13edo-gradual-drones-v14,short,710bb8e99dee129f,6.257359;5.792987;7.059347,2.386689;2.144661;2.870746,broad_swell;soft_drone;breathing_drone,inharmonic_fm,detune_cents=29.694;feedback=0.360;crossfeedback_percent=8.000;index=6.398->3.534;clean_percent=45.000;raw_fm_percent=40.000;parallel_ruin_percent=15.000;phase_drift_radians=0.080;drive=2.532;folds=3,3,0.9608825,-10.806022,-10.193697,8.693697,-1.5,-1.5,wav/10_handpan_strikes__38_chainsaw_cycle.wav,2,288000,6.0,1727999,35.99997916666667,0.6824296,0.09669732,-20.29171,-5.4424115e-10,0,0,0.6188931,-20.266588,4.4926218e-10,0.6824296,-20.31698,-1.5377445e-9,0.13536116,-17.370117
10-39,short_additive_synth,handpan_strikes,near_foghorn,42b41cd9f35d11cf,1d6af12c6225ab62,5,5;9;0,143.606293;177.745285;110.000000,sparse-hashed-13edo-gradual-drones-v14,short,7bb84b28ff085d9e,6.955798;7.315466;6.132504,2.803108;3.045136;2.319051,breathing_drone;soft_drone;soft_drone,modal_noise_resonator,detune_cents=43.874;mode_disorder_percent=5.503;resonated_noise_percent=11.327;clean_percent=60.000;parallel_ruin_percent=28.673;drive=3.996;folds=1,2,0.9396581,-8.779875,4.758336,0.0,-1.5,4.758336,wav/10_handpan_strikes__39_near_foghorn.wav,2,288000,6.0,1727999,35.99997916666667,0.60415834,0.09613665,-20.34222,2.9642384e-9,0,0,0.57594144,-20.30853,-5.394043e-9,0.60415834,-20.376175,1.132252e-8,0.13595897,-17.331842
10-40,short_additive_synth,handpan_strikes,barcelona_gate_pa,42b41cd9f35d11cf,e28efd5cee017776,1,1;5;9,116.024269;143.606293;177.745285,sparse-hashed-13edo-gradual-drones-v14,short,960d9e0c1cab6f28,5.743449;5.217070;4.617978,2.120337;1.878309;1.636281,soft_drone;breathing_drone;late_bloom,inharmonic_fm,detune_cents=32.489;feedback=0.407;crossfeedback_percent=8.000;index=8.112->3.181;clean_percent=45.000;raw_fm_percent=40.000;parallel_ruin_percent=15.000;phase_drift_radians=0.080;drive=2.508;folds=3,3,0.96074647,-10.803014,-11.096679,9.596679,-1.5,-1.5000012,wav/10_handpan_strikes__40_barcelona_gate_pa.wav,2,288000,6.0,1727999,35.99997916666667,0.68319964,0.09630264,-20.327236,-2.7502187e-9,0,0,0.6608981,-20.31009,-2.6784566e-9,0.68319964,-20.344448,-2.821981e-9,0.12938309,-17.76245
10-41,short_additive_synth,handpan_strikes,delhi_subway_cycle,42b41cd9f35d11cf,3187a582eafedd91,1,1;5;9,116.024269;143.606293;177.745285,sparse-hashed-13edo-gradual-drones-v14,short,5674531e28d46f1f,6.046029;5.557150;5.006174,2.273332;2.031304;1.789276,breathing_drone;late_bloom;broad_swell,saturated_saw_cluster,detune_cents=83.660;drift_cents=15.463;drive=8.174;folds=4;alias_percent=79.764;bits=7;hard_sync_percent=53.762;sample_hold_frames=3,3,0.9609871,-10.806018,-12.180676,10.680676,-1.5,-1.5,wav/10_handpan_strikes__41_delhi_subway_cycle.wav,2,288000,6.0,1727999,35.99997916666667,0.69776666,0.097280145,-20.239515,-2.317465e-9,0,0,0.69776666,-20.284233,-1.2395398e-9,0.5510748,-20.195255,-3.3953904e-9,0.1358522,-17.338665
10-42,short_additive_synth,handpan_strikes,hockey_goal,42b41cd9f35d11cf,7338d14d9c7d0103,9,9;0;4,177.745285;110.000000;136.149902,sparse-hashed-13edo-gradual-drones-v14,short,c5dac3ea9d08bb62,6.417858;6.822807;7.193196,2.476543;2.718571;2.960599,breathing_drone;soft_drone;broad_swell,saturated_saw_cluster,detune_cents=56.588;drift_cents=21.617;drive=9.292;folds=3;alias_percent=74.063;bits=7;hard_sync_percent=57.384;sample_hold_frames=2,2,0.92738265,-7.899098,-8.614409,7.1144094,-1.5,-1.5000007,wav/10_handpan_strikes__42_hockey_goal.wav,2,288000,6.0,1727999,35.99997916666667,0.6516042,0.09760748,-20.210339,1.7971952e-10,0,0,0.6516042,-20.213802,3.6136268e-11,0.64574814,-20.206875,3.2330277e-10,0.13839275,-17.177732
10-43,short_additive_synth,handpan_strikes,ambulance_siren,42b41cd9f35d11cf,f8af2f1a4cb0c701,9,9;0;4,177.745285;110.000000;136.149902,sparse-hashed-13edo-gradual-drones-v14,short,65ed73c91302316b,5.775391;5.253111;6.662489,2.135989;1.893961;2.620046,broad_swell;soft_drone;breathing_drone,modal_noise_resonator,detune_cents=38.377;mode_disorder_percent=3.900;resonated_noise_percent=14.194;clean_percent=60.000;parallel_ruin_percent=25.806;drive=3.857;folds=2,3,0.96081483,-10.806034,-4.5806656,3.0806656,-1.5,-1.4999995,wav/10_handpan_strikes__43_ambulance_siren.wav,2,288000,6.0,1727999,35.99997916666667,0.5078339,0.09848236,-20.13283,4.7155893e-9,0,0,0.5078339,-20.14001,2.912233e-9,0.47107768,-20.12566,6.518946e-9,0.14039001,-17.053276
10-44,short_additive_synth,handpan_strikes,woodshop_process,42b41cd9f35d11cf,8e1e1d890ae5881a,10,10;1;5,187.479691;116.024269;143.606293,sparse-hashed-13edo-gradual-drones-v14,short,a13ddb7c4a1a4745,7.310410;6.950305;6.557618,3.041593;2.799565;2.557537,broad_swell;breathing_drone;late_bloom,modal_noise_resonator,detune_cents=40.470;mode_disorder_percent=5.896;resonated_noise_percent=14.521;clean_percent=60.000;parallel_ruin_percent=25.479;drive=4.212;folds=2,3,0.96091235,-10.805978,-22.095577,20.595577,-1.5,-1.5000019,wav/10_handpan_strikes__44_woodshop_process.wav,2,288000,6.0,1727999,35.99997916666667,0.68442214,0.096497886,-20.309643,6.57081e-9,0,0,0.68442214,-20.344742,9.487928e-9,0.63411605,-20.27483,3.6536925e-9,0.14182535,-16.964924
10-45,short_additive_synth,handpan_strikes,tractor_turning_hay,42b41cd9f35d11cf,241aba059f6c939a,10,10;1;5,187.479691;116.024269;143.606293,sparse-hashed-13edo-gradual-drones-v14,short,e64d56caa5c6e447,4.573823;7.765612;5.709414,1.619729;3.377701;2.103785,breathing_drone;late_bloom;broad_swell,saturated_saw_cluster,detune_cents=68.236;drift_cents=21.497;drive=7.767;folds=4;alias_percent=65.063;bits=5;hard_sync_percent=62.009;sample_hold_frames=4,3,0.96081567,-10.807998,-7.2661076,5.7661076,-1.5,-1.5,wav/10_handpan_strikes__45_tractor_turning_hay.wav,2,288000,6.0,1727999,35.99997916666667,0.5194133,0.09830441,-20.14854,-4.8555036e-9,0,0,0.45235083,-20.141373,-2.433274e-9,0.5194133,-20.15572,-7.2777326e-9,0.13873464,-17.156301
10-46,short_additive_synth,handpan_strikes,hail_thunder,42b41cd9f35d11cf,8ca435fa8014940b,8,8;12;3,168.516296;208.577057;129.080658,sparse-hashed-13edo-gradual-drones-v14,short,21eff7c400db1c9d,7.830279;7.512326;7.169243,3.428372;3.186344;2.944315,soft_drone;breathing_drone;late_bloom,saturated_saw_cluster,detune_cents=75.335;drift_cents=15.858;drive=9.830;folds=4;alias_percent=65.247;bits=5;hard_sync_percent=45.344;sample_hold_frames=2,3,0.9608286,-10.805991,-14.448074,12.948074,-1.5,-1.4999995,wav/10_handpan_strikes__46_hail_thunder.wav,2,288000,6.0,1727999,35.99997916666667,0.6129347,0.09755294,-20.21519,3.168116e-9,0,0,0.5781175,-20.204924,1.0015024e-9,0.6129347,-20.225487,5.3347295e-9,0.1380296,-17.200554
10-47,short_additive_synth,handpan_strikes,marielle_protest,42b41cd9f35d11cf,b99f4919a8dffbad,10,10;1;5,187.479691;116.024269;143.606293,sparse-hashed-13edo-gradual-drones-v14,short,68a22860f5873bab,5.664369;6.141959;4.515226,2.082078;2.324106;1.598022,breathing_drone;soft_drone;broad_swell,inharmonic_fm,detune_cents=43.517;feedback=0.424;crossfeedback_percent=8.000;index=7.599->3.000;clean_percent=45.000;raw_fm_percent=40.000;parallel_ruin_percent=15.000;phase_drift_radians=0.080;drive=3.053;folds=2,2,0.9711202,-12.196421,-14.375046,12.875046,-1.5,-1.5,wav/10_handpan_strikes__47_marielle_protest.wav,2,288000,6.0,1727999,35.99997916666667,0.5424441,0.09829519,-20.149355,-3.7966212e-9,0,0,0.5424441,-20.157995,-2.9438691e-9,0.5056326,-20.140732,-4.6493733e-9,0.13878547,-17.15312
10-48,short_additive_synth,handpan_strikes,hair_salon_tools,42b41cd9f35d11cf,91febc7e6d506cc8,5,5;9;0,143.606293;177.745285;110.000000,sparse-hashed-13edo-gradual-drones-v14,short,6e7057ddbc0efe60,5.443425;5.944555;6.393795,1.978803;2.220831;2.462859,breathing_drone;soft_drone;broad_swell,saturated_saw_cluster,detune_cents=78.964;drift_cents=21.920;drive=9.333;folds=3;alias_percent=62.240;bits=5;hard_sync_percent=51.045;sample_hold_frames=2,2,0.965178,-11.345704,-14.954396,13.454396,-1.5,-1.5,wav/10_handpan_strikes__48_hair_salon_tools.wav,2,288000,6.0,1727999,35.99997916666667,0.58521724,0.09805024,-20.171028,-1.3799873e-9,0,0,0.58521724,-20.175236,6.2136024e-10,0.5610183,-20.166824,-3.381335e-9,0.13795732,-17.205105
11-25,short_additive_synth,madrid_street_accordion,thunder_mountain,698da8fc7a8264fe,4e2a8e922a968e95,5,5;9;0,143.606293;177.745285;110.000000,sparse-hashed-13edo-gradual-drones-v14,short,cf0c1ad04a885a2a,7.189095;6.818341;7.847335,2.957805;2.715777;3.441862,broad_swell;soft_drone;breathing_drone,inharmonic_fm,detune_cents=44.330;feedback=0.359;crossfeedback_percent=8.000;index=7.326->3.330;clean_percent=45.000;raw_fm_percent=40.000;parallel_ruin_percent=15.000;phase_drift_radians=0.080;drive=2.486;folds=3,3,0.92784166,-7.927693,-10.161186,8.661186,-1.5,-1.5000012,wav/11_madrid_street_accordion__25_thunder_mountain.wav,2,288000,6.0,1727999,35.99997916666667,0.577389,0.097953975,-20.179558,5.2133213e-9,0,0,0.577389,-20.190674,6.4019887e-9,0.5645052,-20.168474,4.0246535e-9,0.13920987,-17.1266
11-26,short_additive_synth,madrid_street_accordion,inside_car_wash,698da8fc7a8264fe,903a06c594b2e6cb,7,7;11;2,159.766510;197.747208;122.378456,sparse-hashed-13edo-gradual-drones-v14,short,541d32d1f6285a5e,4.253199;4.901049;7.280046,1.504457;1.746485;3.020401,breathing_drone;broad_swell;broad_swell,inharmonic_fm,detune_cents=39.927;feedback=0.459;crossfeedback_percent=8.000;index=8.778->3.696;clean_percent=45.000;raw_fm_percent=40.000;parallel_ruin_percent=15.000;phase_drift_radians=0.080;drive=2.653;folds=2,2,0.9630802,-11.06834,-13.010053,11.510053,-1.5,-1.5,wav/11_madrid_street_accordion__26_inside_car_wash.wav,2,288000,6.0,1727999,35.99997916666667,0.7488496,0.09638981,-20.319378,-9.058214e-9,0,0,0.69839704,-20.316717,-4.497866e-9,0.7488496,-20.322039,-1.36185605e-8,0.13786311,-17.211039
11-27,short_additive_synth,madrid_street_accordion,peru_new_year_fireworks,698da8fc7a8264fe,83317dd5c74822ca,2,2;6;10,122.378456;151.471039;187.479691,sparse-hashed-13edo-gradual-drones-v14,short,ff102882d2a5db8f,4.930985;5.490988;5.986960,1.758565;2.000593;2.242622,late_bloom;soft_drone;broad_swell,modal_noise_resonator,detune_cents=46.756;mode_disorder_percent=5.500;resonated_noise_percent=10.055;clean_percent=60.000;parallel_ruin_percent=29.945;drive=4.430;folds=1,2,0.9636723,-11.168076,-9.077942,7.577942,-1.5,-1.4999995,wav/11_madrid_street_accordion__27_peru_new_year_fireworks.wav,2,288000,6.0,1727999,35.99997916666667,0.57811785,0.0983203,-20.147135,4.7251003e-9,0,0,0.510452,-20.149178,4.5323323e-9,0.57811785,-20.145094,4.9178683e-9,0.13866611,-17.160593
11-28,short_additive_synth,madrid_street_accordion,efteling_steam_train,698da8fc7a8264fe,9a412959184abdf9,2,2;6;10,122.378456;151.471039;187.479691,sparse-hashed-13edo-gradual-drones-v14,short,76d9b360e93832f8,5.568998;5.019623;4.390548,2.036854;1.794826;1.552798,broad_swell;soft_drone;breathing_drone,modal_noise_resonator,detune_cents=47.336;mode_disorder_percent=3.292;resonated_noise_percent=10.986;clean_percent=60.000;parallel_ruin_percent=29.014;drive=4.981;folds=2,3,0.9288025,-7.9662046,-4.6048784,3.1048784,-1.5,-1.5000007,wav/11_madrid_street_accordion__28_efteling_steam_train.wav,2,288000,6.0,1727999,35.99997916666667,0.598376,0.09813425,-20.16359,2.416176e-9,0,0,0.4685955,-20.15445,2.2215312e-9,0.598376,-20.172747,2.6108207e-9,0.1378788,-17.210049
11-29,short_additive_synth,madrid_street_accordion,helicopter_takeoff,698da8fc7a8264fe,4534148b4903c233,8,8;12;3,168.516296;208.577057;129.080658,sparse-hashed-13edo-gradual-drones-v14,short,04e7ce98334ef556,5.282102;4.692547;7.822949,1.906646;1.664618;3.422590,late_bloom;broad_swell;soft_drone,modal_noise_resonator,detune_cents=51.418;mode_disorder_percent=3.627;resonated_noise_percent=14.113;clean_percent=60.000;parallel_ruin_percent=25.887;drive=4.930;folds=2,3,0.9341667,-8.316975,-4.474762,2.974762,-1.5,-1.5,wav/11_madrid_street_accordion__29_helicopter_takeoff.wav,2,288000,6.0,1727999,35.99997916666667,0.59127235,0.098240465,-20.154192,7.970588e-9,0,0,0.54832524,-20.142883,6.1467853e-9,0.59127235,-20.16553,9.794389e-9,0.13962048,-17.101017
11-30,short_additive_synth,madrid_street_accordion,scuba_bubbles,698da8fc7a8264fe,d2eaf6d35c117589,6,6;10;1,151.471039;187.479691;116.024269,sparse-hashed-13edo-gradual-drones-v14,short,a2f92b937892dde9,6.303819;5.844658;7.098007,2.412359;2.170330;2.896415,breathing_drone;late_bloom;broad_swell,modal_noise_resonator,detune_cents=46.387;mode_disorder_percent=3.917;resonated_noise_percent=14.873;clean_percent=60.000;parallel_ruin_percent=25.127;drive=3.862;folds=2,3,0.9322386,-8.293306,-8.982783,7.4827833,-1.5,-1.4999995,wav/11_madrid_street_accordion__30_scuba_bubbles.wav,2,288000,6.0,1727999,35.99997916666667,0.51940244,0.09843186,-20.137287,1.4779582e-9,0,0,0.51940244,-20.144949,1.7116488e-9,0.4482706,-20.129635,1.2442676e-9,0.13993917,-17.081215
11-31,short_additive_synth,madrid_street_accordion,building_demolition,698da8fc7a8264fe,d502a0866ac3b927,6,6;10;1,151.471039;187.479691;116.024269,sparse-hashed-13edo-gradual-drones-v14,short,c43ceb68f18593d0,7.472762;7.793520;4.631820,3.157448;3.399476;1.641504,breathing_drone;soft_drone;broad_swell,modal_noise_resonator,detune_cents=38.059;mode_disorder_percent=3.562;resonated_noise_percent=13.234;clean_percent=60.000;parallel_ruin_percent=26.766;drive=4.681;folds=1,2,0.96352315,-11.12301,-8.336652,6.836652,-1.5,-1.5000007,wav/11_madrid_street_accordion__31_building_demolition.wav,2,288000,6.0,1727999,35.99997916666667,0.5397089,0.09837954,-20.141905,2.6541527e-9,0,0,0.5397089,-20.151884,1.6594927e-10,0.46843085,-20.131948,5.142356e-9,0.14079626,-17.028177
11-32,short_additive_synth,madrid_street_accordion,finnish_blacksmith,698da8fc7a8264fe,8828c2d1c0ff4488,9,9;0;4,177.745285;110.000000;136.149902,sparse-hashed-13edo-gradual-drones-v14,short,5bbdcdb333ae7b7a,6.131866;6.563052;5.114943,2.318711;2.560739;1.834654,broad_swell;late_bloom;breathing_drone,inharmonic_fm,detune_cents=34.915;feedback=0.358;crossfeedback_percent=8.000;index=7.818->3.862;clean_percent=45.000;raw_fm_percent=40.000;parallel_ruin_percent=15.000;phase_drift_radians=0.080;drive=2.750;folds=2,2,0.9638422,-11.162754,-9.556221,8.056221,-1.5,-1.5,wav/11_madrid_street_accordion__32_finnish_blacksmith.wav,2,288000,6.0,1727999,35.99997916666667,0.61551476,0.09810386,-20.166279,5.3923026e-9,0,0,0.5706431,-20.16349,6.6875745e-9,0.61551476,-20.169067,4.097031e-9,0.13883081,-17.150284
11-33,short_additive_synth,madrid_street_accordion,cattle_auction,698da8fc7a8264fe,63aeff78df8557af,11,11;2;6,197.747208;122.378456;151.471039,sparse-hashed-13edo-gradual-drones-v14,short,080ede17f687e255,5.830973;5.315742;6.707854,2.163501;1.921473;2.647557,breathing_drone;broad_swell;broad_swell,inharmonic_fm,detune_cents=29.912;feedback=0.542;crossfeedback_percent=8.000;index=8.889->2.733;clean_percent=45.000;raw_fm_percent=40.000;parallel_ruin_percent=15.000;phase_drift_radians=0.080;drive=3.042;folds=3,3,0.92871916,-7.956591,-5.549829,4.049829,-1.5,-1.5000007,wav/11_madrid_street_accordion__33_cattle_auction.wav,2,288000,6.0,1727999,35.99997916666667,0.5286481,0.0979526,-20.179682,3.4823466e-9,0,0,0.5286481,-20.187645,4.9018047e-9,0.51732546,-20.17173,2.0628885e-9,0.13663585,-17.288706
11-34,short_additive_synth,madrid_street_accordion,ferry_alarm,698da8fc7a8264fe,63fa0671c3c8b3fd,10,10;1;5,187.479691;116.024269;143.606293,sparse-hashed-13edo-gradual-drones-v14,short,b32f916644f2b24d,7.320096;7.651902;4.333234,3.048384;3.290412;1.532440,soft_drone;broad_swell;late_bloom,saturated_saw_cluster,detune_cents=57.177;drift_cents=21.304;drive=9.214;folds=3;alias_percent=73.542;bits=6;hard_sync_percent=64.532;sample_hold_frames=4,2,0.9640616,-11.178818,-13.858248,12.358248,-1.5,-1.5000007,wav/11_madrid_street_accordion__34_ferry_alarm.wav,2,288000,6.0,1727999,35.99997916666667,0.6566677,0.098024316,-20.173323,-5.7690572e-9,0,0,0.63191724,-20.171425,-7.948421e-9,0.6566677,-20.175224,-3.589694e-9,0.13782343,-17.21354
11-35,short_additive_synth,madrid_street_accordion,flooded_mine,698da8fc7a8264fe,5ef5719090cb3c3e,8,8;12;3,168.516296;208.577057;129.080658,sparse-hashed-13edo-gradual-drones-v14,short,2458aa693d163aaf,5.091133;4.473098;7.717603,1.824623;1.582595;3.340567,broad_swell;soft_drone;breathing_drone,saturated_saw_cluster,detune_cents=79.830;drift_cents=19.216;drive=7.866;folds=4;alias_percent=62.758;bits=7;hard_sync_percent=63.336;sample_hold_frames=3,3,0.931981,-8.179835,-8.894976,7.3949757,-1.5,-1.5000007,wav/11_madrid_street_accordion__35_flooded_mine.wav,2,288000,6.0,1727999,35.99997916666667,0.61691606,0.09798027,-20.177229,-2.408775e-9,0,0,0.5462676,-20.164396,-1.979135e-9,0.61691606,-20.190098,-2.838415e-9,0.13816537,-17.192017
11-36,short_additive_synth,madrid_street_accordion,cappuccino_process,698da8fc7a8264fe,c9cb796a64de33e2,0,0;4;8,110.000000;136.149902;168.516296,sparse-hashed-13edo-gradual-drones-v14,short,f0c8b63b24c97b29,6.569160;6.960850;5.660630,2.564342;2.806370;2.080286,late_bloom;breathing_drone;soft_drone,saturated_saw_cluster,detune_cents=70.587;drift_cents=16.081;drive=9.431;folds=3;alias_percent=78.377;bits=6;hard_sync_percent=46.295;sample_hold_frames=4,2,0.96393484,-11.18098,-14.95412,13.45412,-1.5,-1.5,wav/11_madrid_street_accordion__36_cappuccino_process.wav,2,288000,6.0,1727999,35.99997916666667,0.7919676,0.09612902,-20.34291,-4.519761e-9,0,0,0.7919676,-20.374794,-6.0808203e-9,0.6955454,-20.311258,-2.958702e-9,0.13552353,-17.359707
11-37,short_additive_synth,madrid_street_accordion,tennis_match,698da8fc7a8264fe,09cb934e68f8f084,3,3;7;11,129.080658;159.766510;197.747208,sparse-hashed-13edo-gradual-drones-v14,short,40140d319620c92b,5.988617;6.433548;4.933098,2.243477;2.485506;1.759421,late_bloom;breathing_drone;soft_drone,inharmonic_fm,detune_cents=47.045;feedback=0.458;crossfeedback_percent=8.000;index=8.716->3.357;clean_percent=45.000;raw_fm_percent=40.000;parallel_ruin_percent=15.000;phase_drift_radians=0.080;drive=2.910;folds=2,2,0.9638585,-11.145393,-12.924181,11.424181,-1.5,-1.5,wav/11_madrid_street_accordion__37_tennis_match.wav,2,288000,6.0,1727999,35.99997916666667,0.6654298,0.09795536,-20.179436,-1.3197674e-9,0,0,0.5677509,-20.169353,7.823088e-10,0.6654298,-20.189543,-3.4218437e-9,0.13813677,-17.193813
11-38,short_additive_synth,madrid_street_accordion,chainsaw_cycle,698da8fc7a8264fe,5c7feb9d452f2bef,7,7;11;2,159.766510;197.747208;122.378456,sparse-hashed-13edo-gradual-drones-v14,short,a0800b01c927ec47,7.161780;6.788583;6.380275,2.939260;2.697232;2.455204,broad_swell;breathing_drone;late_bloom,saturated_saw_cluster,detune_cents=68.409;drift_cents=18.661;drive=7.728;folds=4;alias_percent=73.405;bits=7;hard_sync_percent=50.602;sample_hold_frames=4,3,0.92737806,-7.8945274,-8.260716,6.7607164,-1.5,-1.5,wav/11_madrid_street_accordion__38_chainsaw_cycle.wav,2,288000,6.0,1727999,35.99997916666667,0.71645397,0.0965508,-20.304882,-1.0616996e-9,0,0,0.71645397,-20.279121,-1.883987e-9,0.70494115,-20.330795,-2.3941218e-10,0.13723224,-17.250877
11-39,short_additive_synth,madrid_street_accordion,near_foghorn,698da8fc7a8264fe,1d6af12c6225ab62,8,8;12;3,168.516296;208.577057;129.080658,sparse-hashed-13edo-gradual-drones-v14,short,501d08d923fc9826,7.895708;7.582685;7.245336,3.480413;3.238385;2.996357,broad_swell;soft_drone;breathing_drone,inharmonic_fm,detune_cents=36.337;feedback=0.450;crossfeedback_percent=8.000;index=7.226->2.520;clean_percent=45.000;raw_fm_percent=40.000;parallel_ruin_percent=15.000;phase_drift_radians=0.080;drive=2.335;folds=3,3,0.9301441,-8.03373,-7.96598,6.46598,-1.5,-1.5,wav/11_madrid_street_accordion__39_near_foghorn.wav,2,288000,6.0,1727999,35.99997916666667,0.5554708,0.09733066,-20.235006,-6.1866146e-8,0,0,0.49368042,-20.203323,-9.701745e-8,0.5554708,-20.266924,-2.6714845e-8,0.14519165,-16.761168
11-40,short_additive_synth,madrid_street_accordion,barcelona_gate_pa,698da8fc7a8264fe,e28efd5cee017776,6,6;10;1,151.471039;187.479691;116.024269,sparse-hashed-13edo-gradual-drones-v14,short,5f266bb0d730d000,6.086954;5.602925;5.058104,2.294856;2.052828;1.810800,late_bloom;broad_swell;soft_drone,inharmonic_fm,detune_cents=42.265;feedback=0.483;crossfeedback_percent=8.000;index=7.463->2.965;clean_percent=45.000;raw_fm_percent=40.000;parallel_ruin_percent=15.000;phase_drift_radians=0.080;drive=2.460;folds=3,3,0.92957485,-8.017097,-14.220577,12.720577,-1.5,-1.4999995,wav/11_madrid_street_accordion__40_barcelona_gate_pa.wav,2,288000,6.0,1727999,35.99997916666667,0.510162,0.09836981,-20.142763,-5.2494893e-9,0,0,0.510162,-20.147366,5.78599e-11,0.4876938,-20.138166,-1.0556838e-8,0.1368712,-17.273758
11-41,short_additive_synth,madrid_street_accordion,delhi_subway_cycle,698da8fc7a8264fe,3187a582eafedd91,2,2;6;10,122.378456;151.471039;187.479691,sparse-hashed-13edo-gradual-drones-v14,short,173d0f5ee84e81f7,5.778129;5.256199;6.664721,2.137336;1.895308;2.621393,late_bloom;broad_swell;soft_drone,inharmonic_fm,detune_cents=44.052;feedback=0.426;crossfeedback_percent=8.000;index=6.922->3.759;clean_percent=45.000;raw_fm_percent=40.000;parallel_ruin_percent=15.000;phase_drift_radians=0.080;drive=3.042;folds=3,3,0.9321827,-8.204211,-6.2542205,4.7542205,-1.5,-1.5000007,wav/11_madrid_street_accordion__41_delhi_subway_cycle.wav,2,288000,6.0,1727999,35.99997916666667,0.5574812,0.09785957,-20.187933,-3.1318625e-10,0,0,0.51168203,-20.165436,-2.2657212e-10,0.5574812,-20.21055,-3.9980041e-10,0.13634832,-17.307003
11-42,short_additive_synth,madrid_street_accordion,hockey_goal,698da8fc7a8264fe,7338d14d9c7d0103,3,3;7;11,129.080658;159.766510;197.747208,sparse-hashed-13edo-gradual-drones-v14,short,eed8959cdefd88aa,7.704625;4.445661;7.022578,3.330600;1.572628;2.846544,soft_drone;broad_swell;late_bloom,inharmonic_fm,detune_cents=35.195;feedback=0.458;crossfeedback_percent=8.000;index=8.203->2.794;clean_percent=45.000;raw_fm_percent=40.000;parallel_ruin_percent=15.000;phase_drift_radians=0.080;drive=3.014;folds=2,2,0.9631836,-11.078011,-14.520782,13.020782,-1.5,-1.5000007,wav/11_madrid_street_accordion__42_hockey_goal.wav,2,288000,6.0,1727999,35.99997916666667,0.60384303,0.098049454,-20.171097,-1.0802967e-9,0,0,0.60384303,-20.178238,-8.3606766e-10,0.59312433,-20.163967,-1.3245257e-9,0.13920364,-17.126987
11-43,short_additive_synth,madrid_street_accordion,ambulance_siren,698da8fc7a8264fe,f8af2f1a4cb0c701,1,1;5;9,116.024269;143.606293;177.745285,sparse-hashed-13edo-gradual-drones-v14,short,a32a368b3a8caf83,4.303082;4.944054;5.502478,1.521837;1.763865;2.005893,breathing_drone;soft_drone;broad_swell,inharmonic_fm,detune_cents=31.708;feedback=0.404;crossfeedback_percent=8.000;index=7.943->2.563;clean_percent=45.000;raw_fm_percent=40.000;parallel_ruin_percent=15.000;phase_drift_radians=0.080;drive=2.881;folds=2,2,0.9628086,-11.0335865,-10.093683,8.593683,-1.5,-1.5000007,wav/11_madrid_street_accordion__43_ambulance_siren.wav,2,288000,6.0,1727999,35.99997916666667,0.50523293,0.098491706,-20.132008,-3.944444e-9,0,0,0.50523293,-20.142193,-1.4509172e-9,0.4731397,-20.121843,-6.43797e-9,0.14060836,-17.039778
11-44,short_additive_synth,madrid_street_accordion,woodshop_process,698da8fc7a8264fe,8e1e1d890ae5881a,4,4;8;12,136.149902;168.516296;208.577057,sparse-hashed-13edo-gradual-drones-v14,short,d1aa2897d7a6215d,7.640034;7.307285;6.946909,3.281432;3.039404;2.797376,breathing_drone;late_bloom;soft_drone,modal_noise_resonator,detune_cents=38.751;mode_disorder_percent=4.146;resonated_noise_percent=16.098;clean_percent=60.000;parallel_ruin_percent=23.902;drive=3.995;folds=2,3,0.9331534,-8.280329,-14.583679,13.083679,-1.5,-1.4999995,wav/11_madrid_street_accordion__44_woodshop_process.wav,2,288000,6.0,1727999,35.99997916666667,0.70320135,0.09700981,-20.263687,-8.065141e-10,0,0,0.70320135,-20.289328,-1.94806e-9,0.63954765,-20.238197,3.3503184e-10,0.13878919,-17.152887
11-45,short_additive_synth,madrid_street_accordion,tractor_turning_hay,698da8fc7a8264fe,241aba059f6c939a,3,3;7;11,129.080658;159.766510;197.747208,sparse-hashed-13edo-gradual-drones-v14,short,58aa811dbdfb53ef,4.397441;5.025588;5.574255,1.555264;1.797292;2.039320,late_bloom;breathing_drone;soft_drone,inharmonic_fm,detune_cents=47.688;feedback=0.543;crossfeedback_percent=8.000;index=6.597->3.583;clean_percent=45.000;raw_fm_percent=40.000;parallel_ruin_percent=15.000;phase_drift_radians=0.080;drive=2.624;folds=2,2,0.9631286,-11.046345,-17.8531,16.3531,-1.5,-1.5000007,wav/11_madrid_street_accordion__45_tractor_turning_hay.wav,2,288000,6.0,1727999,35.99997916666667,0.55316335,0.09819399,-20.158302,-2.61692e-9,0,0,0.47670317,-20.14209,-3.5818064e-9,0.55316335,-20.174576,-1.6520337e-9,0.13556258,-17.357203
11-46,short_additive_synth,madrid_street_accordion,hail_thunder,698da8fc7a8264fe,8ca435fa8014940b,1,1;5;9,116.024269;143.606293;177.745285,sparse-hashed-13edo-gradual-drones-v14,short,6ed39eab92bb5a85,6.083454;6.519240;6.915257,2.293007;2.535035;2.777063,breathing_drone;soft_drone;broad_swell,inharmonic_fm,detune_cents=30.240;feedback=0.414;crossfeedback_percent=8.000;index=8.898->3.301;clean_percent=45.000;raw_fm_percent=40.000;parallel_ruin_percent=15.000;phase_drift_radians=0.080;drive=2.847;folds=2,2,0.9630135,-11.0615,-13.11401,11.61401,-1.5,-1.5,wav/11_madrid_street_accordion__46_hail_thunder.wav,2,288000,6.0,1727999,35.99997916666667,0.57020783,0.09757031,-20.213646,4.6692596e-9,0,0,0.57020783,-20.233387,1.3369583e-9,0.55492693,-20.193995,8.001561e-9,0.13644597,-17.300785
11-47,short_additive_synth,madrid_street_accordion,marielle_protest,698da8fc7a8264fe,b99f4919a8dffbad,1,1;5;9,116.024269;143.606293;177.745285,sparse-hashed-13edo-gradual-drones-v14,short,ad2707ce2632d423,6.325292;6.738561;5.357997,2.424315;2.666344;1.940259,breathing_drone;soft_drone;broad_swell,inharmonic_fm,detune_cents=37.590;feedback=0.350;crossfeedback_percent=8.000;index=6.470->3.627;clean_percent=45.000;raw_fm_percent=40.000;parallel_ruin_percent=15.000;phase_drift_radians=0.080;drive=2.879;folds=2,2,0.9623708,-11.001932,-11.624824,10.124824,-1.5,-1.4999995,wav/11_madrid_street_accordion__47_marielle_protest.wav,2,288000,6.0,1727999,35.99997916666667,0.5586474,0.09833871,-20.14551,-1.7520025e-9,0,0,0.5586474,-20.145128,6.263471e-10,0.54329413,-20.145893,-4.130352e-9,0.14053316,-17.044424
11-48,short_additive_synth,madrid_street_accordion,hair_salon_tools,698da8fc7a8264fe,91febc7e6d506cc8,1,1;5;9,116.024269;143.606293;177.745285,sparse-hashed-13edo-gradual-drones-v14,short,b81babbe0dc51e78,4.377747;5.008551;7.342530,1.548227;1.790256;3.064171,soft_drone;broad_swell;late_bloom,modal_noise_resonator,detune_cents=39.116;mode_disorder_percent=3.488;resonated_noise_percent=15.484;clean_percent=60.000;parallel_ruin_percent=24.516;drive=4.931;folds=1,2,0.9626842,-11.010877,-13.972439,12.472439,-1.5,-1.5,wav/11_madrid_street_accordion__48_hair_salon_tools.wav,2,288000,6.0,1727999,35.99997916666667,0.50816554,0.09843056,-20.137402,1.6146372e-9,0,0,0.50816554,-20.146816,2.1510131e-9,0.50179046,-20.128004,1.0782613e-9,0.13849433,-17.17136
12-25,short_additive_synth,blues_harmonica,thunder_mountain,6f54f04b4a6b8177,4e2a8e922a968e95,1,1;5;9,116.024269;143.606293;177.745285,sparse-hashed-13edo-gradual-drones-v14,short,28d975ea38ba33f2,7.455826;7.108066;4.599183,3.145159;2.903131;1.629215,late_bloom;broad_swell;soft_drone,saturated_saw_cluster,detune_cents=74.914;drift_cents=12.692;drive=7.516;folds=4;alias_percent=73.871;bits=7;hard_sync_percent=50.425;sample_hold_frames=3,3,0.95196843,-9.844211,-9.794575,8.294575,-1.5,-1.4999995,wav/12_blues_harmonica__25_thunder_mountain.wav,2,288000,6.0,1727999,35.99997916666667,0.65398335,0.097434536,-20.225742,-4.9089577e-9,0,0,0.65398335,-20.251371,-4.531326e-9,0.62287885,-20.200262,-5.2865894e-9,0.13668743,-17.285427
12-26,short_additive_synth,blues_harmonica,inside_car_wash,6f54f04b4a6b8177,903a06c594b2e6cb,10,10;1;5,187.479691;116.024269;143.606293,sparse-hashed-13edo-gradual-drones-v14,short,e9986c44bdbe5c26,4.709775;5.297148;7.513465,1.671235;1.913263;3.187179,breathing_drone;soft_drone;broad_swell,modal_noise_resonator,detune_cents=38.218;mode_disorder_percent=4.358;resonated_noise_percent=10.524;clean_percent=60.000;parallel_ruin_percent=29.476;drive=3.856;folds=1,2,0.970756,-12.135947,0.95436984,0.0,-1.5,0.95436984,wav/12_blues_harmonica__26_inside_car_wash.wav,2,288000,6.0,1727999,35.99997916666667,0.64578724,0.09737033,-20.231466,-3.898265e-9,0,0,0.6291903,-20.222864,-3.770473e-9,0.64578724,-20.240088,-4.0260564e-9,0.1407001,-17.034113
12-27,short_additive_synth,blues_harmonica,peru_new_year_fireworks,6f54f04b4a6b8177,83317dd5c74822ca,1,1;5;9,116.024269;143.606293;177.745285,sparse-hashed-13edo-gradual-drones-v14,short,943f1868c6fafea7,6.297827;6.713596;7.093018,2.409032;2.651061;2.893089,broad_swell;late_bloom;breathing_drone,modal_noise_resonator,detune_cents=52.930;mode_disorder_percent=3.297;resonated_noise_percent=11.809;clean_percent=60.000;parallel_ruin_percent=28.191;drive=4.045;folds=1,2,0.96596247,-11.444659,-2.883167,1.383167,-1.5,-1.5,wav/12_blues_harmonica__27_peru_new_year_fireworks.wav,2,288000,6.0,1727999,35.99997916666667,0.5880974,0.09832513,-20.14671,3.605037e-10,0,0,0.5880974,-20.152397,-3.950673e-11,0.56338894,-20.14103,7.6051415e-10,0.13826801,-17.185566
12-28,short_additive_synth,blues_harmonica,efteling_steam_train,6f54f04b4a6b8177,9a412959184abdf9,11,11;2;6,197.747208;122.378456;151.471039,sparse-hashed-13edo-gradual-drones-v14,short,4d3ecfac4e5d1700,7.306801;7.639587;4.306748,3.039066;3.281094;1.523122,broad_swell;late_bloom;breathing_drone,modal_noise_resonator,detune_cents=49.923;mode_disorder_percent=4.768;resonated_noise_percent=10.788;clean_percent=60.000;parallel_ruin_percent=29.212;drive=4.948;folds=1,2,0.94888806,-9.563923,12.371254,0.0,-1.5,12.371254,wav/12_blues_harmonica__28_efteling_steam_train.wav,2,288000,6.0,1727999,35.99997916666667,0.57018304,0.098011516,-20.174458,1.2562276e-9,0,0,0.57018304,-20.187618,3.0733716e-10,0.5256955,-20.161335,2.2051179e-9,0.14211257,-16.94735
12-29,short_additive_synth,blues_harmonica,helicopter_takeoff,6f54f04b4a6b8177,4534148b4903c233,2,2;6;10,122.378456;151.471039;187.479691,sparse-hashed-13edo-gradual-drones-v14,short,7e9a11c934edff2e,7.675299;4.383317;6.988247,3.308186;1.550214;2.824130,soft_drone;broad_swell;late_bloom,modal_noise_resonator,detune_cents=50.966;mode_disorder_percent=5.368;resonated_noise_percent=16.644;clean_percent=60.000;parallel_ruin_percent=23.356;drive=4.575;folds=1,2,0.9485156,-9.526977,-1.4980681,0.0,-1.5,-1.4980681,wav/12_blues_harmonica__29_helicopter_takeoff.wav,2,288000,6.0,1727999,35.99997916666667,0.64035183,0.0977182,-20.20049,5.991557e-10,0,0,0.64035183,-20.195152,-8.4659196e-10,0.6193469,-20.205837,2.0449034e-9,0.13600561,-17.328863
12-30,short_additive_synth,blues_harmonica,scuba_bubbles,6f54f04b4a6b8177,d2eaf6d35c117589,3,3;7;11,129.080658;159.766510;197.747208,sparse-hashed-13edo-gradual-drones-v14,short,0a50c1bbba012031,5.356270;5.866984;7.864423,1.939488;2.181516;3.455431,breathing_drone;soft_drone;soft_drone,saturated_saw_cluster,detune_cents=62.289;drift_cents=20.171;drive=9.980;folds=3;alias_percent=64.097;bits=5;hard_sync_percent=57.116;sample_hold_frames=3,2,0.9578665,-10.468047,2.47168,0.0,-1.5,2.47168,wav/12_blues_harmonica__30_scuba_bubbles.wav,2,288000,6.0,1727999,35.99997916666667,0.56973344,0.09827243,-20.151367,7.649608e-10,0,0,0.5415704,-20.151968,2.502118e-9,0.56973344,-20.150764,-9.721964e-10,0.14093485,-17.019632
12-31,short_additive_synth,blues_harmonica,building_demolition,6f54f04b4a6b8177,d502a0866ac3b927,4,4;8;12,136.149902;168.516296;208.577057,sparse-hashed-13edo-gradual-drones-v14,short,8dd019b0385108e8,4.267528;7.621425;5.475531,1.509429;3.267401;1.993486,soft_drone;breathing_drone;late_bloom,saturated_saw_cluster,detune_cents=74.774;drift_cents=13.295;drive=7.470;folds=4;alias_percent=69.315;bits=5;hard_sync_percent=51.141;sample_hold_frames=3,3,0.9638974,-11.180045,-8.823125,7.323125,-1.5,-1.4999995,wav/12_blues_harmonica__31_building_demolition.wav,2,288000,6.0,1727999,35.99997916666667,0.5008618,0.09849321,-20.131874,4.3719434e-10,0,0,0.5008618,-20.140022,3.2060088e-10,0.46937847,-20.12374,5.537878e-10,0.14055383,-17.043146
12-32,short_additive_synth,blues_harmonica,finnish_blacksmith,6f54f04b4a6b8177,8828c2d1c0ff4488,11,11;2;6,197.747208;122.378456;151.471039,sparse-hashed-13edo-gradual-drones-v14,short,616db547eaea9832,6.520806;6.916687;5.600947,2.535949;2.777977;2.051893,breathing_drone;soft_drone;broad_swell,inharmonic_fm,detune_cents=46.893;feedback=0.424;crossfeedback_percent=8.000;index=8.471->2.816;clean_percent=45.000;raw_fm_percent=40.000;parallel_ruin_percent=15.000;phase_drift_radians=0.080;drive=2.337;folds=2,2,0.9627396,-11.030356,-5.84045,4.34045,-1.5,-1.5000007,wav/12_blues_harmonica__32_finnish_blacksmith.wav,2,288000,6.0,1727999,35.99997916666667,0.61603206,0.09807514,-20.168821,1.7539964e-10,0,0,0.53910875,-20.154793,-1.7974527e-9,0.61603206,-20.182896,2.148252e-9,0.13794243,-17.206041
12-33,short_additive_synth,blues_harmonica,cattle_auction,6f54f04b4a6b8177,63aeff78df8557af,8,8;12;3,168.516296;208.577057;129.080658,sparse-hashed-13edo-gradual-drones-v14,short,f0b1110796d353bd,5.929129;6.379889;4.857100,2.212957;2.454985;1.728900,soft_drone;broad_swell;late_bloom,modal_noise_resonator,detune_cents=45.596;mode_disorder_percent=3.456;resonated_noise_percent=12.501;clean_percent=60.000;parallel_ruin_percent=27.499;drive=4.040;folds=1,2,0.9527822,-9.931942,16.649569,0.0,-1.5,16.649569,wav/12_blues_harmonica__33_cattle_auction.wav,2,288000,6.0,1727999,35.99997916666667,0.5589732,0.09735224,-20.23308,-2.1727435e-9,0,0,0.5589732,-20.249432,-3.0399203e-9,0.52233,-20.216791,-1.3055669e-9,0.13517699,-17.381945
12-34,short_additive_synth,blues_harmonica,ferry_alarm,6f54f04b4a6b8177,63fa0671c3c8b3fd,7,7;11;2,159.766510;197.747208;122.378456,sparse-hashed-13edo-gradual-drones-v14,short,f2edb3a9838fda35,6.143967;6.574012;6.965283,2.325181;2.567209;2.809237,broad_swell;late_bloom;breathing_drone,saturated_saw_cluster,detune_cents=72.933;drift_cents=20.350;drive=7.498;folds=3;alias_percent=74.646;bits=7;hard_sync_percent=54.754;sample_hold_frames=2,2,0.95555705,-10.213902,-3.9351969,2.4351969,-1.5,-1.4999995,wav/12_blues_harmonica__34_ferry_alarm.wav,2,288000,6.0,1727999,35.99997916666667,0.59541166,0.098221414,-20.155876,1.7254648e-9,0,0,0.58590174,-20.166273,1.763461e-9,0.59541166,-20.145504,1.6874685e-9,0.13937004,-17.116611
12-35,short_additive_synth,blues_harmonica,flooded_mine,6f54f04b4a6b8177,5ef5719090cb3c3e,8,8;12;3,168.516296;208.577057;129.080658,sparse-hashed-13edo-gradual-drones-v14,short,df7ab1a24de00f97,5.442597;4.875892;7.913088,1.978426;1.736398;3.494370,late_bloom;broad_swell;soft_drone,saturated_saw_cluster,detune_cents=58.813;drift_cents=14.536;drive=7.781;folds=4;alias_percent=71.218;bits=7;hard_sync_percent=47.857;sample_hold_frames=4,3,0.9580093,-10.474134,-12.048725,10.548725,-1.5,-1.4999995,wav/12_blues_harmonica__35_flooded_mine.wav,2,288000,6.0,1727999,35.99997916666667,0.57405585,0.09795896,-20.179117,8.263957e-10,0,0,0.5597846,-20.172329,1.7578385e-9,0.57405585,-20.185917,-1.050472e-10,0.13669038,-17.28524
12-36,short_additive_synth,blues_harmonica,cappuccino_process,6f54f04b4a6b8177,c9cb796a64de33e2,5,5;9;0,143.606293;177.745285;110.000000,sparse-hashed-13edo-gradual-drones-v14,short,cde953844fb476e1,5.744338;5.218073;6.637189,2.120771;1.878743;2.604827,broad_swell;soft_drone;breathing_drone,saturated_saw_cluster,detune_cents=74.527;drift_cents=15.592;drive=9.764;folds=4;alias_percent=76.451;bits=6;hard_sync_percent=60.940;sample_hold_frames=4,3,0.9567768,-10.337615,-8.868054,7.3680544,-1.5,-1.5000012,wav/12_blues_harmonica__36_cappuccino_process.wav,2,288000,6.0,1727999,35.99997916666667,0.641204,0.09699308,-20.265186,-1.6065703e-9,0,0,0.641204,-20.283916,-6.801147e-9,0.6172646,-20.246534,3.5880066e-9,0.13626564,-17.312273
12-37,short_additive_synth,blues_harmonica,tennis_match,6f54f04b4a6b8177,09cb934e68f8f084,0,0;4;8,110.000000;136.149902;168.516296,sparse-hashed-13edo-gradual-drones-v14,short,5eda94bc84966b03,7.824446;4.695624;7.162451,3.423770;1.665798;2.939714,soft_drone;broad_swell;late_bloom,saturated_saw_cluster,detune_cents=83.465;drift_cents=21.805;drive=9.143;folds=3;alias_percent=78.514;bits=7;hard_sync_percent=61.256;sample_hold_frames=4,2,0.96208704,-10.954708,-13.332557,11.832557,-1.5,-1.5,wav/12_blues_harmonica__37_tennis_match.wav,2,288000,6.0,1727999,35.99997916666667,0.71610934,0.096293874,-20.328026,-7.9752127e-10,0,0,0.71610934,-20.330532,-3.1680953e-11,0.68424255,-20.325525,-1.5633616e-9,0.13669892,-17.284698
12-38,short_additive_synth,blues_harmonica,chainsaw_cycle,6f54f04b4a6b8177,5c7feb9d452f2bef,0,0;4;8,110.000000;136.149902;168.516296,sparse-hashed-13edo-gradual-drones-v14,short,dfff3a56b692bddf,5.537966;6.028893;6.469917,2.022352;2.264380;2.506408,broad_swell;late_bloom;breathing_drone,inharmonic_fm,detune_cents=37.885;feedback=0.383;crossfeedback_percent=8.000;index=7.001->3.771;clean_percent=45.000;raw_fm_percent=40.000;parallel_ruin_percent=15.000;phase_drift_radians=0.080;drive=2.969;folds=2,2,0.94763225,-9.43283,-0.11837183,0.0,-1.5,-0.11837183,wav/12_blues_harmonica__38_chainsaw_cycle.wav,2,288000,6.0,1727999,35.99997916666667,0.72058314,0.09599346,-20.355167,3.7458614e-9,0,0,0.6989883,-20.332066,3.756263e-9,0.72058314,-20.378395,3.7354595e-9,0.13464725,-17.41605
12-39,short_additive_synth,blues_harmonica,near_foghorn,6f54f04b4a6b8177,1d6af12c6225ab62,4,4;8;12,136.149902;168.516296;208.577057,sparse-hashed-13edo-gradual-drones-v14,short,d9df9434f4fbf3de,6.864327;7.231338;6.021695,2.744687;2.986715;2.260630,breathing_drone;soft_drone;soft_drone,inharmonic_fm,detune_cents=28.734;feedback=0.485;crossfeedback_percent=8.000;index=7.292->3.544;clean_percent=45.000;raw_fm_percent=40.000;parallel_ruin_percent=15.000;phase_drift_radians=0.080;drive=2.485;folds=2,2,0.949451,-9.619081,-8.255973,6.755973,-1.5,-1.5,wav/12_blues_harmonica__39_near_foghorn.wav,2,288000,6.0,1727999,35.99997916666667,0.6194959,0.09698806,-20.265635,2.347389e-9,0,0,0.5948764,-20.261042,-8.380412e-10,0.6194959,-20.270231,5.532819e-9,0.1366059,-17.29061
12-40,short_additive_synth,blues_harmonica,barcelona_gate_pa,6f54f04b4a6b8177,e28efd5cee017776,1,1;5;9,116.024269;143.606293;177.745285,sparse-hashed-13edo-gradual-drones-v14,short,ee0f2a897ae13768,5.162726;5.695343;7.756854,1.854952;2.096980;3.370896,breathing_drone;soft_drone;broad_swell,modal_noise_resonator,detune_cents=40.716;mode_disorder_percent=5.222;resonated_noise_percent=16.583;clean_percent=60.000;parallel_ruin_percent=23.417;drive=4.899;folds=1,2,0.9698211,-11.991259,-7.1634574,5.6634574,-1.5,-1.4999995,wav/12_blues_harmonica__40_barcelona_gate_pa.wav,2,288000,6.0,1727999,35.99997916666667,0.5184288,0.09858236,-20.124016,-1.2883141e-9,0,0,0.44130316,-20.117567,-1.935661e-9,0.5184288,-20.130478,-6.409673e-10,0.13954069,-17.105982
12-41,short_additive_synth,blues_harmonica,delhi_subway_cycle,6f54f04b4a6b8177,3187a582eafedd91,11,11;2;6,197.747208;122.378456;151.471039,sparse-hashed-13edo-gradual-drones-v14,short,630f93d39793065f,6.111383;5.630225;5.089039,2.307801;2.065773;1.823744,broad_swell;soft_drone;breathing_drone,inharmonic_fm,detune_cents=41.147;feedback=0.496;crossfeedback_percent=8.000;index=8.275->2.972;clean_percent=45.000;raw_fm_percent=40.000;parallel_ruin_percent=15.000;phase_drift_radians=0.080;drive=2.548;folds=3,3,0.9633233,-11.103327,-8.273639,6.7736387,-1.5,-1.5,wav/12_blues_harmonica__41_delhi_subway_cycle.wav,2,288000,6.0,1727999,35.99997916666667,0.60436016,0.09763239,-20.20812,3.9987413e-10,0,0,0.59084857,-20.200344,1.1677777e-9,0.60436016,-20.215914,-3.6802936e-10,0.13951059,-17.107857
12-42,short_additive_synth,blues_harmonica,hockey_goal,6f54f04b4a6b8177,7338d14d9c7d0103,3,3;7;11,129.080658;159.766510;197.747208,sparse-hashed-13edo-gradual-drones-v14,short,d471b98ab64e6ba2,7.014804;6.628172;6.203726,2.841453;2.599424;2.357396,late_bloom;broad_swell;soft_drone,modal_noise_resonator,detune_cents=50.035;mode_disorder_percent=5.197;resonated_noise_percent=15.593;clean_percent=60.000;parallel_ruin_percent=24.407;drive=4.636;folds=2,3,0.9597869,-10.677489,-20.02726,18.52726,-1.5,-1.5000007,wav/12_blues_harmonica__42_hockey_goal.wav,2,288000,6.0,1727999,35.99997916666667,0.65781206,0.097856894,-20.188171,-6.513571e-10,0,0,0.6510401,-20.193878,-4.4492898e-10,0.65781206,-20.182474,-8.577851e-10,0.1374049,-17.239956
12-43,short_additive_synth,blues_harmonica,ambulance_siren,6f54f04b4a6b8177,f8af2f1a4cb0c701,4,4;8;12,136.149902;168.516296;208.577057,sparse-hashed-13edo-gradual-drones-v14,short,1bc71ceade895dab,5.892234;5.384661;4.809819,2.194236;1.952208;1.710180,broad_swell;soft_drone;breathing_drone,saturated_saw_cluster,detune_cents=58.712;drift_cents=16.633;drive=8.305;folds=4;alias_percent=67.329;bits=5;hard_sync_percent=52.892;sample_hold_frames=3,3,0.95479286,-10.143442,-16.38019,14.88019,-1.5,-1.4999995,wav/12_blues_harmonica__43_ambulance_siren.wav,2,288000,6.0,1727999,35.99997916666667,0.577959,0.098080836,-20.168316,-3.1874253e-10,0,0,0.577959,-20.17503,4.2778456e-10,0.56667036,-20.161613,-1.0652697e-9,0.14115115,-17.006311
12-44,short_additive_synth,blues_harmonica,woodshop_process,6f54f04b4a6b8177,8e1e1d890ae5881a,0,0;4;8,110.000000;136.149902;168.516296,sparse-hashed-13edo-gradual-drones-v14,short,150cc7f6795bce85,5.151300;4.542396;7.750570,1.850078;1.608050;3.366022,breathing_drone;late_bloom;broad_swell,inharmonic_fm,detune_cents=33.932;feedback=0.448;crossfeedback_percent=8.000;index=6.862->3.285;clean_percent=45.000;raw_fm_percent=40.000;parallel_ruin_percent=15.000;phase_drift_radians=0.080;drive=3.056;folds=3,3,0.9396912,-8.776666,-14.325727,12.825727,-1.5,-1.5,wav/12_blues_harmonica__44_woodshop_process.wav,2,288000,6.0,1727999,35.99997916666667,0.6586187,0.09665289,-20.295704,-1.0045551e-9,0,0,0.6586187,-20.321041,-3.072973e-10,0.6052827,-20.270515,-1.701813e-9,0.13822193,-17.188461
12-45,short_additive_synth,blues_harmonica,tractor_turning_hay,6f54f04b4a6b8177,241aba059f6c939a,11,11;2;6,197.747208;122.378456;151.471039,sparse-hashed-13edo-gradual-drones-v14,short,978a65f6c19a6787,5.169732;4.563594;6.175275,1.857947;1.615919;2.342003,soft_drone;breathing_drone;late_bloom,inharmonic_fm,detune_cents=46.854;feedback=0.403;crossfeedback_percent=8.000;index=7.487->3.763;clean_percent=45.000;raw_fm_percent=40.000;parallel_ruin_percent=15.000;phase_drift_radians=0.080;drive=2.682;folds=3,3,0.9638753,-11.16383,-6.515918,5.015918,-1.5,-1.4999995,wav/12_blues_harmonica__45_tractor_turning_hay.wav,2,288000,6.0,1727999,35.99997916666667,0.51801264,0.09812366,-20.164526,2.7809643e-9,0,0,0.5107536,-20.162167,2.8525515e-9,0.51801264,-20.166883,2.7093774e-9,0.14711918,-16.646614
12-46,short_additive_synth,blues_harmonica,hail_thunder,6f54f04b4a6b8177,8ca435fa8014940b,7,7;11;2,159.766510;197.747208;122.378456,sparse-hashed-13edo-gradual-drones-v14,short,dae81c51a68ac3dd,6.504788;6.067473;5.581142,2.526613;2.284585;2.042557,breathing_drone;late_bloom;broad_swell,inharmonic_fm,detune_cents=35.079;feedback=0.548;crossfeedback_percent=8.000;index=6.614->3.314;clean_percent=45.000;raw_fm_percent=40.000;parallel_ruin_percent=15.000;phase_drift_radians=0.080;drive=2.399;folds=3,3,0.9480755,-9.4923725,3.0299141,0.0,-1.5,3.0299141,wav/12_blues_harmonica__46_hail_thunder.wav,2,288000,6.0,1727999,35.99997916666667,0.5721944,0.09822351,-20.155693,-2.2895044e-10,0,0,0.5721944,-20.156137,-6.8233356e-11,0.5320326,-20.155247,-3.8966752e-10,0.1352322,-17.378399
12-47,short_additive_synth,blues_harmonica,marielle_protest,6f54f04b4a6b8177,b99f4919a8dffbad,4,4;8;12,136.149902;168.516296;208.577057,sparse-hashed-13edo-gradual-drones-v14,short,4329bfba4379aceb,6.092896;6.527781;5.065634,2.297998;2.540026;1.813942,broad_swell;late_bloom;late_bloom,inharmonic_fm,detune_cents=40.921;feedback=0.423;crossfeedback_percent=8.000;index=6.453->3.288;clean_percent=45.000;raw_fm_percent=40.000;parallel_ruin_percent=15.000;phase_drift_radians=0.080;drive=3.004;folds=2,2,0.9704974,-12.091676,-18.772234,17.272234,-1.5,-1.5,wav/12_blues_harmonica__47_marielle_protest.wav,2,288000,6.0,1727999,35.99997916666667,0.5661221,0.09807397,-20.168924,1.1490402e-9,0,0,0.5661221,-20.179531,1.2360848e-9,0.53574425,-20.158344,1.0619955e-9,0.13788857,-17.209435
12-48,short_additive_synth,blues_harmonica,hair_salon_tools,6f54f04b4a6b8177,91febc7e6d506cc8,11,11;2;6,197.747208;122.378456;151.471039,sparse-hashed-13edo-gradual-drones-v14,short,ea1d30b7a9118aa0,7.513660;7.831518;6.798288,3.187323;3.429351;2.703266,late_bloom;breathing_drone;soft_drone,modal_noise_resonator,detune_cents=51.971;mode_disorder_percent=3.050;resonated_noise_percent=12.153;clean_percent=60.000;parallel_ruin_percent=27.847;drive=5.189;folds=1,2,0.97045296,-12.087964,-14.606153,13.106153,-1.5,-1.4999987,wav/12_blues_harmonica__48_hair_salon_tools.wav,2,288000,6.0,1727999,35.99997916666667,0.5473961,0.098309025,-20.148132,1.2511827e-9,0,0,0.5144438,-20.155304,1.4583669e-9,0.5473961,-20.140974,1.0439987e-9,0.13894013,-17.143446
13-25,short_additive_synth,electric_mbira,thunder_mountain,5ef7a0a28baffc94,4e2a8e922a968e95,2,2;6;10,122.378456;151.471039;187.479691,sparse-hashed-13edo-gradual-drones-v14,short,09d14a344689f2d0,7.158308;6.784798;7.820889,2.936911;2.694882;3.420967,late_bloom;broad_swell;soft_drone,inharmonic_fm,detune_cents=39.129;feedback=0.397;crossfeedback_percent=8.000;index=6.673->3.183;clean_percent=45.000;raw_fm_percent=40.000;parallel_ruin_percent=15.000;phase_drift_radians=0.080;drive=3.040;folds=3,3,0.913041,-6.97875,-0.4879646,0.0,-1.5,-0.4879646,wav/13_electric_mbira__25_thunder_mountain.wav,2,288000,6.0,1727999,35.99997916666667,0.62093663,0.09792401,-20.182217,5.533467e-10,0,0,0.62093663,-20.18402,1.2777092e-9,0.57330245,-20.180414,-1.7101581e-10,0.14209692,-16.948307
13-26,short_additive_synth,electric_mbira,inside_car_wash,5ef7a0a28baffc94,903a06c594b2e6cb,1,1;5;9,116.024269;143.606293;177.745285,sparse-hashed-13edo-gradual-drones-v14,short,b8f1f973bc315ea4,7.640070;4.307788;4.948115,3.281459;1.523487;1.765516,breathing_drone;soft_drone;broad_swell,saturated_saw_cluster,detune_cents=82.449;drift_cents=14.958;drive=7.431;folds=3;alias_percent=62.308;bits=5;hard_sync_percent=50.176;sample_hold_frames=3,2,0.98443925,-14.967396,-9.477226,7.9772263,-1.5,-1.5,wav/13_electric_mbira__26_inside_car_wash.wav,2,288000,6.0,1727999,35.99997916666667,0.7474824,0.09572638,-20.379368,6.9400325e-9,0,0,0.7474824,-20.368088,4.6063637e-9,0.74360377,-20.390678,9.273702e-9,0.13444571,-17.429062
13-27,short_additive_synth,electric_mbira,peru_new_year_fireworks,5ef7a0a28baffc94,83317dd5c74822ca,1,1;5;9,116.024269;143.606293;177.745285,sparse-hashed-13edo-gradual-drones-v14,short,096a2d87150747fd,7.638447;7.305571;4.945099,3.280233;3.038205;1.764289,breathing_drone;late_bloom;broad_swell,modal_noise_resonator,detune_cents=44.387;mode_disorder_percent=4.942;resonated_noise_percent=11.094;clean_percent=60.000;parallel_ruin_percent=28.906;drive=4.949;folds=2,3,0.91252726,-6.9608655,-1.7682219,0.26822186,-1.5,-1.5,wav/13_electric_mbira__27_peru_new_year_fireworks.wav,2,288000,6.0,1727999,35.99997916666667,0.5691296,0.09794265,-20.180565,9.267741e-11,0,0,0.5500436,-20.174522,1.720534e-10,0.5691296,-20.186613,1.3301418e-11,0.14160587,-16.978374
13-28,short_additive_synth,electric_mbira,efteling_steam_train,5ef7a0a28baffc94,9a412959184abdf9,0,0;4;8,110.000000;136.149902;168.516296,sparse-hashed-13edo-gradual-drones-v14,short,80c16f151745e146,7.402017;7.727849;6.666348,3.106431;3.348459;2.622375,breathing_drone;soft_drone;broad_swell,modal_noise_resonator,detune_cents=43.204;mode_disorder_percent=3.282;resonated_noise_percent=10.194;clean_percent=60.000;parallel_ruin_percent=29.806;drive=3.977;folds=1,2,0.9293215,-8.017249,8.563095,0.0,-1.5,8.563095,wav/13_electric_mbira__28_efteling_steam_train.wav,2,288000,6.0,1727999,35.99997916666667,0.71503055,0.097107805,-20.254917,3.1083036e-10,0,0,0.45466638,-20.200388,8.6857793e-10,0.71503055,-20.310139,-2.4691724e-10,0.13535878,-17.370272
13-29,short_additive_synth,electric_mbira,helicopter_takeoff,5ef7a0a28baffc94,4534148b4903c233,4,4;8;12,136.149902;168.516296;208.577057,sparse-hashed-13edo-gradual-drones-v14,short,aba0d4a10ee228b0,5.567874;6.055614;4.389073,2.036327;2.278355;1.552270,breathing_drone;soft_drone;broad_swell,saturated_saw_cluster,detune_cents=83.756;drift_cents=23.935;drive=9.837;folds=3;alias_percent=68.887;bits=7;hard_sync_percent=46.920;sample_hold_frames=2,2,0.9924432,-18.15735,-19.710138,18.210138,-1.5,-1.5000007,wav/13_electric_mbira__29_helicopter_takeoff.wav,2,288000,6.0,1727999,35.99997916666667,0.65610653,0.09732221,-20.23576,8.9165336e-10,0,0,0.62614423,-20.234129,-4.4768267e-10,0.65610653,-20.237392,2.2309894e-9,0.13720547,-17.252571
13-30,short_additive_synth,electric_mbira,scuba_bubbles,5ef7a0a28baffc94,d2eaf6d35c117589,6,6;10;1,151.471039;187.479691;116.024269,sparse-hashed-13edo-gradual-drones-v14,short,2a710ddb59fa3eeb,6.992840;6.604157;6.177238,2.827118;2.585090;2.343062,breathing_drone;late_bloom;broad_swell,inharmonic_fm,detune_cents=28.700;feedback=0.425;crossfeedback_percent=8.000;index=8.182->3.917;clean_percent=45.000;raw_fm_percent=40.000;parallel_ruin_percent=15.000;phase_drift_radians=0.080;drive=3.032;folds=3,3,0.91288257,-7.002011,-15.870961,14.370961,-1.5,-1.4999995,wav/13_electric_mbira__30_scuba_bubbles.wav,2,288000,6.0,1727999,35.99997916666667,0.6904969,0.0978397,-20.189697,1.1688794e-9,0,0,0.62416637,-20.185549,1.432903e-9,0.6904969,-20.193851,9.048558e-10,0.13907228,-17.13519
13-31,short_additive_synth,electric_mbira,building_demolition,5ef7a0a28baffc94,d502a0866ac3b927,3,3;7;11,129.080658;159.766510;197.747208,sparse-hashed-13edo-gradual-drones-v14,short,28c2519fc375dbf2,5.947420;5.446642;6.803245,2.222297;1.980269;2.706353,broad_swell;soft_drone;soft_drone,saturated_saw_cluster,detune_cents=77.145;drift_cents=20.613;drive=7.743;folds=4;alias_percent=78.347;bits=5;hard_sync_percent=48.091;sample_hold_frames=2,3,0.91101503,-6.8974333,-5.321255,3.8212552,-1.5,-1.5,wav/13_electric_mbira__31_building_demolition.wav,2,288000,6.0,1727999,35.99997916666667,0.55344564,0.09835972,-20.143654,-1.2689282e-9,0,0,0.55021554,-20.139309,-1.952172e-9,0.55344564,-20.148003,-5.8568445e-10,0.13902418,-17.138193
13-32,short_additive_synth,electric_mbira,finnish_blacksmith,5ef7a0a28baffc94,8828c2d1c0ff4488,4,4;8;12,136.149902;168.516296;208.577057,sparse-hashed-13edo-gradual-drones-v14,short,cbbfe091fbef2930,7.146674;7.491475;7.810904,2.929054;3.171082;3.413111,soft_drone;broad_swell;late_bloom,modal_noise_resonator,detune_cents=48.043;mode_disorder_percent=5.070;resonated_noise_percent=12.389;clean_percent=60.000;parallel_ruin_percent=27.611;drive=4.517;folds=1,2,0.99398506,-19.163103,-8.448476,6.948476,-1.5,-1.5,wav/13_electric_mbira__32_finnish_blacksmith.wav,2,288000,6.0,1727999,35.99997916666667,0.6712855,0.09739903,-20.228909,-8.265421e-10,0,0,0.6712855,-20.237226,-1.6073315e-9,0.6112659,-20.220604,-4.575276e-11,0.14004917,-17.07439
13-33,short_additive_synth,electric_mbira,cattle_auction,5ef7a0a28baffc94,63aeff78df8557af,3,3;7;11,129.080658;159.766510;197.747208,sparse-hashed-13edo-gradual-drones-v14,short,7a2c7539af92a76b,7.798320;7.477930;5.237791,3.403235;3.161207;1.887292,soft_drone;breathing_drone;late_bloom,modal_noise_resonator,detune_cents=48.848;mode_disorder_percent=3.768;resonated_noise_percent=15.526;clean_percent=60.000;parallel_ruin_percent=24.474;drive=4.369;folds=2,3,0.8997573,-6.2971654,5.42872,0.0,-1.5,5.42872,wav/13_electric_mbira__33_cattle_auction.wav,2,288000,6.0,1727999,35.99997916666667,0.50763375,0.09805019,-20.171032,-1.0827517e-9,0,0,0.50763375,-20.178453,1.8048704e-9,0.48946604,-20.16362,-3.970374e-9,0.13672294,-17.283173
13-34,short_additive_synth,electric_mbira,ferry_alarm,5ef7a0a28baffc94,63fa0671c3c8b3fd,6,6;10;1,151.471039;187.479691;116.024269,sparse-hashed-13edo-gradual-drones-v14,short,6c27f60171433bb7,6.038666;6.478748;6.878310,2.269481;2.511509;2.753538,soft_drone;broad_swell;late_bloom,saturated_saw_cluster,detune_cents=59.186;drift_cents=15.317;drive=8.963;folds=3;alias_percent=67.801;bits=7;hard_sync_percent=49.179;sample_hold_frames=4,2,0.9565701,-10.332519,-12.190449,10.690449,-1.5,-1.5,wav/13_electric_mbira__34_ferry_alarm.wav,2,288000,6.0,1727999,35.99997916666667,0.8417083,0.094441555,-20.496738,-1.509127e-9,0,0,0.68402433,-20.25076,-4.216273e-9,0.8417083,-20.757488,1.1980189e-9,0.132995,-17.523293
13-35,short_additive_synth,electric_mbira,flooded_mine,5ef7a0a28baffc94,5ef5719090cb3c3e,8,8;12;3,168.516296;208.577057;129.080658,sparse-hashed-13edo-gradual-drones-v14,short,b89e82b4bead6e91,5.767601;6.234554;4.649250,2.132161;2.374190;1.648105,broad_swell;late_bloom;breathing_drone,saturated_saw_cluster,detune_cents=63.273;drift_cents=18.206;drive=8.440;folds=3;alias_percent=68.636;bits=7;hard_sync_percent=53.168;sample_hold_frames=2,2,0.9558366,-10.250441,-15.887552,14.387552,-1.5,-1.5,wav/13_electric_mbira__35_flooded_mine.wav,2,288000,6.0,1727999,35.99997916666667,0.6107473,0.09733233,-20.234856,-1.1058603e-9,0,0,0.5995845,-20.190622,-1.1957408e-9,0.6107473,-20.279549,-1.0159796e-9,0.13633445,-17.307888
13-36,short_additive_synth,electric_mbira,cappuccino_process,5ef7a0a28baffc94,c9cb796a64de33e2,3,3;7;11,129.080658;159.766510;197.747208,sparse-hashed-13edo-gradual-drones-v14,short,90f62f1a243d8747,4.698486;5.287288;5.805709,1.666896;1.908925;2.150953,breathing_drone;soft_drone;broad_swell,inharmonic_fm,detune_cents=41.842;feedback=0.429;crossfeedback_percent=8.000;index=7.212->2.805;clean_percent=45.000;raw_fm_percent=40.000;parallel_ruin_percent=15.000;phase_drift_radians=0.080;drive=2.803;folds=2,2,0.9149956,-7.0960016,-11.02792,9.52792,-1.5,-1.5000007,wav/13_electric_mbira__36_cappuccino_process.wav,2,288000,6.0,1727999,35.99997916666667,0.7473782,0.094027445,-20.534906,2.6830402e-9,0,0,0.7473782,-20.611193,2.3120872e-9,0.71217954,-20.45994,3.0539933e-9,0.13399091,-17.458492
13-37,short_additive_synth,electric_mbira,tennis_match,5ef7a0a28baffc94,09cb934e68f8f084,5,5;9;0,143.606293;177.745285;110.000000,sparse-hashed-13edo-gradual-drones-v14,short,f4fa49430f86a455,7.275429;7.610537;6.515985,3.017192;3.259220;2.533135,soft_drone;broad_swell;late_bloom,modal_noise_resonator,detune_cents=38.336;mode_disorder_percent=3.069;resonated_noise_percent=12.981;clean_percent=60.000;parallel_ruin_percent=27.019;drive=4.941;folds=1,2,0.9190966,-7.3492627,-9.3004,7.8004,-1.5,-1.5,wav/13_electric_mbira__37_tennis_match.wav,2,288000,6.0,1727999,35.99997916666667,0.6299854,0.09724763,-20.24242,3.982969e-10,0,0,0.59274364,-20.210388,3.4856426e-10,0.6299854,-20.274689,4.4802953e-10,0.13533323,-17.37191
13-38,short_additive_synth,electric_mbira,chainsaw_cycle,5ef7a0a28baffc94,5c7feb9d452f2bef,11,11;2;6,197.747208;122.378456;151.471039,sparse-hashed-13edo-gradual-drones-v14,short,fbbd034102c133ad,5.846461;5.333179;4.751001,2.171231;1.929203;1.687175,breathing_drone;late_bloom;broad_swell,saturated_saw_cluster,detune_cents=58.873;drift_cents=16.983;drive=8.392;folds=4;alias_percent=67.912;bits=5;hard_sync_percent=52.605;sample_hold_frames=4,3,0.89592427,-6.1044755,-7.329198,5.829198,-1.5,-1.5000007,wav/13_electric_mbira__38_chainsaw_cycle.wav,2,288000,6.0,1727999,35.99997916666667,0.8010922,0.095540866,-20.396215,-6.224513e-10,0,0,0.79060364,-20.32652,-4.212186e-9,0.8010922,-20.467049,2.9672835e-9,0.13767035,-17.22319
13-39,short_additive_synth,electric_mbira,near_foghorn,5ef7a0a28baffc94,1d6af12c6225ab62,11,11;2;6,197.747208;122.378456;151.471039,sparse-hashed-13edo-gradual-drones-v14,short,75f1268e6b68dfe8,6.535381;6.929995;7.291719,2.544475;2.786503;3.028531,late_bloom;breathing_drone;soft_drone,inharmonic_fm,detune_cents=29.992;feedback=0.549;crossfeedback_percent=8.000;index=6.841->2.572;clean_percent=45.000;raw_fm_percent=40.000;parallel_ruin_percent=15.000;phase_drift_radians=0.080;drive=2.447;folds=2,2,0.9708228,-12.145904,-5.6086855,4.1086855,-1.5,-1.5000007,wav/13_electric_mbira__39_near_foghorn.wav,2,288000,6.0,1727999,35.99997916666667,0.7007854,0.09705852,-20.259327,-1.7280261e-9,0,0,0.55194896,-20.200497,-5.2169447e-9,0.7007854,-20.318968,1.7608925e-9,0.13863899,-17.162292
13-40,short_additive_synth,electric_mbira,barcelona_gate_pa,5ef7a0a28baffc94,e28efd5cee017776,6,6;10;1,151.471039;187.479691;116.024269,sparse-hashed-13edo-gradual-drones-v14,short,d36d24b819fbe51a,6.213731;5.744408;7.023107,2.362833;2.120805;2.846890,broad_swell;soft_drone;breathing_drone,modal_noise_resonator,detune_cents=53.454;mode_disorder_percent=3.227;resonated_noise_percent=16.689;clean_percent=60.000;parallel_ruin_percent=23.311;drive=4.776;folds=2,3,0.913301,-7.0037475,-8.301937,6.801937,-1.5,-1.5000007,wav/13_electric_mbira__40_barcelona_gate_pa.wav,2,288000,6.0,1727999,35.99997916666667,0.8312865,0.09559704,-20.391111,-5.7997966e-9,0,0,0.8312865,-20.52652,-9.959725e-9,0.69685745,-20.259796,-1.6398688e-9,0.13309358,-17.516857
13-41,short_additive_synth,electric_mbira,delhi_subway_cycle,5ef7a0a28baffc94,3187a582eafedd91,4,4;8;12,136.149902;168.516296;208.577057,sparse-hashed-13edo-gradual-drones-v14,short,820834269dcab125,5.811090;5.293351;4.705429,2.153620;1.911591;1.669563,broad_swell;soft_drone;breathing_drone,modal_noise_resonator,detune_cents=48.160;mode_disorder_percent=4.877;resonated_noise_percent=10.724;clean_percent=60.000;parallel_ruin_percent=29.276;drive=4.891;folds=2,3,0.8931362,-5.9647703,7.9296017,0.0,-1.5,7.9296017,wav/13_electric_mbira__41_delhi_subway_cycle.wav,2,288000,6.0,1727999,35.99997916666667,0.6113415,0.0975051,-20.219452,2.106791e-9,0,0,0.58373713,-20.216246,2.0113686e-9,0.6113415,-20.222664,2.2022133e-9,0.14189866,-16.960434
13-42,short_additive_synth,electric_mbira,hockey_goal,5ef7a0a28baffc94,7338d14d9c7d0103,11,11;2;6,197.747208;122.378456;151.471039,sparse-hashed-13edo-gradual-drones-v14,short,a85ad99888959ac8,7.433570;7.757130;4.556117,3.129082;3.371110;1.613139,broad_swell;late_bloom;breathing_drone,saturated_saw_cluster,detune_cents=68.319;drift_cents=22.028;drive=8.114;folds=3;alias_percent=75.321;bits=7;hard_sync_percent=65.804;sample_hold_frames=3,2,0.98929816,-16.626657,-22.094315,20.594315,-1.5,-1.4999995,wav/13_electric_mbira__42_hockey_goal.wav,2,288000,6.0,1727999,35.99997916666667,0.65310246,0.098013476,-20.174284,2.2527824e-9,0,0,0.6530483,-20.178238,1.4273577e-9,0.65310246,-20.170334,3.0782072e-9,0.13933577,-17.118748
13-43,short_additive_synth,electric_mbira,ambulance_siren,5ef7a0a28baffc94,f8af2f1a4cb0c701,4,4;8;12,136.149902;168.516296;208.577057,sparse-hashed-13edo-gradual-drones-v14,short,d1edd86f79646a3d,7.607496;7.272146;4.887376,3.256939;3.014911;1.740995,broad_swell;soft_drone;breathing_drone,inharmonic_fm,detune_cents=43.193;feedback=0.539;crossfeedback_percent=8.000;index=6.651->2.966;clean_percent=45.000;raw_fm_percent=40.000;parallel_ruin_percent=15.000;phase_drift_radians=0.080;drive=2.681;folds=3,3,0.8928616,-5.940253,-4.647798,3.147798,-1.5,-1.5,wav/13_electric_mbira__43_ambulance_siren.wav,2,288000,6.0,1727999,35.99997916666667,0.7561138,0.09688755,-20.274641,-2.156104e-9,0,0,0.7561138,-20.425045,-1.7275422e-9,0.5084141,-20.129272,-2.5846658e-9,0.138471,-17.172823
13-44,short_additive_synth,electric_mbira,woodshop_process,5ef7a0a28baffc94,8e1e1d890ae5881a,2,2;6;10,122.378456;151.471039;187.479691,sparse-hashed-13edo-gradual-drones-v14,short,81f58595a332b137,5.927421;5.424191;4.854913,2.212086;1.970058;1.728030,broad_swell;soft_drone;breathing_drone,modal_noise_resonator,detune_cents=50.418;mode_disorder_percent=3.736;resonated_noise_percent=11.929;clean_percent=60.000;parallel_ruin_percent=28.071;drive=4.989;folds=2,3,0.9118079,-6.9408545,-15.995339,14.495339,-1.5,-1.5000007,wav/13_electric_mbira__44_woodshop_process.wav,2,288000,6.0,1727999,35.99997916666667,0.7645365,0.095977545,-20.356607,-3.2514542e-9,0,0,0.7645365,-20.404356,-3.0049323e-9,0.67861116,-20.309376,-3.4979761e-9,0.13377644,-17.472408
13-45,short_additive_synth,electric_mbira,tractor_turning_hay,5ef7a0a28baffc94,241aba059f6c939a,7,7;11;2,159.766510;197.747208;122.378456,sparse-hashed-13edo-gradual-drones-v14,short,42eb4607531e51b5,6.833947;6.430087;7.543922,2.725554;2.483526;3.209610,late_bloom;broad_swell;soft_drone,inharmonic_fm,detune_cents=31.487;feedback=0.516;crossfeedback_percent=8.000;index=6.408->2.823;clean_percent=45.000;raw_fm_percent=40.000;parallel_ruin_percent=15.000;phase_drift_radians=0.080;drive=2.724;folds=3,3,0.91277057,-6.981466,-2.5596714,1.0596714,-1.5,-1.4999995,wav/13_electric_mbira__45_tractor_turning_hay.wav,2,288000,6.0,1727999,35.99997916666667,0.60336465,0.09773477,-20.199017,-1.9428654e-9,0,0,0.5745917,-20.190966,2.8114455e-9,0.60336465,-20.207083,-6.6971766e-9,0.1339087,-17.463823
13-46,short_additive_synth,electric_mbira,hail_thunder,5ef7a0a28baffc94,8ca435fa8014940b,0,0;4;8,110.000000;136.149902;168.516296,sparse-hashed-13edo-gradual-drones-v14,short,d418a4e2a71642bf,6.044067;6.483629;5.003680,2.272305;2.514334;1.788249,breathing_drone;soft_drone;broad_swell,saturated_saw_cluster,detune_cents=59.581;drift_cents=15.872;drive=9.102;folds=3;alias_percent=62.967;bits=7;hard_sync_percent=48.410;sample_hold_frames=2,2,0.99583393,-20.767843,-15.901339,14.401339,-1.5,-1.5000012,wav/13_electric_mbira__46_hail_thunder.wav,2,288000,6.0,1727999,35.99997916666667,0.6165358,0.09779556,-20.193617,2.2589222e-9,0,0,0.5416322,-20.16516,2.8683027e-9,0.6165358,-20.222263,1.6495415e-9,0.1377992,-17.215065
13-47,short_additive_synth,electric_mbira,marielle_protest,5ef7a0a28baffc94,b99f4919a8dffbad,11,11;2;6,197.747208;122.378456;151.471039,sparse-hashed-13edo-gradual-drones-v14,short,b6ac9d562d1b2c25,7.643670;4.315538;4.954803,3.284180;1.526208;1.768236,breathing_drone;soft_drone;broad_swell,saturated_saw_cluster,detune_cents=82.142;drift_cents=19.641;drive=8.764;folds=3;alias_percent=78.443;bits=6;hard_sync_percent=49.106;sample_hold_frames=2,2,0.9476742,-9.455912,-15.615316,14.115316,-1.5,-1.4999995,wav/13_electric_mbira__47_marielle_protest.wav,2,288000,6.0,1727999,35.99997916666667,0.6935715,0.09680493,-20.28205,-2.2117261e-10,0,0,0.5885191,-20.183083,-1.0655974e-9,0.6935715,-20.383327,6.2325217e-10,0.13683125,-17.276295
13-48,short_additive_synth,electric_mbira,hair_salon_tools,5ef7a0a28baffc94,91febc7e6d506cc8,10,10;1;5,187.479691;116.024269;143.606293,sparse-hashed-13edo-gradual-drones-v14,short,4649da373d3e39a2,7.340543;7.670849;4.373814,3.062770;3.304798;1.546826,broad_swell;late_bloom;breathing_drone,inharmonic_fm,detune_cents=35.691;feedback=0.446;crossfeedback_percent=8.000;index=6.743->3.693;clean_percent=45.000;raw_fm_percent=40.000;parallel_ruin_percent=15.000;phase_drift_radians=0.080;drive=2.387;folds=2,2,0.9689725,-11.875299,-15.428093,13.928093,-1.5,-1.4999995,wav/13_electric_mbira__48_hair_salon_tools.wav,2,288000,6.0,1727999,35.99997916666667,0.77675843,0.0967291,-20.288857,-1.2812265e-9,0,0,0.77675843,-20.403538,-3.265591e-10,0.6692486,-20.177126,-2.2358937e-9,0.13681164,-17.277538
14-25,short_additive_synth,didgeridoo_shaker_drum,thunder_mountain,914726363e355e23,4e2a8e922a968e95,2,2;6;10,122.378456;151.471039;187.479691,sparse-hashed-13edo-gradual-drones-v14,short,548751ffa6d034cb,6.773377;7.147829;7.492542,2.687805;2.929833;3.171861,late_bloom;breathing_drone;soft_drone,modal_noise_resonator,detune_cents=41.286;mode_disorder_percent=3.879;resonated_noise_percent=13.720;clean_percent=60.000;parallel_ruin_percent=26.280;drive=3.804;folds=1,2,0.9488665,-9.554252,-22.600584,21.100584,-1.5,-1.5,wav/14_didgeridoo_shaker_drum__25_thunder_mountain.wav,2,288000,6.0,1727999,35.99997916666667,0.5463803,0.09801774,-20.173908,4.093124e-9,0,0,0.5317146,-20.178766,3.2974459e-9,0.5463803,-20.169052,4.888802e-9,0.14330228,-16.874939
14-26,short_additive_synth,didgeridoo_shaker_drum,inside_car_wash,914726363e355e23,903a06c594b2e6cb,9,9;0;4,177.745285;110.000000;136.149902,sparse-hashed-13edo-gradual-drones-v14,short,b63892e6a63e958d,5.985651;6.430871;4.929316,2.241946;2.483974;1.757890,late_bloom;breathing_drone;soft_drone,modal_noise_resonator,detune_cents=46.455;mode_disorder_percent=5.638;resonated_noise_percent=16.211;clean_percent=60.000;parallel_ruin_percent=23.789;drive=4.688;folds=1,2,0.9510813,-9.746751,-12.95223,11.45223,-1.5,-1.5000007,wav/14_didgeridoo_shaker_drum__26_inside_car_wash.wav,2,288000,6.0,1727999,35.99997916666667,0.67277884,0.096719414,-20.289726,-1.6945289e-9,0,0,0.62664014,-20.286171,-1.9435835e-9,0.67277884,-20.293285,-1.4454742e-9,0.14319177,-16.88164
14-27,short_additive_synth,didgeridoo_shaker_drum,peru_new_year_fireworks,914726363e355e23,83317dd5c74822ca,10,10;1;5,187.479691;116.024269;143.606293,sparse-hashed-13edo-gradual-drones-v14,short,4336a85c400206fc,5.480961;4.919576;4.274697,1.995980;1.753951;1.511923,late_bloom;broad_swell;soft_drone,modal_noise_resonator,detune_cents=45.868;mode_disorder_percent=5.697;resonated_noise_percent=15.573;clean_percent=60.000;parallel_ruin_percent=24.427;drive=5.185;folds=2,3,0.92743576,-7.877488,-2.7778842,1.2778842,-1.5,-1.4999995,wav/14_didgeridoo_shaker_drum__27_peru_new_year_fireworks.wav,2,288000,6.0,1727999,35.99997916666667,0.5802585,0.09824045,-20.154192,4.2087764e-9,0,0,0.49071157,-20.151262,7.4135933e-9,0.5802585,-20.157125,1.0039592e-9,0.1411111,-17.008778
14-28,short_additive_synth,didgeridoo_shaker_drum,efteling_steam_train,914726363e355e23,9a412959184abdf9,5,5;9;0,143.606293;177.745285;110.000000,sparse-hashed-13edo-gradual-drones-v14,short,924de9cf2a1fe3b1,7.168856;7.511968;7.829947,2.944053;3.186081;3.428109,breathing_drone;soft_drone;broad_swell,inharmonic_fm,detune_cents=29.506;feedback=0.462;crossfeedback_percent=8.000;index=6.416->2.961;clean_percent=45.000;raw_fm_percent=40.000;parallel_ruin_percent=15.000;phase_drift_radians=0.080;drive=2.827;folds=2,2,0.9492766,-9.588514,-8.280962,6.780962,-1.5,-1.4999987,wav/14_didgeridoo_shaker_drum__28_efteling_steam_train.wav,2,288000,6.0,1727999,35.99997916666667,0.5280896,0.09815532,-20.161724,9.400316e-10,0,0,0.5211956,-20.16589,-1.022787e-9,0.5280896,-20.157562,2.9028502e-9,0.14392178,-16.83747
14-29,short_additive_synth,didgeridoo_shaker_drum,helicopter_takeoff,914726363e355e23,4534148b4903c233,6,6;10;1,151.471039;187.479691;116.024269,sparse-hashed-13edo-gradual-drones-v14,short,1fb9c0e72e4d0343,7.025161;7.379356;7.706831,2.848237;3.090265;3.332293,broad_swell;late_bloom;breathing_drone,modal_noise_resonator,detune_cents=49.154;mode_disorder_percent=3.609;resonated_noise_percent=17.456;clean_percent=60.000;parallel_ruin_percent=22.544;drive=4.152;folds=1,2,0.9465023,-9.35458,-11.6916895,10.1916895,-1.5,-1.5,wav/14_didgeridoo_shaker_drum__29_helicopter_takeoff.wav,2,288000,6.0,1727999,35.99997916666667,0.56614304,0.098256595,-20.152767,-7.6578166e-10,0,0,0.49771127,-20.1445,7.964932e-9,0.56614304,-20.161047,-9.496495e-9,0.14597246,-16.71458
14-30,short_additive_synth,didgeridoo_shaker_drum,scuba_bubbles,914726363e355e23,d2eaf6d35c117589,3,3;7;11,129.080658;159.766510;197.747208,sparse-hashed-13edo-gradual-drones-v14,short,6098535fd873b02a,7.218303;6.850142;6.447856,2.977764;2.735736;2.493708,soft_drone;breathing_drone;late_bloom,saturated_saw_cluster,detune_cents=75.936;drift_cents=16.313;drive=8.387;folds=4;alias_percent=79.128;bits=6;hard_sync_percent=59.522;sample_hold_frames=2,3,0.9273435,-7.8789916,-1.0379024,0.0,-1.5,-1.0379024,wav/14_didgeridoo_shaker_drum__30_scuba_bubbles.wav,2,288000,6.0,1727999,35.99997916666667,0.64344835,0.09835996,-20.143633,1.8600925e-9,0,0,0.53626174,-20.14268,2.6274873e-9,0.64344835,-20.144588,1.0926976e-9,0.13846315,-17.173315
14-31,short_additive_synth,didgeridoo_shaker_drum,building_demolition,914726363e355e23,d502a0866ac3b927,12,12;3;7,208.577057;129.080658;159.766510,sparse-hashed-13edo-gradual-drones-v14,short,9d2013816259999b,7.455714;7.777688;6.729884,3.145078;3.387106;2.661021,soft_drone;broad_swell;late_bloom,modal_noise_resonator,detune_cents=43.987;mode_disorder_percent=3.004;resonated_noise_percent=16.979;clean_percent=60.000;parallel_ruin_percent=23.021;drive=4.151;folds=1,2,0.95394015,-10.036596,-4.836023,3.3360229,-1.5,-1.5,wav/14_didgeridoo_shaker_drum__31_building_demolition.wav,2,288000,6.0,1727999,35.99997916666667,0.53378886,0.098482445,-20.132824,3.5208834e-9,0,0,0.53378886,-20.141815,5.789315e-9,0.45425656,-20.123852,1.252452e-9,0.14128569,-16.998037
14-32,short_additive_synth,didgeridoo_shaker_drum,finnish_blacksmith,914726363e355e23,8828c2d1c0ff4488,8,8;12;3,168.516296;208.577057;129.080658,sparse-hashed-13edo-gradual-drones-v14,short,acdedcccb7a074d3,4.811614;5.386234;7.567163,1.710887;1.952915;3.226831,late_bloom;breathing_drone;soft_drone,saturated_saw_cluster,detune_cents=62.939;drift_cents=22.242;drive=7.695;folds=3;alias_percent=65.727;bits=6;hard_sync_percent=55.498;sample_hold_frames=4,2,0.93380314,-8.308987,-15.5448475,14.0448475,-1.5,-1.4999995,wav/14_didgeridoo_shaker_drum__32_finnish_blacksmith.wav,2,288000,6.0,1727999,35.99997916666667,0.5770063,0.098267026,-20.151844,-3.7446024e-10,0,0,0.5770063,-20.15485,1.0814011e-9,0.551686,-20.14884,-1.8303216e-9,0.14377636,-16.84625
14-33,short_additive_synth,didgeridoo_shaker_drum,cattle_auction,914726363e355e23,63aeff78df8557af,4,4;8;12,136.149902;168.516296;208.577057,sparse-hashed-13edo-gradual-drones-v14,short,11b46f70373bba64,7.832797;4.712770;5.299764,3.430360;1.672388;1.914416,late_bloom;breathing_drone;soft_drone,inharmonic_fm,detune_cents=43.244;feedback=0.357;crossfeedback_percent=8.000;index=7.121->2.919;clean_percent=45.000;raw_fm_percent=40.000;parallel_ruin_percent=15.000;phase_drift_radians=0.080;drive=2.687;folds=2,2,0.94510615,-9.242971,-6.0240135,4.5240135,-1.5,-1.5,wav/14_didgeridoo_shaker_drum__33_cattle_auction.wav,2,288000,6.0,1727999,35.99997916666667,0.55821884,0.09798344,-20.176947,-2.9726093e-9,0,0,0.54130894,-20.172867,-3.2216656e-9,0.55821884,-20.181028,-2.7235527e-9,0.13895994,-17.142208
14-34,short_additive_synth,didgeridoo_shaker_drum,ferry_alarm,914726363e355e23,63fa0671c3c8b3fd,0,0;4;8,110.000000;136.149902;168.516296,sparse-hashed-13edo-gradual-drones-v14,short,69b6884419407992,6.931407;6.536928;6.103004,2.787409;2.545381;2.303353,broad_swell;soft_drone;breathing_drone,modal_noise_resonator,detune_cents=39.219;mode_disorder_percent=4.506;resonated_noise_percent=10.541;clean_percent=60.000;parallel_ruin_percent=29.459;drive=4.338;folds=2,3,0.92839265,-7.9038067,-8.6742935,7.1742935,-1.5,-1.4999995,wav/14_didgeridoo_shaker_drum__34_ferry_alarm.wav,2,288000,6.0,1727999,35.99997916666667,0.59909993,0.09807871,-20.168505,-3.1081773e-9,0,0,0.5447882,-20.16364,-4.1498835e-9,0.59909993,-20.173376,-2.0664712e-9,0.1503236,-16.459457
14-35,short_additive_synth,didgeridoo_shaker_drum,flooded_mine,914726363e355e23,5ef5719090cb3c3e,12,12;3;7,208.577057;129.080658;159.766510,sparse-hashed-13edo-gradual-drones-v14,short,433da09b6879e05e,5.470706;5.968871;4.261155,1.991272;2.233300;1.507216,broad_swell;late_bloom;breathing_drone,inharmonic_fm,detune_cents=43.268;feedback=0.438;crossfeedback_percent=8.000;index=6.572->2.992;clean_percent=45.000;raw_fm_percent=40.000;parallel_ruin_percent=15.000;phase_drift_radians=0.080;drive=3.133;folds=2,2,0.95247614,-9.910859,-8.133269,6.6332693,-1.5,-1.5,wav/14_didgeridoo_shaker_drum__35_flooded_mine.wav,2,288000,6.0,1727999,35.99997916666667,0.5911071,0.0979982,-20.175638,-2.028777e-9,0,0,0.58702946,-20.162842,-4.4419215e-9,0.5911071,-20.188469,3.8436776e-10,0.14130795,-16.996668
14-36,short_additive_synth,didgeridoo_shaker_drum,cappuccino_process,914726363e355e23,c9cb796a64de33e2,5,5;9;0,143.606293;177.745285;110.000000,sparse-hashed-13edo-gradual-drones-v14,short,78de062b79068250,5.358307;5.868794;7.865566,1.940397;2.182425;3.456341,breathing_drone;soft_drone;soft_drone,saturated_saw_cluster,detune_cents=58.588;drift_cents=19.045;drive=8.453;folds=3;alias_percent=79.431;bits=6;hard_sync_percent=69.019;sample_hold_frames=2,2,0.95358294,-10.007411,-8.141186,6.6411858,-1.5,-1.5,wav/14_didgeridoo_shaker_drum__36_cappuccino_process.wav,2,288000,6.0,1727999,35.99997916666667,0.7666507,0.0959487,-20.359219,5.2796088e-9,0,0,0.69643563,-20.332802,-4.927116e-10,0.7666507,-20.385798,1.1051929e-8,0.13670763,-17.284143
14-37,short_additive_synth,didgeridoo_shaker_drum,tennis_match,914726363e355e23,09cb934e68f8f084,1,1;5;9,116.024269;143.606293;177.745285,sparse-hashed-13edo-gradual-drones-v14,short,bea16c978c669c8a,4.738676;5.322402;7.528642,1.682393;1.924422;3.198337,broad_swell;late_bloom;breathing_drone,modal_noise_resonator,detune_cents=54.380;mode_disorder_percent=3.973;resonated_noise_percent=11.311;clean_percent=60.000;parallel_ruin_percent=28.689;drive=5.059;folds=1,2,0.94437164,-9.160088,-2.8262951,1.3262951,-1.5,-1.5,wav/14_didgeridoo_shaker_drum__37_tennis_match.wav,2,288000,6.0,1727999,35.99997916666667,0.6695123,0.09753324,-20.216946,-7.2670354e-9,0,0,0.51824784,-20.148294,-6.4793717e-9,0.6695123,-20.286703,-8.054699e-9,0.13870755,-17.157997
14-38,short_additive_synth,didgeridoo_shaker_drum,chainsaw_cycle,914726363e355e23,5c7feb9d452f2bef,1,1;5;9,116.024269;143.606293;177.745285,sparse-hashed-13edo-gradual-drones-v14,short,3f543bd249d6f5fa,5.706305;6.179546;6.606249,2.102279;2.344308;2.586336,soft_drone;broad_swell;late_bloom,modal_noise_resonator,detune_cents=42.403;mode_disorder_percent=3.843;resonated_noise_percent=12.662;clean_percent=60.000;parallel_ruin_percent=27.338;drive=4.821;folds=1,2,0.95281744,-9.938347,-3.6840796,2.1840796,-1.5,-1.5,wav/14_didgeridoo_shaker_drum__38_chainsaw_cycle.wav,2,288000,6.0,1727999,35.99997916666667,0.6659822,0.09699366,-20.265133,1.2408332e-9,0,0,0.58961916,-20.212646,8.137948e-10,0.6659822,-20.318262,1.6678717e-9,0.1387503,-17.155321
14-39,short_additive_synth,didgeridoo_shaker_drum,near_foghorn,914726363e355e23,1d6af12c6225ab62,2,2;6;10,122.378456;151.471039;187.479691,sparse-hashed-13edo-gradual-drones-v14,short,43385625c188810b,7.069269;6.687673;7.744560,2.877312;2.635283;3.361368,late_bloom;broad_swell;soft_drone,inharmonic_fm,detune_cents=38.363;feedback=0.419;crossfeedback_percent=8.000;index=8.111->2.950;clean_percent=45.000;raw_fm_percent=40.000;parallel_ruin_percent=15.000;phase_drift_radians=0.080;drive=2.934;folds=3,3,0.9172495,-7.247382,-6.2119203,4.7119203,-1.5,-1.4999995,wav/14_didgeridoo_shaker_drum__39_near_foghorn.wav,2,288000,6.0,1727999,35.99997916666667,0.58629787,0.09756452,-20.21416,-2.6811067e-9,0,0,0.58629787,-20.210512,-6.152578e-9,0.56588215,-20.217817,7.903645e-10,0.14466982,-16.792442
14-40,short_additive_synth,didgeridoo_shaker_drum,barcelona_gate_pa,914726363e355e23,e28efd5cee017776,4,4;8;12,136.149902;168.516296;208.577057,sparse-hashed-13edo-gradual-drones-v14,short,eb14d4e7437b1487,6.386421;5.936376;5.434245,2.458680;2.216652;1.974624,breathing_drone;late_bloom;broad_swell,modal_noise_resonator,detune_cents=42.896;mode_disorder_percent=5.462;resonated_noise_percent=17.906;clean_percent=60.000;parallel_ruin_percent=22.094;drive=4.809;folds=2,3,0.9278132,-7.8625026,-16.959324,15.459324,-1.5,-1.4999995,wav/14_didgeridoo_shaker_drum__40_barcelona_gate_pa.wav,2,288000,6.0,1727999,35.99997916666667,0.4688332,0.09841777,-20.13853,-5.0616245e-9,0,0,0.4688332,-20.147469,-6.13119e-9,0.44487262,-20.129608,-3.992059e-9,0.1407191,-17.03294
14-41,short_additive_synth,didgeridoo_shaker_drum,delhi_subway_cycle,914726363e355e23,3187a582eafedd91,5,5;9;0,143.606293;177.745285;110.000000,sparse-hashed-13edo-gradual-drones-v14,short,592f438f7a7a4932,7.700544;7.372577;7.017805,3.327472;3.085444;2.843416,soft_drone;breathing_drone;late_bloom,saturated_saw_cluster,detune_cents=55.830;drift_cents=19.075;drive=8.915;folds=4;alias_percent=78.783;bits=7;hard_sync_percent=64.720;sample_hold_frames=2,3,0.9267605,-7.8583503,-9.091605,7.591605,-1.5,-1.5000007,wav/14_didgeridoo_shaker_drum__41_delhi_subway_cycle.wav,2,288000,6.0,1727999,35.99997916666667,0.5341571,0.09829566,-20.149315,-2.158119e-9,0,0,0.50616825,-20.154573,-6.418412e-10,0.5341571,-20.14406,-3.6743968e-9,0.14333314,-16.873068
14-42,short_additive_synth,didgeridoo_shaker_drum,hockey_goal,914726363e355e23,7338d14d9c7d0103,2,2;6;10,122.378456;151.471039;187.479691,sparse-hashed-13edo-gradual-drones-v14,short,568ab1ebee3e6da9,6.161303;6.589716;6.979637,2.334481;2.576509;2.818537,soft_drone;broad_swell;late_bloom,modal_noise_resonator,detune_cents=52.961;mode_disorder_percent=3.834;resonated_noise_percent=11.433;clean_percent=60.000;parallel_ruin_percent=28.567;drive=4.867;folds=1,2,0.92237186,-7.5995145,-8.413209,6.913209,-1.5,-1.5000007,wav/14_didgeridoo_shaker_drum__42_hockey_goal.wav,2,288000,6.0,1727999,35.99997916666667,0.629153,0.09795613,-20.179367,2.518025e-10,0,0,0.61190873,-20.180214,1.0296752e-9,0.629153,-20.178524,-5.2607024e-10,0.14019598,-17.065289
14-43,short_additive_synth,didgeridoo_shaker_drum,ambulance_siren,914726363e355e23,f8af2f1a4cb0c701,8,8;12;3,168.516296;208.577057;129.080658,sparse-hashed-13edo-gradual-drones-v14,short,f51f511c1cbf9520,7.089410;6.709659;6.293493,2.890686;2.648658;2.406630,broad_swell;soft_drone;breathing_drone,inharmonic_fm,detune_cents=46.146;feedback=0.361;crossfeedback_percent=8.000;index=8.980->2.554;clean_percent=45.000;raw_fm_percent=40.000;parallel_ruin_percent=15.000;phase_drift_radians=0.080;drive=3.180;folds=3,3,0.9279344,-7.921317,-8.607449,7.1074486,-1.5,-1.5,wav/14_didgeridoo_shaker_drum__43_ambulance_siren.wav,2,288000,6.0,1727999,35.99997916666667,0.5089086,0.098447084,-20.135944,1.5102203e-9,0,0,0.5089086,-20.141281,-6.972039e-10,0.4630386,-20.130611,3.7176444e-9,0.14067523,-17.035648
14-44,short_additive_synth,didgeridoo_shaker_drum,woodshop_process,914726363e355e23,8e1e1d890ae5881a,2,2;6;10,122.378456;151.471039;187.479691,sparse-hashed-13edo-gradual-drones-v14,short,8d0d275192e32834,7.291936;6.930230;6.535638,3.028682;2.786654;2.544625,late_bloom;broad_swell;soft_drone,saturated_saw_cluster,detune_cents=75.848;drift_cents=19.052;drive=8.910;folds=4;alias_percent=75.616;bits=6;hard_sync_percent=62.215;sample_hold_frames=4,3,0.92683303,-7.869186,-1.5438147,0.04381466,-1.5,-1.5,wav/14_didgeridoo_shaker_drum__44_woodshop_process.wav,2,288000,6.0,1727999,35.99997916666667,0.6728083,0.09693709,-20.270199,-1.3567097e-10,0,0,0.64442843,-20.266733,-2.823797e-10,0.6728083,-20.273668,1.1037751e-11,0.13672273,-17.283186
14-45,short_additive_synth,didgeridoo_shaker_drum,tractor_turning_hay,914726363e355e23,241aba059f6c939a,11,11;2;6,197.747208;122.378456;151.471039,sparse-hashed-13edo-gradual-drones-v14,short,148a1bbfcb53eb94,7.247672;6.882099;6.482903,2.997969;2.755941;2.513913,breathing_drone;late_bloom;broad_swell,inharmonic_fm,detune_cents=45.767;feedback=0.541;crossfeedback_percent=8.000;index=7.994->2.663;clean_percent=45.000;raw_fm_percent=40.000;parallel_ruin_percent=15.000;phase_drift_radians=0.080;drive=2.718;folds=3,3,0.9266155,-7.854668,-4.259959,2.7599592,-1.5,-1.5,wav/14_didgeridoo_shaker_drum__45_tractor_turning_hay.wav,2,288000,6.0,1727999,35.99997916666667,0.5597313,0.09821577,-20.156374,-4.4641624e-11,0,0,0.4864191,-20.146177,3.903647e-9,0.5597313,-20.1666,-3.9929304e-9,0.1387649,-17.154408
14-46,short_additive_synth,didgeridoo_shaker_drum,hail_thunder,914726363e355e23,8ca435fa8014940b,7,7;11;2,159.766510;197.747208;122.378456,sparse-hashed-13edo-gradual-drones-v14,short,7bf02081528faeb4,4.429111;7.696819;7.368558,1.566647;3.324619;3.082591,broad_swell;soft_drone;breathing_drone,modal_noise_resonator,detune_cents=41.734;mode_disorder_percent=3.977;resonated_noise_percent=11.003;clean_percent=60.000;parallel_ruin_percent=28.997;drive=4.183;folds=2,3,0.92724925,-7.874644,-14.2043495,12.7043495,-1.5,-1.5000007,wav/14_didgeridoo_shaker_drum__46_hail_thunder.wav,2,288000,6.0,1727999,35.99997916666667,0.60883963,0.09764828,-20.206709,-4.15848e-9,0,0,0.60883963,-20.21074,-8.46055e-9,0.5863267,-20.202682,1.4359042e-10,0.13736136,-17.242708
14-47,short_additive_synth,didgeridoo_shaker_drum,marielle_protest,914726363e355e23,b99f4919a8dffbad,11,11;2;6,197.747208;122.378456;151.471039,sparse-hashed-13edo-gradual-drones-v14,short,c6b4624f31f33466,7.098626;6.719717;7.769701,2.896827;2.654799;3.380883,broad_swell;soft_drone;soft_drone,inharmonic_fm,detune_cents=31.677;feedback=0.465;crossfeedback_percent=8.000;index=8.286->2.888;clean_percent=45.000;raw_fm_percent=40.000;parallel_ruin_percent=15.000;phase_drift_radians=0.080;drive=2.404;folds=3,3,0.9238976,-7.6584206,-4.150946,2.6509461,-1.5,-1.5,wav/14_didgeridoo_shaker_drum__47_marielle_protest.wav,2,288000,6.0,1727999,35.99997916666667,0.563391,0.09841718,-20.13858,3.805344e-9,0,0,0.563391,-20.134789,5.4783547e-9,0.549328,-20.14238,2.1323334e-9,0.1410116,-17.014904
14-48,short_additive_synth,didgeridoo_shaker_drum,hair_salon_tools,914726363e355e23,91febc7e6d506cc8,0,0;4;8,110.000000;136.149902;168.516296,sparse-hashed-13edo-gradual-drones-v14,short,5e567e45ba0b2689,6.102677;5.620499;6.931137,2.303180;2.061151;2.787236,breathing_drone;late_bloom;broad_swell,modal_noise_resonator,detune_cents=53.604;mode_disorder_percent=3.613;resonated_noise_percent=10.600;clean_percent=60.000;parallel_ruin_percent=29.400;drive=5.111;folds=2,3,0.9263372,-7.8220916,-5.0452905,3.5452905,-1.5,-1.5000007,wav/14_didgeridoo_shaker_drum__48_hair_salon_tools.wav,2,288000,6.0,1727999,35.99997916666667,0.5503813,0.09840219,-20.139904,-2.9669691e-9,0,0,0.5332583,-20.145634,-2.3478424e-9,0.5503813,-20.134184,-3.5860959e-9,0.13843307,-17.175203
15-25,short_additive_synth,opera_rehearsal,thunder_mountain,3008e4616dc9a70f,4e2a8e922a968e95,7,7;11;2,159.766510;197.747208;122.378456,sparse-hashed-13edo-gradual-drones-v14,short,e39ba832a9459cd1,5.709800;5.179066;4.574324,2.103972;1.861944;1.619916,breathing_drone;late_bloom;broad_swell,saturated_saw_cluster,detune_cents=61.885;drift_cents=14.356;drive=7.898;folds=4;alias_percent=75.866;bits=7;hard_sync_percent=61.868;sample_hold_frames=2,3,0.9194214,-7.362185,-5.977593,4.477593,-1.5,-1.5,wav/15_opera_rehearsal__25_thunder_mountain.wav,2,288000,6.0,1727999,35.99997916666667,0.68392766,0.09782983,-20.190573,-2.0081086e-9,0,0,0.57544386,-20.195267,-3.577748e-9,0.68392766,-20.185883,-4.3846915e-10,0.13894981,-17.142841
15-26,short_additive_synth,opera_rehearsal,inside_car_wash,3008e4616dc9a70f,903a06c594b2e6cb,1,1;5;9,116.024269;143.606293;177.745285,sparse-hashed-13edo-gradual-drones-v14,short,393b360377d8304b,7.270458;6.906881;6.510062,3.013740;2.771712;2.529684,late_bloom;broad_swell;soft_drone,modal_noise_resonator,detune_cents=45.114;mode_disorder_percent=5.723;resonated_noise_percent=12.811;clean_percent=60.000;parallel_ruin_percent=27.189;drive=4.702;folds=2,3,0.9325155,-8.245703,-0.16327031,0.0,-1.5,-0.16327031,wav/15_opera_rehearsal__26_inside_car_wash.wav,2,288000,6.0,1727999,35.99997916666667,0.79454947,0.097364455,-20.23199,5.038731e-9,0,0,0.73611426,-20.199146,4.7830064e-9,0.79454947,-20.265087,5.2944564e-9,0.13921696,-17.126158
15-27,short_additive_synth,opera_rehearsal,peru_new_year_fireworks,3008e4616dc9a70f,83317dd5c74822ca,0,0;4;8,110.000000;136.149902;168.516296,sparse-hashed-13edo-gradual-drones-v14,short,89235dcb574af082,7.635880;7.302799;4.940323,3.278295;3.036267;1.762351,soft_drone;breathing_drone;late_bloom,saturated_saw_cluster,detune_cents=83.109;drift_cents=13.385;drive=7.655;folds=4;alias_percent=66.866;bits=5;hard_sync_percent=51.126;sample_hold_frames=2,3,0.92425984,-7.659667,-10.129298,8.629298,-1.5,-1.4999995,wav/15_opera_rehearsal__27_peru_new_year_fireworks.wav,2,288000,6.0,1727999,35.99997916666667,0.5758615,0.09815455,-20.16179,1.7451698e-9,0,0,0.5296996,-20.161072,1.1966448e-9,0.5758615,-20.162514,2.2936948e-9,0.13948168,-17.109657
15-28,short_additive_synth,opera_rehearsal,efteling_steam_train,3008e4616dc9a70f,9a412959184abdf9,5,5;9;0,143.606293;177.745285;110.000000,sparse-hashed-13edo-gradual-drones-v14,short,87fae4827916cf5f,4.608496;5.208811;5.736133,1.632712;1.874740;2.116768,broad_swell;late_bloom;breathing_drone,modal_noise_resonator,detune_cents=45.989;mode_disorder_percent=4.283;resonated_noise_percent=13.783;clean_percent=60.000;parallel_ruin_percent=26.217;drive=4.885;folds=1,2,0.95315516,-9.954601,3.3704329,0.0,-1.5,3.3704329,wav/15_opera_rehearsal__28_efteling_steam_train.wav,2,288000,6.0,1727999,35.99997916666667,0.4920979,0.09824424,-20.153858,-1.3525048e-9,0,0,0.48246455,-20.15254,-9.512239e-10,0.4920979,-20.155178,-1.7537857e-9,0.14004427,-17.074694
15-29,short_additive_synth,opera_rehearsal,helicopter_takeoff,3008e4616dc9a70f,4534148b4903c233,11,11;2;6,197.747208;122.378456;151.471039,sparse-hashed-13edo-gradual-drones-v14,short,43511f2e21ee297d,6.370488;6.779675;5.414397,2.449677;2.691705;1.965621,breathing_drone;soft_drone;broad_swell,saturated_saw_cluster,detune_cents=76.031;drift_cents=16.182;drive=7.934;folds=3;alias_percent=78.209;bits=6;hard_sync_percent=68.810;sample_hold_frames=4,2,0.9574893,-10.4326,-5.1713557,3.6713557,-1.5,-1.5,wav/15_opera_rehearsal__29_helicopter_takeoff.wav,2,288000,6.0,1727999,35.99997916666667,0.567025,0.09809673,-20.16691,3.335198e-9,0,0,0.5599857,-20.165682,3.986379e-9,0.567025,-20.168137,2.6840172e-9,0.14041807,-17.05154
15-30,short_additive_synth,opera_rehearsal,scuba_bubbles,3008e4616dc9a70f,d2eaf6d35c117589,9,9;0;4,177.745285;110.000000;136.149902,sparse-hashed-13edo-gradual-drones-v14,short,869466c631f1271c,7.330643;6.972282;4.354189,3.055795;2.813767;1.539852,soft_drone;breathing_drone;late_bloom,saturated_saw_cluster,detune_cents=64.424;drift_cents=14.929;drive=7.844;folds=4;alias_percent=79.161;bits=7;hard_sync_percent=60.510;sample_hold_frames=3,3,0.92450756,-7.6884093,-8.388069,6.888069,-1.5,-1.5000012,wav/15_opera_rehearsal__30_scuba_bubbles.wav,2,288000,6.0,1727999,35.99997916666667,0.58267736,0.09837499,-20.142305,1.4338292e-9,0,0,0.58267736,-20.153057,1.915131e-10,0.49102023,-20.13158,2.6761453e-9,0.13901623,-17.138689
15-31,short_additive_synth,opera_rehearsal,building_demolition,3008e4616dc9a70f,d502a0866ac3b927,5,5;9;0,143.606293;177.745285;110.000000,sparse-hashed-13edo-gradual-drones-v14,short,ac801e87271f4855,7.653691;4.337074;4.973398,3.291767;1.533795;1.775823,broad_swell;late_bloom;breathing_drone,inharmonic_fm,detune_cents=37.665;feedback=0.402;crossfeedback_percent=8.000;index=6.854->3.933;clean_percent=45.000;raw_fm_percent=40.000;parallel_ruin_percent=15.000;phase_drift_radians=0.080;drive=2.818;folds=2,2,0.9584213,-10.532552,-5.7194524,4.2194524,-1.5,-1.4999995,wav/15_opera_rehearsal__31_building_demolition.wav,2,288000,6.0,1727999,35.99997916666667,0.51365304,0.09844869,-20.135801,2.5489473e-9,0,0,0.51365304,-20.142715,3.405468e-9,0.5126031,-20.128899,1.6924266e-9,0.13940835,-17.114223
15-32,short_additive_synth,opera_rehearsal,finnish_blacksmith,3008e4616dc9a70f,8828c2d1c0ff4488,6,6;10;1,151.471039;187.479691;116.024269,sparse-hashed-13edo-gradual-drones-v14,short,146a6e8ee9acd911,4.501827;7.731236;7.405667,1.593099;3.351071;3.109043,soft_drone;breathing_drone;late_bloom,saturated_saw_cluster,detune_cents=55.182;drift_cents=12.942;drive=8.825;folds=4;alias_percent=74.309;bits=5;hard_sync_percent=53.522;sample_hold_frames=2,3,0.916292,-7.188987,-8.375941,6.8759413,-1.5,-1.5,wav/15_opera_rehearsal__32_finnish_blacksmith.wav,2,288000,6.0,1727999,35.99997916666667,0.6137938,0.098391965,-20.140808,1.6922561e-9,0,0,0.6137938,-20.143875,-2.1627553e-9,0.51362574,-20.137741,5.5472675e-9,0.13939737,-17.114908
15-33,short_additive_synth,opera_rehearsal,cattle_auction,3008e4616dc9a70f,63aeff78df8557af,8,8;12;3,168.516296;208.577057;129.080658,sparse-hashed-13edo-gradual-drones-v14,short,fc50e3ccba46941a,6.733031;6.319208;5.861762,2.662950;2.420922;2.178894,soft_drone;breathing_drone;late_bloom,saturated_saw_cluster,detune_cents=82.261;drift_cents=14.977;drive=7.891;folds=4;alias_percent=79.052;bits=7;hard_sync_percent=61.082;sample_hold_frames=4,3,0.9192756,-7.3670897,-2.9503477,1.4503477,-1.5,-1.5,wav/15_opera_rehearsal__33_cattle_auction.wav,2,288000,6.0,1727999,35.99997916666667,0.54210526,0.09815057,-20.162144,-6.4492243e-9,0,0,0.54210526,-20.16755,-5.759155e-9,0.51871854,-20.156744,-7.139294e-9,0.13974461,-17.093298
15-34,short_additive_synth,opera_rehearsal,ferry_alarm,3008e4616dc9a70f,63fa0671c3c8b3fd,4,4;8;12,136.149902;168.516296;208.577057,sparse-hashed-13edo-gradual-drones-v14,short,573c51079900f304,6.331174;5.875054;5.365347,2.427602;2.185574;1.943546,soft_drone;breathing_drone;late_bloom,saturated_saw_cluster,detune_cents=59.152;drift_cents=21.300;drive=8.387;folds=4;alias_percent=66.231;bits=7;hard_sync_percent=45.873;sample_hold_frames=2,3,0.9256739,-7.8004603,-8.69753,7.19753,-1.5,-1.5000007,wav/15_opera_rehearsal__34_ferry_alarm.wav,2,288000,6.0,1727999,35.99997916666667,0.65622926,0.09812625,-20.164297,6.0241483e-9,0,0,0.65622926,-20.168783,4.997578e-9,0.5925082,-20.159813,7.0507182e-9,0.13843155,-17.175299
15-35,short_additive_synth,opera_rehearsal,flooded_mine,3008e4616dc9a70f,5ef5719090cb3c3e,6,6;10;1,151.471039;187.479691;116.024269,sparse-hashed-13edo-gradual-drones-v14,short,48ef861f6d67fdc0,6.658867;6.237560;7.395704,2.617862;2.375834;3.101918,breathing_drone;late_bloom;late_bloom,inharmonic_fm,detune_cents=47.652;feedback=0.534;crossfeedback_percent=8.000;index=6.220->3.568;clean_percent=45.000;raw_fm_percent=40.000;parallel_ruin_percent=15.000;phase_drift_radians=0.080;drive=2.343;folds=3,3,0.9138296,-7.045933,-14.071774,12.571774,-1.5,-1.4999995,wav/15_opera_rehearsal__35_flooded_mine.wav,2,288000,6.0,1727999,35.99997916666667,0.61483794,0.09792279,-20.182325,-5.0776015e-9,0,0,0.61483794,-20.170303,-4.790401e-9,0.59207785,-20.19438,-5.3648024e-9,0.14146562,-16.986982
15-36,short_additive_synth,opera_rehearsal,cappuccino_process,3008e4616dc9a70f,c9cb796a64de33e2,9,9;0;4,177.745285;110.000000;136.149902,sparse-hashed-13edo-gradual-drones-v14,short,a5826a04054381de,6.710924;7.090569;7.439677,2.649430;2.891458;3.133486,breathing_drone;soft_drone;broad_swell,inharmonic_fm,detune_cents=34.931;feedback=0.497;crossfeedback_percent=8.000;index=7.729->2.538;clean_percent=45.000;raw_fm_percent=40.000;parallel_ruin_percent=15.000;phase_drift_radians=0.080;drive=3.007;folds=2,2,0.9599777,-10.696964,-12.185,10.685,-1.5,-1.5,wav/15_opera_rehearsal__36_cappuccino_process.wav,2,288000,6.0,1727999,35.99997916666667,0.7445363,0.096115276,-20.344152,8.146827e-9,0,0,0.7445363,-20.374086,6.687758e-9,0.7027325,-20.314425,9.6058965e-9,0.13703966,-17.263073
15-37,short_additive_synth,opera_rehearsal,tennis_match,3008e4616dc9a70f,09cb934e68f8f084,12,12;3;7,208.577057;129.080658;159.766510,sparse-hashed-13edo-gradual-drones-v14,short,73767ca6bb3c150c,5.438929;4.871710;7.911011,1.976755;1.734727;3.492699,breathing_drone;late_bloom;broad_swell,inharmonic_fm,detune_cents=37.808;feedback=0.527;crossfeedback_percent=8.000;index=8.656->3.499;clean_percent=45.000;raw_fm_percent=40.000;parallel_ruin_percent=15.000;phase_drift_radians=0.080;drive=3.197;folds=3,3,0.91421723,-7.0526266,-8.633209,7.133209,-1.5,-1.4999987,wav/15_opera_rehearsal__37_tennis_match.wav,2,288000,6.0,1727999,35.99997916666667,0.6240669,0.09772871,-20.199556,-2.22642e-9,0,0,0.61679494,-20.19089,-2.022286e-9,0.6240669,-20.208242,-2.4305542e-9,0.13801397,-17.20154
15-38,short_additive_synth,opera_rehearsal,chainsaw_cycle,3008e4616dc9a70f,5c7feb9d452f2bef,0,0;4;8,110.000000;136.149902;168.516296,sparse-hashed-13edo-gradual-drones-v14,short,bb8c676efe0488a8,4.665779;5.258741;7.490450,1.654390;1.896418;3.170334,broad_swell;late_bloom;breathing_drone,modal_noise_resonator,detune_cents=42.226;mode_disorder_percent=5.808;resonated_noise_percent=12.449;clean_percent=60.000;parallel_ruin_percent=27.551;drive=4.757;folds=1,2,0.95972687,-10.677604,-12.251678,10.751678,-1.5,-1.4999995,wav/15_opera_rehearsal__38_chainsaw_cycle.wav,2,288000,6.0,1727999,35.99997916666667,0.60622275,0.09718116,-20.248358,-1.0940426e-10,0,0,0.5997028,-20.229538,1.3975943e-9,0.60622275,-20.267262,-1.6164028e-9,0.13780764,-17.214535
15-39,short_additive_synth,opera_rehearsal,near_foghorn,3008e4616dc9a70f,1d6af12c6225ab62,2,2;6;10,122.378456;151.471039;187.479691,sparse-hashed-13edo-gradual-drones-v14,short,f88319a031821f65,5.144906;4.535037;6.155591,1.847356;1.605328;2.331412,late_bloom;broad_swell;soft_drone,modal_noise_resonator,detune_cents=52.799;mode_disorder_percent=3.708;resonated_noise_percent=12.024;clean_percent=60.000;parallel_ruin_percent=27.976;drive=4.001;folds=2,3,0.92657065,-7.8285394,-0.8670556,0.0,-1.5,-0.8670556,wav/15_opera_rehearsal__39_near_foghorn.wav,2,288000,6.0,1727999,35.99997916666667,0.5657031,0.097508825,-20.21912,-3.2325695e-9,0,0,0.51759034,-20.179594,5.4746034e-9,0.5657031,-20.259014,-1.19397425e-8,0.15160628,-16.385656
15-40,short_additive_synth,opera_rehearsal,barcelona_gate_pa,3008e4616dc9a70f,e28efd5cee017776,11,11;2;6,197.747208;122.378456;151.471039,sparse-hashed-13edo-gradual-drones-v14,short,3b3000545919c2a1,7.073723;7.424135;6.274645,2.880264;3.122292;2.396208,breathing_drone;soft_drone;broad_swell,saturated_saw_cluster,detune_cents=74.068;drift_cents=12.202;drive=9.742;folds=3;alias_percent=63.716;bits=6;hard_sync_percent=52.745;sample_hold_frames=3,2,0.9584713,-10.532518,-17.05168,15.55168,-1.5,-1.5000012,wav/15_opera_rehearsal__40_barcelona_gate_pa.wav,2,288000,6.0,1727999,35.99997916666667,0.5572161,0.09768288,-20.20363,-1.4309065e-9,0,0,0.4789827,-20.190737,-1.6523699e-9,0.5572161,-20.216562,-1.209443e-9,0.13855593,-17.167498
15-41,short_additive_synth,opera_rehearsal,delhi_subway_cycle,3008e4616dc9a70f,3187a582eafedd91,0,0;4;8,110.000000;136.149902;168.516296,sparse-hashed-13edo-gradual-drones-v14,short,0042ab57af9317b0,7.677145;7.347337;6.990409,3.309592;3.067564;2.825536,breathing_drone;late_bloom;broad_swell,modal_noise_resonator,detune_cents=48.864;mode_disorder_percent=3.140;resonated_noise_percent=12.664;clean_percent=60.000;parallel_ruin_percent=27.336;drive=4.774;folds=2,3,0.92419356,-7.687016,-6.207802,4.707802,-1.5,-1.5,wav/15_opera_rehearsal__41_delhi_subway_cycle.wav,2,288000,6.0,1727999,35.99997916666667,0.6628426,0.0975557,-20.214947,-9.816222e-10,0,0,0.5981717,-20.193993,-2.4759506e-9,0.6628426,-20.236004,5.1270616e-10,0.13704143,-17.262962
15-42,short_additive_synth,opera_rehearsal,hockey_goal,3008e4616dc9a70f,7338d14d9c7d0103,5,5;9;0,143.606293;177.745285;110.000000,sparse-hashed-13edo-gradual-drones-v14,short,90365d0835e8af67,5.113875;5.652158;7.730039,1.834203;2.076232;3.350147,late_bloom;breathing_drone;soft_drone,saturated_saw_cluster,detune_cents=67.914;drift_cents=19.659;drive=7.049;folds=3;alias_percent=65.783;bits=7;hard_sync_percent=68.549;sample_hold_frames=4,2,0.9520099,-9.85272,-7.9751706,6.4751706,-1.5,-1.4999995,wav/15_opera_rehearsal__42_hockey_goal.wav,2,288000,6.0,1727999,35.99997916666667,0.62828285,0.09802278,-20.173458,-1.3571533e-10,0,0,0.62828285,-20.174393,7.6946727e-10,0.61593765,-20.172523,-1.0408979e-9,0.13854827,-17.167978
15-43,short_additive_synth,opera_rehearsal,ambulance_siren,3008e4616dc9a70f,f8af2f1a4cb0c701,6,6;10;1,151.471039;187.479691;116.024269,sparse-hashed-13edo-gradual-drones-v14,short,c13aa3a1ee07dbc2,7.309024;6.948799;6.555970,3.040622;2.798594;2.556566,breathing_drone;late_bloom;broad_swell,saturated_saw_cluster,detune_cents=75.498;drift_cents=16.539;drive=8.247;folds=4;alias_percent=66.381;bits=6;hard_sync_percent=47.091;sample_hold_frames=4,3,0.9261871,-7.805984,-6.59746,5.09746,-1.5,-1.5000012,wav/15_opera_rehearsal__43_ambulance_siren.wav,2,288000,6.0,1727999,35.99997916666667,0.518766,0.09840484,-20.139671,1.2314294e-9,0,0,0.518766,-20.148827,9.983335e-10,0.51004946,-20.130537,1.4645253e-9,0.13894007,-17.14345
15-44,short_additive_synth,opera_rehearsal,woodshop_process,3008e4616dc9a70f,8e1e1d890ae5881a,1,1;5;9,116.024269;143.606293;177.745285,sparse-hashed-13edo-gradual-drones-v14,short,70fef98c330b8e7e,5.917653;5.413221;4.842405,2.207117;1.965088;1.723060,broad_swell;soft_drone;breathing_drone,saturated_saw_cluster,detune_cents=74.774;drift_cents=22.347;drive=8.649;folds=4;alias_percent=67.976;bits=6;hard_sync_percent=68.117;sample_hold_frames=3,3,0.9275132,-7.8870893,-8.256284,6.7562838,-1.5,-1.4999995,wav/15_opera_rehearsal__44_woodshop_process.wav,2,288000,6.0,1727999,35.99997916666667,0.64824665,0.09670482,-20.291039,8.081066e-10,0,0,0.64824665,-20.3219,8.656098e-10,0.62054527,-20.260393,7.5060336e-10,0.13768645,-17.222176
15-45,short_additive_synth,opera_rehearsal,tractor_turning_hay,3008e4616dc9a70f,241aba059f6c939a,7,7;11;2,159.766510;197.747208;122.378456,sparse-hashed-13edo-gradual-drones-v14,short,faa9979e5858f52a,6.738768;6.325519;7.463232,2.666471;2.424442;3.150527,late_bloom;broad_swell;soft_drone,inharmonic_fm,detune_cents=35.528;feedback=0.433;crossfeedback_percent=8.000;index=6.369->2.799;clean_percent=45.000;raw_fm_percent=40.000;parallel_ruin_percent=15.000;phase_drift_radians=0.080;drive=2.859;folds=3,3,0.92607296,-7.7986603,0.94178206,0.0,-1.5,0.94178206,wav/15_opera_rehearsal__45_tractor_turning_hay.wav,2,288000,6.0,1727999,35.99997916666667,0.49480492,0.09830494,-20.14849,1.1160631e-8,0,0,0.49480492,-20.152111,5.803546e-9,0.46625826,-20.144878,1.6517715e-8,0.14655587,-16.679935
15-46,short_additive_synth,opera_rehearsal,hail_thunder,3008e4616dc9a70f,8ca435fa8014940b,0,0;4;8,110.000000;136.149902;168.516296,sparse-hashed-13edo-gradual-drones-v14,short,6c4fa8f7a3cc54de,6.173689;5.699772;5.167733,2.341148;2.099120;1.857092,soft_drone;breathing_drone;late_bloom,modal_noise_resonator,detune_cents=54.899;mode_disorder_percent=4.542;resonated_noise_percent=15.092;clean_percent=60.000;parallel_ruin_percent=24.908;drive=4.722;folds=2,3,0.9329204,-8.263206,2.1816127,0.0,-1.5,2.1816127,wav/15_opera_rehearsal__46_hail_thunder.wav,2,288000,6.0,1727999,35.99997916666667,0.68331367,0.09755117,-20.215351,5.4119504e-9,0,0,0.68331367,-20.238537,4.9349502e-9,0.58988833,-20.192287,5.8889507e-9,0.13675001,-17.281452
15-47,short_additive_synth,opera_rehearsal,marielle_protest,3008e4616dc9a70f,b99f4919a8dffbad,12,12;3;7,208.577057;129.080658;159.766510,sparse-hashed-13edo-gradual-drones-v14,short,d41d7e688bc4db90,7.426946;7.076770;6.695863,3.124314;2.882286;2.640257,soft_drone;breathing_drone;late_bloom,inharmonic_fm,detune_cents=44.884;feedback=0.382;crossfeedback_percent=8.000;index=7.819->3.600;clean_percent=45.000;raw_fm_percent=40.000;parallel_ruin_percent=15.000;phase_drift_radians=0.080;drive=2.521;folds=3,3,0.9323685,-8.2233715,-11.383749,9.883749,-1.5,-1.5000007,wav/15_opera_rehearsal__47_marielle_protest.wav,2,288000,6.0,1727999,35.99997916666667,0.5643166,0.0983552,-20.144054,-6.746397e-10,0,0,0.51190734,-20.143759,-6.116841e-10,0.5643166,-20.144348,-7.375953e-10,0.1397425,-17.093431
15-48,short_additive_synth,opera_rehearsal,hair_salon_tools,3008e4616dc9a70f,91febc7e6d506cc8,6,6;10;1,151.471039;187.479691;116.024269,sparse-hashed-13edo-gradual-drones-v14,short,e516b6a6ccd80bb3,4.944038;4.303063;7.637877,1.763859;1.521831;3.279803,soft_drone;breathing_drone;late_bloom,inharmonic_fm,detune_cents=36.924;feedback=0.480;crossfeedback_percent=8.000;index=8.351->3.857;clean_percent=45.000;raw_fm_percent=40.000;parallel_ruin_percent=15.000;phase_drift_radians=0.080;drive=3.179;folds=3,3,0.93882203,-8.706023,-15.253783,13.753783,-1.5,-1.5,wav/15_opera_rehearsal__48_hair_salon_tools.wav,2,288000,6.0,1727999,35.99997916666667,0.6663837,0.098165125,-20.160856,-9.2754704e-10,0,0,0.5265858,-20.159262,-1.0280916e-9,0.6663837,-20.16245,-8.270024e-10,0.13777113,-17.216835
16-25,short_additive_synth,hamburg_church_bells,thunder_mountain,d7eebac0378c3795,4e2a8e922a968e95,3,3;7;11,129.080658;159.766510;197.747208,sparse-hashed-13edo-gradual-drones-v14,short,eb7c1d8ce23a07ae,7.629826;7.296262;4.929056,3.273728;3.031700;1.757784,soft_drone;breathing_drone;late_bloom,inharmonic_fm,detune_cents=29.385;feedback=0.536;crossfeedback_percent=8.000;index=7.902->2.970;clean_percent=45.000;raw_fm_percent=40.000;parallel_ruin_percent=15.000;phase_drift_radians=0.080;drive=3.150;folds=3,3,0.9565895,-10.304065,-20.103714,18.603714,-1.5,-1.4999995,wav/16_hamburg_church_bells__25_thunder_mountain.wav,2,288000,6.0,1727999,35.99997916666667,0.60389566,0.09776768,-20.196095,4.754399e-10,0,0,0.5230563,-20.193214,5.3532205e-9,0.60389566,-20.198975,-4.4023407e-9,0.13983935,-17.087412
16-26,short_additive_synth,hamburg_church_bells,inside_car_wash,d7eebac0378c3795,903a06c594b2e6cb,1,1;5;9,116.024269;143.606293;177.745285,sparse-hashed-13edo-gradual-drones-v14,short,4aef7425f174b0d2,7.397074;7.044380;4.485042,3.102897;2.860869;1.586953,broad_swell;soft_drone;breathing_drone,saturated_saw_cluster,detune_cents=74.356;drift_cents=19.204;drive=8.947;folds=4;alias_percent=60.560;bits=7;hard_sync_percent=69.149;sample_hold_frames=3,3,0.95616585,-10.283204,-18.746443,17.246443,-1.5,-1.5000007,wav/16_hamburg_church_bells__26_inside_car_wash.wav,2,288000,6.0,1727999,35.99997916666667,0.8409776,0.09538553,-20.410349,-2.0314215e-9,0,0,0.67877895,-20.280674,3.4035312e-9,0.8409776,-20.544018,-7.466374e-9,0.13859285,-17.165182
16-27,short_additive_synth,hamburg_church_bells,peru_new_year_fireworks,d7eebac0378c3795,83317dd5c74822ca,8,8;12;3,168.516296;208.577057;129.080658,sparse-hashed-13edo-gradual-drones-v14,short,c79b36c70718471b,4.688054;5.278179;7.502089,1.662897;1.904925;3.178841,soft_drone;broad_swell;late_bloom,modal_noise_resonator,detune_cents=46.247;mode_disorder_percent=5.280;resonated_noise_percent=16.540;clean_percent=60.000;parallel_ruin_percent=23.460;drive=4.745;folds=1,2,0.97368306,-12.607799,-10.15726,8.65726,-1.5,-1.5,wav/16_hamburg_church_bells__27_peru_new_year_fireworks.wav,2,288000,6.0,1727999,35.99997916666667,0.5477427,0.09822191,-20.155832,1.4408643e-9,0,0,0.49774298,-20.15751,1.8538827e-9,0.5477427,-20.154154,1.0278458e-9,0.14022875,-17.06326
16-28,short_additive_synth,hamburg_church_bells,efteling_steam_train,d7eebac0378c3795,9a412959184abdf9,10,10;1;5,187.479691;116.024269;143.606293,sparse-hashed-13edo-gradual-drones-v14,short,0391e151c382ddf4,6.729522;7.107613;7.455408,2.660800;2.902828;3.144856,broad_swell;late_bloom;breathing_drone,modal_noise_resonator,detune_cents=42.774;mode_disorder_percent=5.762;resonated_noise_percent=14.616;clean_percent=60.000;parallel_ruin_percent=25.384;drive=4.907;folds=1,2,0.97304475,-12.495062,-11.302825,9.802825,-1.5,-1.4999995,wav/16_hamburg_church_bells__28_efteling_steam_train.wav,2,288000,6.0,1727999,35.99997916666667,0.5030077,0.09826508,-20.152016,1.6419768e-9,0,0,0.4793642,-20.14638,-2.602492e-9,0.5030077,-20.15766,5.8864456e-9,0.14156803,-16.980696
16-29,short_additive_synth,hamburg_church_bells,helicopter_takeoff,d7eebac0378c3795,4534148b4903c233,12,12;3;7,208.577057;129.080658;159.766510,sparse-hashed-13edo-gradual-drones-v14,short,711dfa6e74e12fe2,4.732008;5.316574;7.525137,1.679813;1.921841;3.195756,breathing_drone;soft_drone;broad_swell,saturated_saw_cluster,detune_cents=59.516;drift_cents=20.635;drive=8.816;folds=3;alias_percent=74.274;bits=7;hard_sync_percent=59.407;sample_hold_frames=2,2,0.9707966,-12.153288,-22.43846,20.93846,-1.5,-1.5000019,wav/16_hamburg_church_bells__29_helicopter_takeoff.wav,2,288000,6.0,1727999,35.99997916666667,0.5592919,0.09815389,-20.16185,3.8264263e-9,0,0,0.5319943,-20.154009,6.782789e-9,0.5592919,-20.169704,8.7006363e-10,0.14586706,-16.720856
16-30,short_additive_synth,hamburg_church_bells,scuba_bubbles,d7eebac0378c3795,d2eaf6d35c117589,11,11;2;6,197.747208;122.378456;151.471039,sparse-hashed-13edo-gradual-drones-v14,short,538a55027ecca865,5.408090;4.836552;6.365428,1.962768;1.720740;2.446824,breathing_drone;late_bloom;broad_swell,inharmonic_fm,detune_cents=29.977;feedback=0.375;crossfeedback_percent=8.000;index=6.118->2.858;clean_percent=45.000;raw_fm_percent=40.000;parallel_ruin_percent=15.000;phase_drift_radians=0.080;drive=2.694;folds=3,3,0.9552137,-10.21897,-9.33333,7.83333,-1.5,-1.5,wav/16_hamburg_church_bells__30_scuba_bubbles.wav,2,288000,6.0,1727999,35.99997916666667,0.66323256,0.09801041,-20.174557,-1.1424552e-9,0,0,0.66323256,-20.181684,3.8831793e-10,0.61349726,-20.167439,-2.6732283e-9,0.14125791,-16.999744
16-31,short_additive_synth,hamburg_church_bells,building_demolition,d7eebac0378c3795,d502a0866ac3b927,8,8;12;3,168.516296;208.577057;129.080658,sparse-hashed-13edo-gradual-drones-v14,short,47dcce50805de4bc,7.622658;4.270196;4.915696,3.268329;1.510357;1.752385,broad_swell;breathing_drone;soft_drone,modal_noise_resonator,detune_cents=48.334;mode_disorder_percent=5.982;resonated_noise_percent=15.342;clean_percent=60.000;parallel_ruin_percent=24.658;drive=3.969;folds=1,2,0.9765162,-13.139258,-12.450617,10.950617,-1.5,-1.5,wav/16_hamburg_church_bells__31_building_demolition.wav,2,288000,6.0,1727999,35.99997916666667,0.66164595,0.09813591,-20.16344,4.3953546e-10,0,0,0.57464683,-20.15547,1.1125022e-9,0.66164595,-20.171425,-2.3343127e-10,0.13995144,-17.080452
16-32,short_additive_synth,hamburg_church_bells,finnish_blacksmith,d7eebac0378c3795,8828c2d1c0ff4488,5,5;9;0,143.606293;177.745285;110.000000,sparse-hashed-13edo-gradual-drones-v14,short,73d971e201139096,6.478270;6.038136;5.548317,2.511233;2.269205;2.027177,breathing_drone;late_bloom;broad_swell,saturated_saw_cluster,detune_cents=60.046;drift_cents=13.970;drive=7.801;folds=4;alias_percent=61.277;bits=5;hard_sync_percent=62.137;sample_hold_frames=3,3,0.9604744,-10.753114,-13.873944,12.373944,-1.5,-1.4999995,wav/16_hamburg_church_bells__32_finnish_blacksmith.wav,2,288000,6.0,1727999,35.99997916666667,0.6693377,0.097972535,-20.177914,1.2923762e-8,0,0,0.6670123,-20.182568,6.1057532e-9,0.6693377,-20.173265,1.9741769e-8,0.14098816,-17.016348
16-33,short_additive_synth,hamburg_church_bells,cattle_auction,d7eebac0378c3795,63aeff78df8557af,11,11;2;6,197.747208;122.378456;151.471039,sparse-hashed-13edo-gradual-drones-v14,short,f3aa752e49d73b59,7.781463;4.606812;5.207344,3.390051;1.632079;1.874107,soft_drone;broad_swell;late_bloom,modal_noise_resonator,detune_cents=51.328;mode_disorder_percent=5.866;resonated_noise_percent=12.699;clean_percent=60.000;parallel_ruin_percent=27.301;drive=4.201;folds=1,2,0.9692007,-11.9404,-13.433588,11.933588,-1.5,-1.5,wav/16_hamburg_church_bells__33_cattle_auction.wav,2,288000,6.0,1727999,35.99997916666667,0.45612454,0.09821293,-20.156628,-2.091503e-9,0,0,0.45612454,-20.163029,-4.5629642e-9,0.43884334,-20.150234,3.799582e-10,0.14749558,-16.62442
16-34,short_additive_synth,hamburg_church_bells,ferry_alarm,d7eebac0378c3795,63fa0671c3c8b3fd,5,5;9;0,143.606293;177.745285;110.000000,sparse-hashed-13edo-gradual-drones-v14,short,d3e1af427cd523b1,6.500631;6.898274;7.262543,2.524196;2.766224;3.008252,soft_drone;broad_swell;late_bloom,modal_noise_resonator,detune_cents=52.516;mode_disorder_percent=3.206;resonated_noise_percent=13.094;clean_percent=60.000;parallel_ruin_percent=26.906;drive=4.781;folds=1,2,0.9727577,-12.450404,-10.346233,8.846233,-1.5,-1.5000012,wav/16_hamburg_church_bells__34_ferry_alarm.wav,2,288000,6.0,1727999,35.99997916666667,0.7085262,0.09681845,-20.280838,1.3368298e-9,0,0,0.6958087,-20.244379,-4.854983e-9,0.7085262,-20.317604,7.528643e-9,0.13764703,-17.224663
16-35,short_additive_synth,hamburg_church_bells,flooded_mine,d7eebac0378c3795,5ef5719090cb3c3e,4,4;8;12,136.149902;168.516296;208.577057,sparse-hashed-13edo-gradual-drones-v14,short,b50fa3a58c62e013,7.072600;6.691311;7.747412,2.879520;2.637492;3.363576,late_bloom;broad_swell;soft_drone,saturated_saw_cluster,detune_cents=80.985;drift_cents=12.306;drive=8.469;folds=4;alias_percent=63.359;bits=7;hard_sync_percent=66.057;sample_hold_frames=2,3,0.9588652,-10.568403,-10.494031,8.994031,-1.5,-1.5,wav/16_hamburg_church_bells__35_flooded_mine.wav,2,288000,6.0,1727999,35.99997916666667,0.6312452,0.09781875,-20.191557,1.4209233e-9,0,0,0.53145844,-20.178022,1.0343167e-9,0.6312452,-20.205135,1.8075298e-9,0.13929898,-17.121042
16-36,short_additive_synth,hamburg_church_bells,cappuccino_process,d7eebac0378c3795,c9cb796a64de33e2,0,0;4;8,110.000000;136.149902;168.516296,sparse-hashed-13edo-gradual-drones-v14,short,22e4a5e8f521547d,4.267391;4.913279;5.475428,1.509382;1.751410;1.993438,breathing_drone;soft_drone;broad_swell,saturated_saw_cluster,detune_cents=58.071;drift_cents=13.060;drive=8.676;folds=3;alias_percent=62.495;bits=5;hard_sync_percent=69.556;sample_hold_frames=2,2,0.9704794,-12.085451,-13.878914,12.378914,-1.5,-1.4999987,wav/16_hamburg_church_bells__36_cappuccino_process.wav,2,288000,6.0,1727999,35.99997916666667,0.715321,0.095222585,-20.425201,4.4571755e-10,0,0,0.7039483,-20.416035,1.7202808e-9,0.715321,-20.434383,-8.288457e-10,0.13534065,-17.371435
16-37,short_additive_synth,hamburg_church_bells,tennis_match,d7eebac0378c3795,09cb934e68f8f084,6,6;10;1,151.471039;187.479691;116.024269,sparse-hashed-13edo-gradual-drones-v14,short,d71aca83c789452f,4.925029;5.485754;5.982290,1.756156;1.998184;2.240212,broad_swell;late_bloom;breathing_drone,inharmonic_fm,detune_cents=33.316;feedback=0.455;crossfeedback_percent=8.000;index=8.876->3.638;clean_percent=45.000;raw_fm_percent=40.000;parallel_ruin_percent=15.000;phase_drift_radians=0.080;drive=2.325;folds=2,2,0.9705351,-12.110968,-12.757069,11.257069,-1.5,-1.4999995,wav/16_hamburg_church_bells__37_tennis_match.wav,2,288000,6.0,1727999,35.99997916666667,0.6653839,0.09764507,-20.206995,1.0454193e-9,0,0,0.65034235,-20.184174,-9.9057394e-11,0.6653839,-20.229933,2.189896e-9,0.13825716,-17.186247
16-38,short_additive_synth,hamburg_church_bells,chainsaw_cycle,d7eebac0378c3795,5c7feb9d452f2bef,10,10;1;5,187.479691;116.024269;143.606293,sparse-hashed-13edo-gradual-drones-v14,short,b3bd493e153f094b,5.597183;5.051594;6.517761,2.050116;1.808088;2.534172,breathing_drone;late_bloom;broad_swell,inharmonic_fm,detune_cents=46.423;feedback=0.374;crossfeedback_percent=8.000;index=8.210->3.018;clean_percent=45.000;raw_fm_percent=40.000;parallel_ruin_percent=15.000;phase_drift_radians=0.080;drive=3.189;folds=3,3,0.95681375,-10.3550825,-9.417864,7.917864,-1.5,-1.5,wav/16_hamburg_church_bells__38_chainsaw_cycle.wav,2,288000,6.0,1727999,35.99997916666667,0.73131394,0.09563982,-20.387226,4.992642e-9,0,0,0.67582154,-20.266695,-6.5031114e-9,0.73131394,-20.511192,1.6488395e-8,0.13554898,-17.358076
16-39,short_additive_synth,hamburg_church_bells,near_foghorn,d7eebac0378c3795,1d6af12c6225ab62,8,8;12;3,168.516296;208.577057;129.080658,sparse-hashed-13edo-gradual-drones-v14,short,1ba012aeaf85dff2,6.145003;6.574950;6.966141,2.325735;2.567763;2.809792,breathing_drone;soft_drone;broad_swell,inharmonic_fm,detune_cents=31.803;feedback=0.374;crossfeedback_percent=8.000;index=7.841->3.765;clean_percent=45.000;raw_fm_percent=40.000;parallel_ruin_percent=15.000;phase_drift_radians=0.080;drive=2.586;folds=2,2,0.97130567,-12.233336,-12.327348,10.827348,-1.5,-1.5000007,wav/16_hamburg_church_bells__39_near_foghorn.wav,2,288000,6.0,1727999,35.99997916666667,0.561032,0.09695458,-20.268633,1.5249334e-8,0,0,0.49007204,-20.256365,1.0131372e-8,0.561032,-20.280937,2.0367297e-8,0.13692823,-17.270142
16-40,short_additive_synth,hamburg_church_bells,barcelona_gate_pa,d7eebac0378c3795,e28efd5cee017776,7,7;11;2,159.766510;197.747208;122.378456,sparse-hashed-13edo-gradual-drones-v14,short,94dd5386c1d56b34,7.693800;7.365302;5.047453,3.322308;3.080280;1.806364,breathing_drone;late_bloom;broad_swell,saturated_saw_cluster,detune_cents=58.123;drift_cents=22.590;drive=9.794;folds=4;alias_percent=66.204;bits=6;hard_sync_percent=49.690;sample_hold_frames=3,3,0.9564178,-10.322478,-18.19318,16.69318,-1.5,-1.5000012,wav/16_hamburg_church_bells__40_barcelona_gate_pa.wav,2,288000,6.0,1727999,35.99997916666667,0.62588865,0.09801825,-20.173862,1.1684127e-9,0,0,0.62588865,-20.173656,1.2073627e-9,0.5755495,-20.174065,1.1294627e-9,0.14047894,-17.047775
16-41,short_additive_synth,hamburg_church_bells,delhi_subway_cycle,d7eebac0378c3795,3187a582eafedd91,4,4;8;12,136.149902;168.516296;208.577057,sparse-hashed-13edo-gradual-drones-v14,short,7b6ee720d7a9a3f3,5.032266;5.580142;7.685549,1.800058;2.042087;3.316002,soft_drone;broad_swell;late_bloom,saturated_saw_cluster,detune_cents=80.637;drift_cents=15.175;drive=7.485;folds=3;alias_percent=68.671;bits=6;hard_sync_percent=64.243;sample_hold_frames=3,2,0.9712668,-12.221162,-16.251776,14.751776,-1.5,-1.4999987,wav/16_hamburg_church_bells__41_delhi_subway_cycle.wav,2,288000,6.0,1727999,35.99997916666667,0.5774529,0.09801017,-20.174578,4.7898413e-10,0,0,0.5774529,-20.183899,1.9169255e-9,0.53902274,-20.165274,-9.589572e-10,0.1413852,-16.991922
16-42,short_additive_synth,hamburg_church_bells,hockey_goal,d7eebac0378c3795,7338d14d9c7d0103,0,0;4;8,110.000000;136.149902;168.516296,sparse-hashed-13edo-gradual-drones-v14,short,225c66a0f6f70726,6.742884;7.119862;7.466715,2.668999;2.911027;3.153055,late_bloom;breathing_drone;soft_drone,modal_noise_resonator,detune_cents=54.565;mode_disorder_percent=3.369;resonated_noise_percent=15.975;clean_percent=60.000;parallel_ruin_percent=24.025;drive=5.160;folds=1,2,0.9711517,-12.193338,-15.468711,13.968711,-1.5,-1.5,wav/16_hamburg_church_bells__42_hockey_goal.wav,2,288000,6.0,1727999,35.99997916666667,0.68979543,0.09773316,-20.199162,-6.492309e-10,0,0,0.59839135,-20.195278,-1.9751778e-9,0.68979543,-20.203047,6.7671607e-10,0.13904288,-17.137024
16-43,short_additive_synth,hamburg_church_bells,ambulance_siren,d7eebac0378c3795,f8af2f1a4cb0c701,9,9;0;4,177.745285;110.000000;136.149902,sparse-hashed-13edo-gradual-drones-v14,short,e6ecedf46ae8ea17,7.355775;7.684967;4.403923,3.073531;3.315559;1.557587,broad_swell;late_bloom;breathing_drone,saturated_saw_cluster,detune_cents=68.043;drift_cents=16.971;drive=7.900;folds=3;alias_percent=75.110;bits=6;hard_sync_percent=51.416;sample_hold_frames=4,2,0.9721822,-12.358019,-16.86833,15.36833,-1.5,-1.5,wav/16_hamburg_church_bells__43_ambulance_siren.wav,2,288000,6.0,1727999,35.99997916666667,0.4939914,0.098415785,-20.138704,1.7938467e-9,0,0,0.4939914,-20.152119,4.067912e-10,0.4913601,-20.125332,3.1809022e-9,0.14251952,-16.922514
16-44,short_additive_synth,hamburg_church_bells,woodshop_process,d7eebac0378c3795,8e1e1d890ae5881a,4,4;8;12,136.149902;168.516296;208.577057,sparse-hashed-13edo-gradual-drones-v14,short,9790c188a81d8531,4.820801;7.885800;5.900796,1.714510;3.472482;2.198567,late_bloom;broad_swell;soft_drone,inharmonic_fm,detune_cents=42.290;feedback=0.511;crossfeedback_percent=8.000;index=6.242->3.088;clean_percent=45.000;raw_fm_percent=40.000;parallel_ruin_percent=15.000;phase_drift_radians=0.080;drive=2.832;folds=3,3,0.95750135,-10.383068,-12.310077,10.810077,-1.5,-1.4999995,wav/16_hamburg_church_bells__44_woodshop_process.wav,2,288000,6.0,1727999,35.99997916666667,0.75039476,0.09653491,-20.306313,-4.4099293e-9,0,0,0.75039476,-20.349447,-2.6509472e-9,0.6019322,-20.2636,-6.168911e-9,0.13726048,-17.24909
16-45,short_additive_synth,hamburg_church_bells,tractor_turning_hay,d7eebac0378c3795,241aba059f6c939a,9,9;0;4,177.745285;110.000000;136.149902,sparse-hashed-13edo-gradual-drones-v14,short,b8479d195365c20b,4.761159;5.342064;7.540484,1.691126;1.933154;3.207070,breathing_drone;soft_drone;broad_swell,saturated_saw_cluster,detune_cents=59.794;drift_cents=20.082;drive=7.431;folds=3;alias_percent=77.961;bits=5;hard_sync_percent=64.320;sample_hold_frames=2,2,0.97621864,-13.074019,-13.955534,12.455534,-1.5,-1.4999987,wav/16_hamburg_church_bells__45_tractor_turning_hay.wav,2,288000,6.0,1727999,35.99997916666667,0.54394484,0.09765883,-20.205769,-1.3398484e-8,0,0,0.54394484,-20.169346,-1.13899254e-8,0.50522494,-20.242502,-1.5407043e-8,0.13672815,-17.28284
16-46,short_additive_synth,hamburg_church_bells,hail_thunder,d7eebac0378c3795,8ca435fa8014940b,2,2;6;10,122.378456;151.471039;187.479691,sparse-hashed-13edo-gradual-drones-v14,short,8a775ba28f2a6099,7.523010;7.840210;6.809312,3.194192;3.436221;2.710136,late_bloom;breathing_drone;soft_drone,modal_noise_resonator,detune_cents=39.182;mode_disorder_percent=5.273;resonated_noise_percent=13.972;clean_percent=60.000;parallel_ruin_percent=26.028;drive=5.024;folds=1,2,0.97040343,-12.089447,-14.907809,13.407809,-1.5,-1.4999995,wav/16_hamburg_church_bells__46_hail_thunder.wav,2,288000,6.0,1727999,35.99997916666667,0.58586466,0.09759721,-20.21125,-6.49982e-9,0,0,0.58586466,-20.22453,-1.13223555e-8,0.5398767,-20.198017,-1.6772841e-9,0.13838862,-17.177994
16-47,short_additive_synth,hamburg_church_bells,marielle_protest,d7eebac0378c3795,b99f4919a8dffbad,8,8;12;3,168.516296;208.577057;129.080658,sparse-hashed-13edo-gradual-drones-v14,short,5f101e48660a52a7,6.986745;7.343962;7.674017,2.823153;3.065181;3.307209,soft_drone;broad_swell;late_bloom,inharmonic_fm,detune_cents=31.584;feedback=0.386;crossfeedback_percent=8.000;index=7.638->3.639;clean_percent=45.000;raw_fm_percent=40.000;parallel_ruin_percent=15.000;phase_drift_radians=0.080;drive=2.772;folds=2,2,0.96941084,-11.914604,-10.279322,8.779322,-1.5,-1.4999995,wav/16_hamburg_church_bells__47_marielle_protest.wav,2,288000,6.0,1727999,35.99997916666667,0.5381067,0.09818431,-20.159159,9.497798e-10,0,0,0.5144411,-20.15353,2.0730786e-9,0.5381067,-20.164795,-1.7351896e-10,0.14051479,-17.045559
16-48,short_additive_synth,hamburg_church_bells,hair_salon_tools,d7eebac0378c3795,91febc7e6d506cc8,9,9;0;4,177.745285;110.000000;136.149902,sparse-hashed-13edo-gradual-drones-v14,short,276bdf10b72ff414,6.610074;6.183765;7.354560,2.588614;2.346586;3.072670,soft_drone;breathing_drone;late_bloom,inharmonic_fm,detune_cents=32.208;feedback=0.351;crossfeedback_percent=8.000;index=8.928->3.113;clean_percent=45.000;raw_fm_percent=40.000;parallel_ruin_percent=15.000;phase_drift_radians=0.080;drive=3.096;folds=3,3,0.9588443,-10.578603,-9.845029,8.345029,-1.5,-1.5000007,wav/16_hamburg_church_bells__48_hair_salon_tools.wav,2,288000,6.0,1727999,35.99997916666667,0.5742476,0.098109104,-20.165813,-1.0610787e-9,0,0,0.54750663,-20.16592,-1.3017994e-9,0.5742476,-20.165709,-8.2035784e-10,0.14113607,-17.00724
17-25,short_additive_synth,seoul_sanchon_drum,thunder_mountain,9d91a0c3a205536c,4e2a8e922a968e95,8,8;12;3,168.516296;208.577057;129.080658,sparse-hashed-13edo-gradual-drones-v14,short,2e78a370025d2ad3,6.582119;6.152917;7.331021,2.572006;2.329978;3.056062,late_bloom;broad_swell;soft_drone,inharmonic_fm,detune_cents=46.423;feedback=0.451;crossfeedback_percent=8.000;index=6.608->3.058;clean_percent=45.000;raw_fm_percent=40.000;parallel_ruin_percent=15.000;phase_drift_radians=0.080;drive=3.010;folds=3,3,0.9336757,-8.313557,-6.194565,4.694565,-1.5,-1.5000007,wav/17_seoul_sanchon_drum__25_thunder_mountain.wav,2,288000,6.0,1727999,35.99997916666667,0.6352854,0.0982501,-20.153341,-1.5054497e-9,0,0,0.5735894,-20.165176,1.5617109e-10,0.6352854,-20.141537,-3.1670704e-9,0.14060326,-17.040092
17-26,short_additive_synth,seoul_sanchon_drum,inside_car_wash,9d91a0c3a205536c,903a06c594b2e6cb,9,9;0;4,177.745285;110.000000;136.149902,sparse-hashed-13edo-gradual-drones-v14,short,40dbac6d771d2b95,7.494309;7.813536;4.673171,3.173152;3.415180;1.657208,late_bloom;breathing_drone;soft_drone,modal_noise_resonator,detune_cents=46.063;mode_disorder_percent=5.553;resonated_noise_percent=12.592;clean_percent=60.000;parallel_ruin_percent=27.408;drive=4.568;folds=1,2,0.96483016,-11.332597,-7.8144,6.3144,-1.5,-1.5,wav/17_seoul_sanchon_drum__26_inside_car_wash.wav,2,288000,6.0,1727999,35.99997916666667,0.6685965,0.09706605,-20.258654,-1.5028531e-8,0,0,0.6329733,-20.244482,-1.2568425e-8,0.6685965,-20.27287,-1.7488636e-8,0.1381107,-17.195454
17-27,short_additive_synth,seoul_sanchon_drum,peru_new_year_fireworks,9d91a0c3a205536c,83317dd5c74822ca,1,1;5;9,116.024269;143.606293;177.745285,sparse-hashed-13edo-gradual-drones-v14,short,849cf9acf9a5c3d4,7.751760;4.544889;7.077679,3.366946;1.608974;2.882889,late_bloom;breathing_drone;soft_drone,saturated_saw_cluster,detune_cents=70.787;drift_cents=17.779;drive=8.298;folds=3;alias_percent=73.110;bits=5;hard_sync_percent=59.519;sample_hold_frames=2,2,0.96625394,-11.473318,-14.572033,13.072033,-1.5,-1.5,wav/17_seoul_sanchon_drum__27_peru_new_year_fireworks.wav,2,288000,6.0,1727999,35.99997916666667,0.51616615,0.098303795,-20.148594,5.5049734e-9,0,0,0.51616615,-20.14884,6.083222e-9,0.511163,-20.14835,4.9267244e-9,0.13856089,-17.167187
17-28,short_additive_synth,seoul_sanchon_drum,efteling_steam_train,9d91a0c3a205536c,9a412959184abdf9,0,0;4;8,110.000000;136.149902;168.516296,sparse-hashed-13edo-gradual-drones-v14,short,1dda675e3b157c39,6.969504;6.578629;6.149066,2.811968;2.569940;2.327912,broad_swell;soft_drone;breathing_drone,saturated_saw_cluster,detune_cents=77.704;drift_cents=21.551;drive=9.696;folds=4;alias_percent=69.910;bits=5;hard_sync_percent=46.105;sample_hold_frames=4,3,0.93489736,-8.404115,-12.374861,10.874861,-1.5,-1.5000007,wav/17_seoul_sanchon_drum__28_efteling_steam_train.wav,2,288000,6.0,1727999,35.99997916666667,0.52807623,0.09834291,-20.14514,-4.2335158e-9,0,0,0.50745326,-20.149305,-4.5194515e-9,0.52807623,-20.140974,-3.94758e-9,0.14107476,-17.011013
17-29,short_additive_synth,seoul_sanchon_drum,helicopter_takeoff,9d91a0c3a205536c,4534148b4903c233,11,11;2;6,197.747208;122.378456;151.471039,sparse-hashed-13edo-gradual-drones-v14,short,49553cb8afd52b9b,7.616420;4.256687;6.919195,3.263638;1.505666;2.779582,broad_swell;late_bloom;late_bloom,modal_noise_resonator,detune_cents=38.599;mode_disorder_percent=4.868;resonated_noise_percent=13.214;clean_percent=60.000;parallel_ruin_percent=26.786;drive=4.579;folds=1,2,0.9638261,-11.144436,-8.093902,6.5939016,-1.5,-1.5,wav/17_seoul_sanchon_drum__29_helicopter_takeoff.wav,2,288000,6.0,1727999,35.99997916666667,0.5323315,0.098232366,-20.154907,3.5937777e-9,0,0,0.5323315,-20.153381,4.70402e-9,0.49130335,-20.156437,2.4835356e-9,0.14015722,-17.06769
17-30,short_additive_synth,seoul_sanchon_drum,scuba_bubbles,9d91a0c3a205536c,d2eaf6d35c117589,1,1;5;9,116.024269;143.606293;177.745285,sparse-hashed-13edo-gradual-drones-v14,short,836e168ec51a1192,5.396689;4.823545;7.887156,1.957622;1.715594;3.473566,late_bloom;broad_swell;soft_drone,inharmonic_fm,detune_cents=34.063;feedback=0.371;crossfeedback_percent=8.000;index=8.939->2.674;clean_percent=45.000;raw_fm_percent=40.000;parallel_ruin_percent=15.000;phase_drift_radians=0.080;drive=2.928;folds=3,3,0.93396705,-8.412338,-9.705122,8.205122,-1.5,-1.5000007,wav/17_seoul_sanchon_drum__30_scuba_bubbles.wav,2,288000,6.0,1727999,35.99997916666667,0.5673719,0.09826119,-20.152359,1.1881665e-9,0,0,0.5550681,-20.156746,-6.911767e-10,0.5673719,-20.147976,3.0675096e-9,0.13933977,-17.118498
17-31,short_additive_synth,seoul_sanchon_drum,building_demolition,9d91a0c3a205536c,d502a0866ac3b927,8,8;12;3,168.516296;208.577057;129.080658,sparse-hashed-13edo-gradual-drones-v14,short,eba9429a72f47613,7.544970;7.204559;6.835181,3.210384;2.968356;2.726328,late_bloom;broad_swell;soft_drone,modal_noise_resonator,detune_cents=53.307;mode_disorder_percent=5.183;resonated_noise_percent=10.982;clean_percent=60.000;parallel_ruin_percent=29.018;drive=4.993;folds=2,3,0.93232906,-8.23484,-5.746264,4.246264,-1.5,-1.5,wav/17_seoul_sanchon_drum__31_building_demolition.wav,2,288000,6.0,1727999,35.99997916666667,0.54482937,0.09825751,-20.152685,2.2935662e-9,0,0,0.53894705,-20.16187,5.542014e-9,0.54482937,-20.143518,-9.548816e-10,0.14143728,-16.988722
17-32,short_additive_synth,seoul_sanchon_drum,finnish_blacksmith,9d91a0c3a205536c,8828c2d1c0ff4488,0,0;4;8,110.000000;136.149902;168.516296,sparse-hashed-13edo-gradual-drones-v14,short,d3312bbf73b4666b,5.902443;6.355841;6.766347,2.199401;2.441429;2.683457,soft_drone;broad_swell;late_bloom,saturated_saw_cluster,detune_cents=67.563;drift_cents=13.803;drive=8.585;folds=3;alias_percent=65.359;bits=6;hard_sync_percent=63.445;sample_hold_frames=4,2,0.9640043,-11.18518,-13.169783,11.669783,-1.5,-1.4999987,wav/17_seoul_sanchon_drum__32_finnish_blacksmith.wav,2,288000,6.0,1727999,35.99997916666667,0.6563808,0.098254964,-20.15291,-1.0433021e-10,0,0,0.6563808,-20.151731,1.7948178e-9,0.6288643,-20.15409,-2.0034783e-9,0.13900505,-17.139389
17-33,short_additive_synth,seoul_sanchon_drum,cattle_auction,9d91a0c3a205536c,63aeff78df8557af,6,6;10;1,151.471039;187.479691;116.024269,sparse-hashed-13edo-gradual-drones-v14,short,69b590557f286a6c,4.950720;5.508341;7.641472,1.766575;2.008603;3.282519,late_bloom;breathing_drone;soft_drone,modal_noise_resonator,detune_cents=53.260;mode_disorder_percent=3.028;resonated_noise_percent=17.836;clean_percent=60.000;parallel_ruin_percent=22.164;drive=4.300;folds=1,2,0.9635879,-11.142858,-7.162491,5.662491,-1.5,-1.5,wav/17_seoul_sanchon_drum__33_cattle_auction.wav,2,288000,6.0,1727999,35.99997916666667,0.49494904,0.09816244,-20.161093,-1.4435012e-9,0,0,0.49494904,-20.168627,-2.5518215e-10,0.48122233,-20.153572,-2.6318203e-9,0.13836837,-17.179264
17-34,short_additive_synth,seoul_sanchon_drum,ferry_alarm,9d91a0c3a205536c,63fa0671c3c8b3fd,1,1;5;9,116.024269;143.606293;177.745285,sparse-hashed-13edo-gradual-drones-v14,short,205052497b309f5a,6.506910;6.069820;7.267812,2.527848;2.285820;3.011904,late_bloom;broad_swell;soft_drone,saturated_saw_cluster,detune_cents=64.680;drift_cents=21.610;drive=8.268;folds=4;alias_percent=66.480;bits=5;hard_sync_percent=66.029;sample_hold_frames=2,3,0.93752056,-8.610583,-11.293635,9.793635,-1.5,-1.4999995,wav/17_seoul_sanchon_drum__34_ferry_alarm.wav,2,288000,6.0,1727999,35.99997916666667,0.63833535,0.09800856,-20.17472,1.8160521e-9,0,0,0.62449414,-20.171978,4.0687587e-9,0.63833535,-20.177462,-4.3665455e-10,0.13271163,-17.54182
17-35,short_additive_synth,seoul_sanchon_drum,flooded_mine,9d91a0c3a205536c,5ef5719090cb3c3e,9,9;0;4,177.745285;110.000000;136.149902,sparse-hashed-13edo-gradual-drones-v14,short,fbdecc3930dfa006,6.759934;6.348793;5.894619,2.679498;2.437470;2.195442,soft_drone;breathing_drone;late_bloom,saturated_saw_cluster,detune_cents=67.795;drift_cents=12.097;drive=7.333;folds=4;alias_percent=78.155;bits=7;hard_sync_percent=64.240;sample_hold_frames=3,3,0.93298006,-8.235037,-8.620797,7.120797,-1.5,-1.5,wav/17_seoul_sanchon_drum__35_flooded_mine.wav,2,288000,6.0,1727999,35.99997916666667,0.5807166,0.09799928,-20.175543,1.0720964e-9,0,0,0.5807166,-20.164755,1.4835653e-9,0.56487286,-20.186357,6.6062766e-10,0.13750756,-17.233469
17-36,short_additive_synth,seoul_sanchon_drum,cappuccino_process,9d91a0c3a205536c,c9cb796a64de33e2,10,10;1;5,187.479691;116.024269;143.606293,sparse-hashed-13edo-gradual-drones-v14,short,464916bafb597668,7.107997;6.729940;7.777733,2.903085;2.661057;3.387141,soft_drone;breathing_drone;late_bloom,inharmonic_fm,detune_cents=46.329;feedback=0.365;crossfeedback_percent=8.000;index=6.926->2.915;clean_percent=45.000;raw_fm_percent=40.000;parallel_ruin_percent=15.000;phase_drift_radians=0.080;drive=2.952;folds=3,3,0.93568677,-8.466247,-3.9896326,2.4896326,-1.5,-1.5,wav/17_seoul_sanchon_drum__36_cappuccino_process.wav,2,288000,6.0,1727999,35.99997916666667,0.7105614,0.09586809,-20.366518,1.3549348e-9,0,0,0.7105614,-20.35715,-5.5217795e-9,0.7037081,-20.37591,8.231649e-9,0.13464777,-17.416018
17-37,short_additive_synth,seoul_sanchon_drum,tennis_match,9d91a0c3a205536c,09cb934e68f8f084,5,5;9;0,143.606293;177.745285;110.000000,sparse-hashed-13edo-gradual-drones-v14,short,b1e3c119f3e4eca2,4.877019;7.913649;5.944699,1.736849;3.494821;2.220905,late_bloom;broad_swell;soft_drone,saturated_saw_cluster,detune_cents=78.008;drift_cents=22.159;drive=7.932;folds=4;alias_percent=66.167;bits=5;hard_sync_percent=63.473;sample_hold_frames=4,3,0.9325951,-8.238053,-9.575394,8.075394,-1.5,-1.5,wav/17_seoul_sanchon_drum__37_tennis_match.wav,2,288000,6.0,1727999,35.99997916666667,0.63482475,0.09773379,-20.199106,3.0507246e-9,0,0,0.63482475,-20.192951,4.3430535e-9,0.61292356,-20.205267,1.7583954e-9,0.13929668,-17.121185
17-38,short_additive_synth,seoul_sanchon_drum,chainsaw_cycle,9d91a0c3a205536c,5c7feb9d452f2bef,4,4;8;12,136.149902;168.516296;208.577057,sparse-hashed-13edo-gradual-drones-v14,short,109f766bb74ba512,5.764352;5.240660;6.653491,2.130567;1.888539;2.614624,breathing_drone;late_bloom;broad_swell,saturated_saw_cluster,detune_cents=81.459;drift_cents=18.491;drive=7.015;folds=4;alias_percent=73.666;bits=5;hard_sync_percent=56.695;sample_hold_frames=2,3,0.93442017,-8.375306,-10.720865,9.220865,-1.5,-1.5000012,wav/17_seoul_sanchon_drum__38_chainsaw_cycle.wav,2,288000,6.0,1727999,35.99997916666667,0.73205113,0.09677827,-20.284443,-3.5223732e-10,0,0,0.67658854,-20.251415,-1.223291e-9,0.73205113,-20.317724,5.188164e-10,0.13712254,-17.257822
17-39,short_additive_synth,seoul_sanchon_drum,near_foghorn,9d91a0c3a205536c,1d6af12c6225ab62,1,1;5;9,116.024269;143.606293;177.745285,sparse-hashed-13edo-gradual-drones-v14,short,fa576ebd5e5592e3,5.597714;6.082293;4.428177,2.050366;2.292394;1.566310,breathing_drone;soft_drone;broad_swell,modal_noise_resonator,detune_cents=47.497;mode_disorder_percent=5.245;resonated_noise_percent=14.183;clean_percent=60.000;parallel_ruin_percent=25.817;drive=5.062;folds=1,2,0.9623546,-10.9853325,-13.164048,11.664048,-1.5,-1.4999995,wav/17_seoul_sanchon_drum__39_near_foghorn.wav,2,288000,6.0,1727999,35.99997916666667,0.5167505,0.09738046,-20.230562,-1.2117621e-8,0,0,0.490064,-20.216785,-7.816755e-9,0.5167505,-20.244387,-1.6418486e-8,0.13502358,-17.391808
17-40,short_additive_synth,seoul_sanchon_drum,barcelona_gate_pa,9d91a0c3a205536c,e28efd5cee017776,11,11;2;6,197.747208;122.378456;151.471039,sparse-hashed-13edo-gradual-drones-v14,short,a75c03481e40624f,7.000907;6.612978;6.186970,2.832375;2.590346;2.348318,late_bloom;broad_swell;soft_drone,saturated_saw_cluster,detune_cents=77.543;drift_cents=19.722;drive=7.993;folds=4;alias_percent=75.172;bits=6;hard_sync_percent=49.266;sample_hold_frames=3,3,0.93314666,-8.256363,-5.867405,4.367405,-1.5,-1.5,wav/17_seoul_sanchon_drum__40_barcelona_gate_pa.wav,2,288000,6.0,1727999,35.99997916666667,0.5201373,0.09830331,-20.148638,-6.7924844e-10,0,0,0.5201373,-20.1601,4.2794147e-11,0.4930095,-20.137205,-1.401291e-9,0.13799417,-17.202785
17-41,short_additive_synth,seoul_sanchon_drum,delhi_subway_cycle,9d91a0c3a205536c,3187a582eafedd91,5,5;9;0,143.606293;177.745285;110.000000,sparse-hashed-13edo-gradual-drones-v14,short,5705111e96e82a3a,5.629545;5.088270;4.469798,2.065449;1.823421;1.581393,broad_swell;soft_drone;breathing_drone,saturated_saw_cluster,detune_cents=63.008;drift_cents=16.240;drive=8.369;folds=4;alias_percent=66.333;bits=6;hard_sync_percent=51.699;sample_hold_frames=2,3,0.93405735,-8.382153,-10.442313,8.942313,-1.5,-1.4999995,wav/17_seoul_sanchon_drum__41_delhi_subway_cycle.wav,2,288000,6.0,1727999,35.99997916666667,0.5948162,0.09765042,-20.206518,-3.0507634e-9,0,0,0.5807353,-20.219486,-1.9348136e-9,0.5948162,-20.193588,-4.166713e-9,0.13782021,-17.213741
17-42,short_additive_synth,seoul_sanchon_drum,hockey_goal,9d91a0c3a205536c,7338d14d9c7d0103,7,7;11;2,159.766510;197.747208;122.378456,sparse-hashed-13edo-gradual-drones-v14,short,171807c4c33763c1,7.200901;7.541587;7.857481,2.965856;3.207884;3.449912,broad_swell;late_bloom;breathing_drone,saturated_saw_cluster,detune_cents=56.885;drift_cents=23.395;drive=9.737;folds=3;alias_percent=77.026;bits=7;hard_sync_percent=63.500;sample_hold_frames=4,2,0.9722091,-12.377093,-13.231749,11.731749,-1.5,-1.4999995,wav/17_seoul_sanchon_drum__42_hockey_goal.wav,2,288000,6.0,1727999,35.99997916666667,0.6505885,0.097887166,-20.185486,-5.376247e-10,0,0,0.60696816,-20.182077,8.243269e-10,0.6505885,-20.188894,-1.8995763e-9,0.1382641,-17.18581
17-43,short_additive_synth,seoul_sanchon_drum,ambulance_siren,9d91a0c3a205536c,f8af2f1a4cb0c701,11,11;2;6,197.747208;122.378456;151.471039,sparse-hashed-13edo-gradual-drones-v14,short,a86fd58c8a4e0a88,7.257301;7.593757;7.906011,3.004623;3.246652;3.488680,broad_swell;late_bloom;breathing_drone,saturated_saw_cluster,detune_cents=59.360;drift_cents=16.511;drive=9.262;folds=3;alias_percent=75.390;bits=5;hard_sync_percent=66.683;sample_hold_frames=2,2,0.96966004,-11.95302,-14.714182,13.214182,-1.5,-1.5,wav/17_seoul_sanchon_drum__43_ambulance_siren.wav,2,288000,6.0,1727999,35.99997916666667,0.4796295,0.09849049,-20.132114,1.3463214e-9,0,0,0.4796295,-20.141518,2.5445017e-9,0.47437987,-20.12273,1.4814097e-10,0.13811821,-17.19498
17-44,short_additive_synth,seoul_sanchon_drum,woodshop_process,9d91a0c3a205536c,8e1e1d890ae5881a,4,4;8;12,136.149902;168.516296;208.577057,sparse-hashed-13edo-gradual-drones-v14,short,94abd505764c0abc,6.525817;6.090724;7.283685,2.538877;2.296849;3.022933,soft_drone;breathing_drone;late_bloom,saturated_saw_cluster,detune_cents=60.745;drift_cents=21.776;drive=8.310;folds=4;alias_percent=60.682;bits=5;hard_sync_percent=60.871;sample_hold_frames=4,3,0.9327117,-8.255715,-8.769719,7.269719,-1.5,-1.5000007,wav/17_seoul_sanchon_drum__44_woodshop_process.wav,2,288000,6.0,1727999,35.99997916666667,0.6752326,0.09666599,-20.294525,-1.2196164e-9,0,0,0.6752326,-20.321272,1.5916809e-9,0.64073616,-20.267944,-4.030914e-9,0.13665013,-17.2878
17-45,short_additive_synth,seoul_sanchon_drum,tractor_turning_hay,9d91a0c3a205536c,241aba059f6c939a,11,11;2;6,197.747208;122.378456;151.471039,sparse-hashed-13edo-gradual-drones-v14,short,3d95a32e04f7988c,7.835631;4.718581;5.304840,3.432599;1.674627;1.916655,breathing_drone;soft_drone;broad_swell,modal_noise_resonator,detune_cents=38.849;mode_disorder_percent=3.873;resonated_noise_percent=10.341;clean_percent=60.000;parallel_ruin_percent=29.659;drive=4.480;folds=1,2,0.9635246,-11.130316,-11.849059,10.349059,-1.5,-1.5,wav/17_seoul_sanchon_drum__45_tractor_turning_hay.wav,2,288000,6.0,1727999,35.99997916666667,0.5320588,0.09830997,-20.148048,-1.6813316e-9,0,0,0.5072911,-20.149761,-3.361065e-9,0.5320588,-20.146336,-1.5983753e-12,0.14281394,-16.904587
17-46,short_additive_synth,seoul_sanchon_drum,hail_thunder,9d91a0c3a205536c,8ca435fa8014940b,5,5;9;0,143.606293;177.745285;110.000000,sparse-hashed-13edo-gradual-drones-v14,short,898dc6636b08cf0c,7.513595;7.170617;6.798212,3.187275;2.945247;2.703219,breathing_drone;late_bloom;broad_swell,inharmonic_fm,detune_cents=38.732;feedback=0.470;crossfeedback_percent=8.000;index=8.098->3.242;clean_percent=45.000;raw_fm_percent=40.000;parallel_ruin_percent=15.000;phase_drift_radians=0.080;drive=2.801;folds=3,3,0.9325985,-8.251152,-5.225378,3.725378,-1.5,-1.5000007,wav/17_seoul_sanchon_drum__46_hail_thunder.wav,2,288000,6.0,1727999,35.99997916666667,0.6443933,0.09786115,-20.187794,1.0283812e-9,0,0,0.6443933,-20.195072,4.991396e-9,0.5548621,-20.180529,-2.9346339e-9,0.13640903,-17.303139
17-47,short_additive_synth,seoul_sanchon_drum,marielle_protest,9d91a0c3a205536c,b99f4919a8dffbad,6,6;10;1,151.471039;187.479691;116.024269,sparse-hashed-13edo-gradual-drones-v14,short,5690e72dfb8323ae,6.050210;5.561828;5.011484,2.275522;2.033494;1.791465,breathing_drone;late_bloom;broad_swell,saturated_saw_cluster,detune_cents=66.858;drift_cents=22.730;drive=8.548;folds=4;alias_percent=74.875;bits=6;hard_sync_percent=66.143;sample_hold_frames=4,3,0.93858886,-8.700164,-9.406469,7.9064693,-1.5,-1.5,wav/17_seoul_sanchon_drum__47_marielle_protest.wav,2,288000,6.0,1727999,35.99997916666667,0.57223713,0.09835723,-20.143873,1.1276086e-9,0,0,0.57223713,-20.153927,1.9617947e-9,0.54736567,-20.133842,2.9342231e-10,0.13999392,-17.077816
17-48,short_additive_synth,seoul_sanchon_drum,hair_salon_tools,9d91a0c3a205536c,91febc7e6d506cc8,10,10;1;5,187.479691;116.024269;143.606293,sparse-hashed-13edo-gradual-drones-v14,short,6f4c52ee0f400991,6.646095;7.031202;7.384926,2.610174;2.852202;3.094230,soft_drone;broad_swell;late_bloom,saturated_saw_cluster,detune_cents=72.132;drift_cents=14.808;drive=7.359;folds=3;alias_percent=65.788;bits=6;hard_sync_percent=46.736;sample_hold_frames=2,2,0.9716083,-12.279349,-12.394003,10.894003,-1.5,-1.4999995,wav/17_seoul_sanchon_drum__48_hair_salon_tools.wav,2,288000,6.0,1727999,35.99997916666667,0.6254977,0.0982427,-20.153996,3.036405e-9,0,0,0.57129437,-20.15295,3.57384e-9,0.6254977,-20.155039,2.49897e-9,0.13732249,-17.245167
18-25,short_additive_synth,marching_band,thunder_mountain,6ee897694d33cb46,4e2a8e922a968e95,2,2;6;10,122.378456;151.471039;187.479691,sparse-hashed-13edo-gradual-drones-v14,short,c4575ec6dace567d,7.116875;7.463957;6.326461,2.909025;3.151053;2.424968,broad_swell;late_bloom;breathing_drone,modal_noise_resonator,detune_cents=52.328;mode_disorder_percent=4.711;resonated_noise_percent=17.546;clean_percent=60.000;parallel_ruin_percent=22.454;drive=5.119;folds=1,2,0.96783847,-11.725611,-8.971798,7.471798,-1.5,-1.5000007,wav/18_marching_band__25_thunder_mountain.wav,2,288000,6.0,1727999,35.99997916666667,0.6229509,0.09796968,-20.178165,-4.307977e-9,0,0,0.54873556,-20.175816,-3.9920844e-9,0.6229509,-20.18052,-4.6238697e-9,0.13796443,-17.204659
18-26,short_additive_synth,marching_band,inside_car_wash,6ee897694d33cb46,903a06c594b2e6cb,0,0;4;8,110.000000;136.149902;168.516296,sparse-hashed-13edo-gradual-drones-v14,short,43ecf254f8d00147,6.872571;6.472455;6.031702,2.749901;2.507873;2.265845,soft_drone;breathing_drone;broad_swell,saturated_saw_cluster,detune_cents=76.661;drift_cents=19.749;drive=7.330;folds=4;alias_percent=65.422;bits=6;hard_sync_percent=69.378;sample_hold_frames=2,3,0.94674236,-9.350748,-12.839006,11.339006,-1.5,-1.4999995,wav/18_marching_band__26_inside_car_wash.wav,2,288000,6.0,1727999,35.99997916666667,0.7904091,0.09620251,-20.336273,6.8916814e-9,0,0,0.7114011,-20.246752,-1.2611202e-9,0.7904091,-20.427675,1.5044483e-8,0.13259041,-17.549759
18-27,short_additive_synth,marching_band,peru_new_year_fireworks,6ee897694d33cb46,83317dd5c74822ca,1,1;5;9,116.024269;143.606293;177.745285,sparse-hashed-13edo-gradual-drones-v14,short,19a73765f51f7ee6,6.601641;6.990539;5.700634,2.583593;2.825621;2.099536,broad_swell;late_bloom;breathing_drone,modal_noise_resonator,detune_cents=48.081;mode_disorder_percent=3.511;resonated_noise_percent=14.942;clean_percent=60.000;parallel_ruin_percent=25.058;drive=4.082;folds=1,2,0.951222,-9.821881,-6.253629,4.753629,-1.5,-1.5,wav/18_marching_band__27_peru_new_year_fireworks.wav,2,288000,6.0,1727999,35.99997916666667,0.5433317,0.098195426,-20.158175,5.577411e-10,0,0,0.50731343,-20.148678,3.2183795e-10,0.5433317,-20.167692,7.9364426e-10,0.13815749,-17.192513
18-28,short_additive_synth,marching_band,efteling_steam_train,6ee897694d33cb46,9a412959184abdf9,10,10;1;5,187.479691;116.024269;143.606293,sparse-hashed-13edo-gradual-drones-v14,short,d3b9ec56dcbd9eb3,5.384025;5.891668;6.346135,1.951922;2.193950;2.435979,broad_swell;late_bloom;breathing_drone,modal_noise_resonator,detune_cents=45.481;mode_disorder_percent=3.290;resonated_noise_percent=15.571;clean_percent=60.000;parallel_ruin_percent=24.429;drive=4.703;folds=1,2,0.95480895,-10.119918,-6.2028513,4.7028513,-1.5,-1.5000007,wav/18_marching_band__28_efteling_steam_train.wav,2,288000,6.0,1727999,35.99997916666667,0.53847146,0.09831784,-20.147354,-4.811073e-10,0,0,0.4901789,-20.139425,-8.9378804e-10,0.53847146,-20.155296,-6.842656e-11,0.13983716,-17.087547
18-29,short_additive_synth,marching_band,helicopter_takeoff,6ee897694d33cb46,4534148b4903c233,7,7;11;2,159.766510;197.747208;122.378456,sparse-hashed-13edo-gradual-drones-v14,short,36e74f2f87b5e121,7.812540;7.493236;5.263398,3.414397;3.172369;1.898453,breathing_drone;late_bloom;broad_swell,saturated_saw_cluster,detune_cents=81.817;drift_cents=19.799;drive=9.096;folds=4;alias_percent=60.154;bits=7;hard_sync_percent=49.953;sample_hold_frames=4,3,0.94426507,-9.154965,-13.807379,12.307379,-1.5,-1.4999987,wav/18_marching_band__29_helicopter_takeoff.wav,2,288000,6.0,1727999,35.99997916666667,0.62661797,0.098054856,-20.170616,-3.5360719e-9,0,0,0.5182243,-20.164978,1.3214444e-9,0.62661797,-20.176266,-8.393588e-9,0.140242,-17.062439
18-30,short_additive_synth,marching_band,scuba_bubbles,6ee897694d33cb46,d2eaf6d35c117589,0,0;4;8,110.000000;136.149902;168.516296,sparse-hashed-13edo-gradual-drones-v14,short,c498d801b6465e00,6.049497;5.561029;5.010578,2.275148;2.033120;1.791092,broad_swell;soft_drone;breathing_drone,modal_noise_resonator,detune_cents=42.228;mode_disorder_percent=4.213;resonated_noise_percent=11.123;clean_percent=60.000;parallel_ruin_percent=28.877;drive=4.910;folds=2,3,0.9437362,-9.127333,-15.777737,14.277737,-1.5,-1.5000007,wav/18_marching_band__30_scuba_bubbles.wav,2,288000,6.0,1727999,35.99997916666667,0.69101495,0.09812589,-20.164328,8.059906e-10,0,0,0.69101495,-20.171253,9.0241953e-10,0.59064263,-20.157413,7.095617e-10,0.13665928,-17.287218
18-31,short_additive_synth,marching_band,building_demolition,6ee897694d33cb46,d502a0866ac3b927,8,8;12;3,168.516296;208.577057;129.080658,sparse-hashed-13edo-gradual-drones-v14,short,9030baba57aea909,6.581842;6.152612;7.330789,2.571842;2.329813;3.055898,breathing_drone;late_bloom;broad_swell,inharmonic_fm,detune_cents=31.623;feedback=0.391;crossfeedback_percent=8.000;index=6.602->3.250;clean_percent=45.000;raw_fm_percent=40.000;parallel_ruin_percent=15.000;phase_drift_radians=0.080;drive=2.967;folds=3,3,0.9460113,-9.328935,-10.113262,8.613262,-1.5,-1.5000007,wav/18_marching_band__31_building_demolition.wav,2,288000,6.0,1727999,35.99997916666667,0.62005234,0.09818569,-20.159037,-4.668231e-9,0,0,0.519145,-20.155914,-2.0478905e-9,0.62005234,-20.162163,-7.2885715e-9,0.13589478,-17.335945
18-32,short_additive_synth,marching_band,finnish_blacksmith,6ee897694d33cb46,8828c2d1c0ff4488,8,8;12;3,168.516296;208.577057;129.080658,sparse-hashed-13edo-gradual-drones-v14,short,9a47f2828741f9e5,6.300538;5.841011;5.327046,2.410537;2.168509;1.926480,late_bloom;broad_swell;soft_drone,modal_noise_resonator,detune_cents=47.390;mode_disorder_percent=3.156;resonated_noise_percent=17.325;clean_percent=60.000;parallel_ruin_percent=22.675;drive=3.889;folds=2,3,0.9462975,-9.351362,-8.699419,7.199419,-1.5,-1.5,wav/18_marching_band__32_finnish_blacksmith.wav,2,288000,6.0,1727999,35.99997916666667,0.6002664,0.097994454,-20.17597,-1.1439678e-9,0,0,0.56200325,-20.165655,-5.846322e-11,0.6002664,-20.18631,-2.2294724e-9,0.13913289,-17.131403
18-33,short_additive_synth,marching_band,cattle_auction,6ee897694d33cb46,63aeff78df8557af,10,10;1;5,187.479691;116.024269;143.606293,sparse-hashed-13edo-gradual-drones-v14,short,a033c2f5679dc396,5.931048;5.428264;4.859557,2.213935;1.971907;1.729879,late_bloom;broad_swell;soft_drone,modal_noise_resonator,detune_cents=51.736;mode_disorder_percent=5.914;resonated_noise_percent=16.358;clean_percent=60.000;parallel_ruin_percent=23.642;drive=4.538;folds=2,3,0.9465694,-9.403379,-8.603041,7.1030407,-1.5,-1.4999995,wav/18_marching_band__33_cattle_auction.wav,2,288000,6.0,1727999,35.99997916666667,0.5903926,0.09780245,-20.193005,-9.624974e-10,0,0,0.52805066,-20.180916,3.3417895e-9,0.5903926,-20.205128,-5.2667843e-9,0.1402834,-17.059875
18-34,short_additive_synth,marching_band,ferry_alarm,6ee897694d33cb46,63fa0671c3c8b3fd,5,5;9;0,143.606293;177.745285;110.000000,sparse-hashed-13edo-gradual-drones-v14,short,185a525a1911e8b0,6.096882;6.531387;5.070681,2.300107;2.542136;1.816051,late_bloom;breathing_drone;soft_drone,inharmonic_fm,detune_cents=32.265;feedback=0.485;crossfeedback_percent=8.000;index=7.635->3.531;clean_percent=45.000;raw_fm_percent=40.000;parallel_ruin_percent=15.000;phase_drift_radians=0.080;drive=3.122;folds=2,2,0.9514859,-9.825785,-10.881027,9.381027,-1.5,-1.5,wav/18_marching_band__34_ferry_alarm.wav,2,288000,6.0,1727999,35.99997916666667,0.6867393,0.09739526,-20.229244,-1.1725083e-9,0,0,0.5991353,-20.194199,-1.0603844e-9,0.6867393,-20.26457,-1.2846321e-9,0.13427348,-17.440195
18-35,short_additive_synth,marching_band,flooded_mine,6ee897694d33cb46,5ef5719090cb3c3e,5,5;9;0,143.606293;177.745285;110.000000,sparse-hashed-13edo-gradual-drones-v14,short,55c0f84e3d0ce6ec,4.533289;5.143387;7.421816,1.604682;1.846710;3.120625,soft_drone;late_bloom;late_bloom,inharmonic_fm,detune_cents=43.636;feedback=0.414;crossfeedback_percent=8.000;index=6.844->3.262;clean_percent=45.000;raw_fm_percent=40.000;parallel_ruin_percent=15.000;phase_drift_radians=0.080;drive=2.913;folds=2,2,0.96006405,-10.71295,-11.920244,10.420244,-1.5,-1.5000007,wav/18_marching_band__35_flooded_mine.wav,2,288000,6.0,1727999,35.99997916666667,0.6331703,0.09776292,-20.196516,2.1182323e-9,0,0,0.6331703,-20.184305,2.085753e-9,0.6267928,-20.208763,2.1507114e-9,0.13782425,-17.213488
18-36,short_additive_synth,marching_band,cappuccino_process,6ee897694d33cb46,c9cb796a64de33e2,1,1;5;9,116.024269;143.606293;177.745285,sparse-hashed-13edo-gradual-drones-v14,short,4007b4a31ee9dcaa,6.176394;5.702790;6.992140,2.342607;2.100579;2.826663,late_bloom;broad_swell;soft_drone,inharmonic_fm,detune_cents=44.760;feedback=0.521;crossfeedback_percent=8.000;index=8.831->3.088;clean_percent=45.000;raw_fm_percent=40.000;parallel_ruin_percent=15.000;phase_drift_radians=0.080;drive=3.091;folds=3,3,0.94182205,-8.971334,-6.1463113,4.6463113,-1.5,-1.5000007,wav/18_marching_band__36_cappuccino_process.wav,2,288000,6.0,1727999,35.99997916666667,0.8591559,0.094012074,-20.536327,-3.2311764e-9,0,0,0.8591559,-20.552345,-1.8309834e-9,0.7035353,-20.520367,-4.6313695e-9,0.13209872,-17.582027
18-37,short_additive_synth,marching_band,tennis_match,6ee897694d33cb46,09cb934e68f8f084,3,3;7;11,129.080658;159.766510;197.747208,sparse-hashed-13edo-gradual-drones-v14,short,102f2c8c2602ef68,6.282130;6.699335;7.079951,2.400341;2.642369;2.884398,breathing_drone;soft_drone;broad_swell,inharmonic_fm,detune_cents=31.207;feedback=0.496;crossfeedback_percent=8.000;index=6.655->3.375;clean_percent=45.000;raw_fm_percent=40.000;parallel_ruin_percent=15.000;phase_drift_radians=0.080;drive=3.182;folds=2,2,0.9533643,-10.0001,-12.522031,11.022031,-1.5,-1.5000007,wav/18_marching_band__37_tennis_match.wav,2,288000,6.0,1727999,35.99997916666667,0.6241378,0.09729413,-20.238268,-2.8302767e-9,0,0,0.6241378,-20.189705,5.4382215e-10,0.6220317,-20.287378,-6.2043757e-9,0.13848734,-17.171799
18-38,short_additive_synth,marching_band,chainsaw_cycle,6ee897694d33cb46,5c7feb9d452f2bef,12,12;3;7,208.577057;129.080658;159.766510,sparse-hashed-13edo-gradual-drones-v14,short,ce4f9dc829b5e774,6.237493;5.770873;7.042837,2.375797;2.133768;2.859853,late_bloom;broad_swell;soft_drone,modal_noise_resonator,detune_cents=51.020;mode_disorder_percent=5.290;resonated_noise_percent=17.060;clean_percent=60.000;parallel_ruin_percent=22.940;drive=5.131;folds=2,3,0.9441611,-9.191325,-5.151145,3.651145,-1.5,-1.4999995,wav/18_marching_band__38_chainsaw_cycle.wav,2,288000,6.0,1727999,35.99997916666667,0.7411263,0.09584321,-20.368774,-2.8478186e-9,0,0,0.6555811,-20.301033,-2.7558742e-9,0.7411263,-20.437586,-2.939763e-9,0.14261717,-16.916563
18-39,short_additive_synth,marching_band,near_foghorn,6ee897694d33cb46,1d6af12c6225ab62,8,8;12;3,168.516296;208.577057;129.080658,sparse-hashed-13edo-gradual-drones-v14,short,5e4bebeb61de27e9,6.682958;7.064950;7.416044,2.632424;2.874452;3.116480,broad_swell;breathing_drone;soft_drone,inharmonic_fm,detune_cents=47.240;feedback=0.370;crossfeedback_percent=8.000;index=6.841->3.154;clean_percent=45.000;raw_fm_percent=40.000;parallel_ruin_percent=15.000;phase_drift_radians=0.080;drive=3.147;folds=2,2,0.9805323,-13.970706,-0.6791311,0.0,-1.5,-0.6791311,wav/18_marching_band__39_near_foghorn.wav,2,288000,6.0,1727999,35.99997916666667,0.69354606,0.09543136,-20.406178,4.807647e-9,0,0,0.62265694,-20.276583,3.0994647e-9,0.69354606,-20.53976,6.5158297e-9,0.1404769,-17.047903
18-40,short_additive_synth,marching_band,barcelona_gate_pa,6ee897694d33cb46,e28efd5cee017776,11,11;2;6,197.747208;122.378456;151.471039,sparse-hashed-13edo-gradual-drones-v14,short,c72b9e69f464c63d,4.913476;5.475601;5.973236,1.751490;1.993518;2.235546,breathing_drone;soft_drone;broad_swell,modal_noise_resonator,detune_cents=48.477;mode_disorder_percent=5.717;resonated_noise_percent=13.922;clean_percent=60.000;parallel_ruin_percent=26.078;drive=4.096;folds=1,2,0.9514848,-9.798586,-5.6428285,4.1428285,-1.5,-1.5000007,wav/18_marching_band__40_barcelona_gate_pa.wav,2,288000,6.0,1727999,35.99997916666667,0.5337423,0.097948365,-20.180056,2.933051e-9,0,0,0.5337423,-20.186451,4.004995e-9,0.51750576,-20.173672,1.8611067e-9,0.13763511,-17.225416
18-41,short_additive_synth,marching_band,delhi_subway_cycle,6ee897694d33cb46,3187a582eafedd91,12,12;3;7,208.577057;129.080658;159.766510,sparse-hashed-13edo-gradual-drones-v14,short,ea8acb9287bfdf24,5.257104;5.778932;7.809041,1.895703;2.137732;3.411647,breathing_drone;soft_drone;broad_swell,modal_noise_resonator,detune_cents=40.341;mode_disorder_percent=5.312;resonated_noise_percent=13.468;clean_percent=60.000;parallel_ruin_percent=26.532;drive=4.623;folds=1,2,0.98090965,-14.075084,-12.487858,10.987858,-1.5,-1.4999995,wav/18_marching_band__41_delhi_subway_cycle.wav,2,288000,6.0,1727999,35.99997916666667,0.5384657,0.098161526,-20.161173,1.4379997e-10,0,0,0.5106778,-20.16557,-1.3519967e-9,0.5384657,-20.156782,1.6395967e-9,0.13951914,-17.107325
18-42,short_additive_synth,marching_band,hockey_goal,6ee897694d33cb46,7338d14d9c7d0103,4,4;8;12,136.149902;168.516296;208.577057,sparse-hashed-13edo-gradual-drones-v14,short,f2eae534703f67fb,7.266175;7.601971;7.913656,3.010770;3.252798;3.494826,soft_drone;broad_swell;late_bloom,modal_noise_resonator,detune_cents=53.739;mode_disorder_percent=5.884;resonated_noise_percent=13.000;clean_percent=60.000;parallel_ruin_percent=27.000;drive=3.935;folds=1,2,0.9804308,-13.949515,-19.364462,17.864462,-1.5,-1.5,wav/18_marching_band__42_hockey_goal.wav,2,288000,6.0,1727999,35.99997916666667,0.666377,0.09756214,-20.214375,-1.0479005e-9,0,0,0.62777084,-20.206596,3.5496855e-10,0.666377,-20.222164,-2.4507696e-9,0.13696821,-17.267605
18-43,short_additive_synth,marching_band,ambulance_siren,6ee897694d33cb46,f8af2f1a4cb0c701,1,1;5;9,116.024269;143.606293;177.745285,sparse-hashed-13edo-gradual-drones-v14,short,c2f2a59f8b4efcfe,6.816532;6.410970;7.529138,2.714646;2.472618;3.198702,broad_swell;breathing_drone;breathing_drone,modal_noise_resonator,detune_cents=46.055;mode_disorder_percent=3.128;resonated_noise_percent=13.108;clean_percent=60.000;parallel_ruin_percent=26.892;drive=4.980;folds=2,3,0.94340354,-9.071998,-5.4495773,3.9495773,-1.5,-1.5,wav/18_marching_band__43_ambulance_siren.wav,2,288000,6.0,1727999,35.99997916666667,0.48895162,0.09848119,-20.132935,-5.406416e-10,0,0,0.48895162,-20.139568,-1.6872395e-9,0.44062373,-20.126312,6.059563e-10,0.13954918,-17.105453
18-44,short_additive_synth,marching_band,woodshop_process,6ee897694d33cb46,8e1e1d890ae5881a,10,10;1;5,187.479691;116.024269;143.606293,sparse-hashed-13edo-gradual-drones-v14,short,30787157c296792a,4.880551;7.915404;5.947462,1.738262;3.496233;2.222318,soft_drone;breathing_drone;late_bloom,inharmonic_fm,detune_cents=40.469;feedback=0.452;crossfeedback_percent=8.000;index=8.158->3.231;clean_percent=45.000;raw_fm_percent=40.000;parallel_ruin_percent=15.000;phase_drift_radians=0.080;drive=2.774;folds=3,3,0.94071937,-8.886595,-13.959541,12.459541,-1.5,-1.5,wav/18_marching_band__44_woodshop_process.wav,2,288000,6.0,1727999,35.99997916666667,0.762542,0.09576743,-20.375643,-5.97233e-9,0,0,0.762542,-20.430824,-1.1415878e-8,0.74808097,-20.321156,-5.287826e-10,0.13463885,-17.416594
18-45,short_additive_synth,marching_band,tractor_turning_hay,6ee897694d33cb46,241aba059f6c939a,12,12;3;7,208.577057;129.080658;159.766510,sparse-hashed-13edo-gradual-drones-v14,short,1a7e9384daa2a80e,7.487140;7.141981;6.767003,3.167919;2.925890;2.683862,broad_swell;soft_drone;breathing_drone,inharmonic_fm,detune_cents=47.505;feedback=0.414;crossfeedback_percent=8.000;index=7.280->3.227;clean_percent=45.000;raw_fm_percent=40.000;parallel_ruin_percent=15.000;phase_drift_radians=0.080;drive=2.979;folds=3,3,0.9458564,-9.301371,-11.166323,9.666323,-1.5,-1.4999987,wav/18_marching_band__45_tractor_turning_hay.wav,2,288000,6.0,1727999,35.99997916666667,0.4920806,0.09828728,-20.150053,-1.5774471e-9,0,0,0.48193187,-20.152561,8.550107e-9,0.4920806,-20.147549,-1.1705001e-8,0.14144662,-16.988148
18-46,short_additive_synth,marching_band,hail_thunder,6ee897694d33cb46,8ca435fa8014940b,5,5;9;0,143.606293;177.745285;110.000000,sparse-hashed-13edo-gradual-drones-v14,short,c89d096753925fba,7.828240;7.510133;5.291595,3.426763;3.184735;1.910819,soft_drone;breathing_drone;late_bloom,inharmonic_fm,detune_cents=30.229;feedback=0.459;crossfeedback_percent=8.000;index=7.939->3.898;clean_percent=45.000;raw_fm_percent=40.000;parallel_ruin_percent=15.000;phase_drift_radians=0.080;drive=2.474;folds=3,3,0.946007,-9.297622,-5.9821873,4.4821873,-1.5,-1.5000007,wav/18_marching_band__46_hail_thunder.wav,2,288000,6.0,1727999,35.99997916666667,0.5982871,0.09761392,-20.209766,5.9942487e-9,0,0,0.5982871,-20.195406,4.8653104e-9,0.5975978,-20.22417,7.1231865e-9,0.13525811,-17.376734
18-47,short_additive_synth,marching_band,marielle_protest,6ee897694d33cb46,b99f4919a8dffbad,3,3;7;11,129.080658;159.766510;197.747208,sparse-hashed-13edo-gradual-drones-v14,short,9170fcaeee8e100c,6.151571;5.675097;6.971578,2.329255;2.087227;2.813312,late_bloom;broad_swell;soft_drone,saturated_saw_cluster,detune_cents=79.715;drift_cents=19.632;drive=7.497;folds=4;alias_percent=79.262;bits=6;hard_sync_percent=59.650;sample_hold_frames=4,3,0.94266826,-9.028667,-8.794099,7.294099,-1.5,-1.4999995,wav/18_marching_band__47_marielle_protest.wav,2,288000,6.0,1727999,35.99997916666667,0.5838688,0.098053835,-20.170708,3.6919545e-10,0,0,0.53782403,-20.162794,1.6867879e-9,0.5838688,-20.178635,-9.48397e-10,0.13990235,-17.0835
18-48,short_additive_synth,marching_band,hair_salon_tools,6ee897694d33cb46,91febc7e6d506cc8,2,2;6;10,122.378456;151.471039;187.479691,sparse-hashed-13edo-gradual-drones-v14,short,bd188d634cc87067,4.499511;5.114051;7.404480,1.592250;1.834278;3.108193,soft_drone;broad_swell;late_bloom,modal_noise_resonator,detune_cents=42.699;mode_disorder_percent=4.725;resonated_noise_percent=14.727;clean_percent=60.000;parallel_ruin_percent=25.273;drive=4.430;folds=1,2,0.95927656,-10.628704,-10.048515,8.548515,-1.5,-1.5000007,wav/18_marching_band__48_hair_salon_tools.wav,2,288000,6.0,1727999,35.99997916666667,0.6116663,0.09805544,-20.170567,-3.069276e-9,0,0,0.6116663,-20.172398,-2.2471975e-9,0.565025,-20.168736,-3.8913543e-9,0.13820896,-17.189276
19-25,short_additive_synth,big_band_warmup,thunder_mountain,da93df71a7e97560,4e2a8e922a968e95,9,9;0;4,177.745285;110.000000;136.149902,sparse-hashed-13edo-gradual-drones-v14,short,afce983df1c89ebf,7.299390;7.632723;6.544509,3.033885;3.275913;2.549828,late_bloom;breathing_drone;soft_drone,modal_noise_resonator,detune_cents=50.519;mode_disorder_percent=5.538;resonated_noise_percent=17.894;clean_percent=60.000;parallel_ruin_percent=22.106;drive=4.615;folds=1,2,0.96477455,-11.3054285,-8.582029,7.0820293,-1.5,-1.5000007,wav/19_big_band_warmup__25_thunder_mountain.wav,2,288000,6.0,1727999,35.99997916666667,0.546091,0.098151386,-20.162071,-4.7422217e-9,0,0,0.546091,-20.175102,-8.691972e-9,0.48838958,-20.149078,-7.924715e-10,0.14275636,-16.90809
19-26,short_additive_synth,big_band_warmup,inside_car_wash,da93df71a7e97560,903a06c594b2e6cb,5,5;9;0,143.606293;177.745285;110.000000,sparse-hashed-13edo-gradual-drones-v14,short,c154d78033814341,5.326623;5.840635;6.300200,1.926293;2.168321;2.410349,soft_drone;broad_swell;late_bloom,saturated_saw_cluster,detune_cents=72.324;drift_cents=13.370;drive=7.034;folds=3;alias_percent=68.869;bits=5;hard_sync_percent=45.617;sample_hold_frames=2,2,0.9651608,-11.355895,-14.872527,13.372527,-1.5,-1.4999995,wav/19_big_band_warmup__26_inside_car_wash.wav,2,288000,6.0,1727999,35.99997916666667,0.7478393,0.09703492,-20.26144,-3.192012e-9,0,0,0.6406091,-20.224983,-1.4715557e-9,0.7478393,-20.298203,-4.912468e-9,0.13944146,-17.112162
19-27,short_additive_synth,big_band_warmup,peru_new_year_fireworks,da93df71a7e97560,83317dd5c74822ca,1,1;5;9,116.024269;143.606293;177.745285,sparse-hashed-13edo-gradual-drones-v14,short,0bd841401b845558,4.476531;5.094110;7.392724,1.583847;1.825875;3.099791,breathing_drone;soft_drone;broad_swell,modal_noise_resonator,detune_cents=47.239;mode_disorder_percent=5.434;resonated_noise_percent=17.682;clean_percent=60.000;parallel_ruin_percent=22.318;drive=4.044;folds=1,2,0.9666531,-11.530449,-11.372437,9.872437,-1.5,-1.5000007,wav/19_big_band_warmup__27_peru_new_year_fireworks.wav,2,288000,6.0,1727999,35.99997916666667,0.6125498,0.09837064,-20.142689,-1.9082826e-9,0,0,0.6125498,-20.144176,-3.020428e-9,0.48370543,-20.141203,-7.9613743e-10,0.1400954,-17.071522
19-28,short_additive_synth,big_band_warmup,efteling_steam_train,da93df71a7e97560,9a412959184abdf9,1,1;5;9,116.024269;143.606293;177.745285,sparse-hashed-13edo-gradual-drones-v14,short,a0b2cd2e0b842b4d,7.128482;7.474674;7.795295,2.916810;3.158838;3.400866,soft_drone;broad_swell;late_bloom,saturated_saw_cluster,detune_cents=59.515;drift_cents=16.216;drive=7.907;folds=3;alias_percent=72.734;bits=6;hard_sync_percent=69.514;sample_hold_frames=2,2,0.9637983,-11.15651,-13.869364,12.369364,-1.5,-1.5000012,wav/19_big_band_warmup__28_efteling_steam_train.wav,2,288000,6.0,1727999,35.99997916666667,0.6674191,0.097890295,-20.185207,-6.795102e-10,0,0,0.5807286,-20.187807,1.0035142e-9,0.6674191,-20.18261,-2.3625346e-9,0.14234011,-16.933455
19-29,short_additive_synth,big_band_warmup,helicopter_takeoff,da93df71a7e97560,4534148b4903c233,6,6;10;1,151.471039;187.479691;116.024269,sparse-hashed-13edo-gradual-drones-v14,short,83381fe5286535df,7.385818;7.712823;6.647151,3.094865;3.336893;2.610809,broad_swell;late_bloom;breathing_drone,modal_noise_resonator,detune_cents=46.754;mode_disorder_percent=3.238;resonated_noise_percent=14.726;clean_percent=60.000;parallel_ruin_percent=25.274;drive=4.256;folds=1,2,0.96126556,-10.859191,-6.1851983,4.6851983,-1.5,-1.5000007,wav/19_big_band_warmup__29_helicopter_takeoff.wav,2,288000,6.0,1727999,35.99997916666667,0.57737833,0.09819278,-20.158407,1.8856083e-9,0,0,0.48846486,-20.148163,6.679879e-10,0.57737833,-20.168678,3.1032288e-9,0.14208807,-16.948849
19-30,short_additive_synth,big_band_warmup,scuba_bubbles,da93df71a7e97560,d2eaf6d35c117589,1,1;5;9,116.024269;143.606293;177.745285,sparse-hashed-13edo-gradual-drones-v14,short,e7767ca98b4fbef6,6.705170;7.085298;5.827688,2.645922;2.887950;2.161866,broad_swell;late_bloom;breathing_drone,inharmonic_fm,detune_cents=37.326;feedback=0.485;crossfeedback_percent=8.000;index=8.126->3.103;clean_percent=45.000;raw_fm_percent=40.000;parallel_ruin_percent=15.000;phase_drift_radians=0.080;drive=2.539;folds=2,2,0.96153915,-10.884419,-15.8234415,14.3234415,-1.5,-1.4999995,wav/19_big_band_warmup__30_scuba_bubbles.wav,2,288000,6.0,1727999,35.99997916666667,0.5153564,0.09840912,-20.139294,-1.7846971e-10,0,0,0.49064538,-20.13927,5.5224314e-10,0.5153564,-20.139315,-9.0918256e-10,0.13949779,-17.108654
19-31,short_additive_synth,big_band_warmup,building_demolition,da93df71a7e97560,d502a0866ac3b927,3,3;7;11,129.080658;159.766510;197.747208,sparse-hashed-13edo-gradual-drones-v14,short,64019ded720b4a87,5.916062;5.411434;4.840366,2.206308;1.964280;1.722252,soft_drone;breathing_drone;late_bloom,modal_noise_resonator,detune_cents=46.523;mode_disorder_percent=3.846;resonated_noise_percent=17.714;clean_percent=60.000;parallel_ruin_percent=22.286;drive=4.261;folds=2,3,0.9368443,-8.573514,-5.568018,4.068018,-1.5,-1.5,wav/19_big_band_warmup__31_building_demolition.wav,2,288000,6.0,1727999,35.99997916666667,0.4909045,0.09846475,-20.134384,5.6218523e-9,0,0,0.4909045,-20.142208,2.3248847e-9,0.4530481,-20.126575,8.9188195e-9,0.13874856,-17.15543
19-32,short_additive_synth,big_band_warmup,finnish_blacksmith,da93df71a7e97560,8828c2d1c0ff4488,2,2;6;10,122.378456;151.471039;187.479691,sparse-hashed-13edo-gradual-drones-v14,short,1b800da3bfed6f9f,4.992430;4.359102;7.663970,1.783623;1.541595;3.299567,broad_swell;soft_drone;breathing_drone,saturated_saw_cluster,detune_cents=84.483;drift_cents=22.632;drive=9.967;folds=4;alias_percent=69.659;bits=5;hard_sync_percent=69.595;sample_hold_frames=3,3,0.9369963,-8.567188,-10.534593,9.034593,-1.5,-1.4999995,wav/19_big_band_warmup__32_finnish_blacksmith.wav,2,288000,6.0,1727999,35.99997916666667,0.5252621,0.0984949,-20.131723,-8.067583e-10,0,0,0.50544244,-20.128391,6.0469775e-11,0.5252621,-20.13506,-1.6739864e-9,0.13911627,-17.13244
19-33,short_additive_synth,big_band_warmup,cattle_auction,da93df71a7e97560,63aeff78df8557af,9,9;0;4,177.745285;110.000000;136.149902,sparse-hashed-13edo-gradual-drones-v14,short,782a2af1073c79a8,6.828211;6.423789;5.977805,2.721956;2.479928;2.237899,breathing_drone;late_bloom;broad_swell,saturated_saw_cluster,detune_cents=73.128;drift_cents=21.013;drive=8.316;folds=4;alias_percent=65.752;bits=5;hard_sync_percent=49.552;sample_hold_frames=4,3,0.9447312,-9.205172,-8.637625,7.1376247,-1.5,-1.5000007,wav/19_big_band_warmup__33_cattle_auction.wav,2,288000,6.0,1727999,35.99997916666667,0.49522862,0.09816497,-20.16087,-5.22797e-10,0,0,0.49522862,-20.165548,-7.3387635e-10,0.46532047,-20.156195,-3.1171757e-10,0.1398514,-17.086662
19-34,short_additive_synth,big_band_warmup,ferry_alarm,da93df71a7e97560,63fa0671c3c8b3fd,1,1;5;9,116.024269;143.606293;177.745285,sparse-hashed-13edo-gradual-drones-v14,short,7735ce62342eb476,6.024357;6.465820;4.978619,2.262016;2.504044;1.777960,soft_drone;broad_swell;broad_swell,modal_noise_resonator,detune_cents=43.955;mode_disorder_percent=4.736;resonated_noise_percent=11.739;clean_percent=60.000;parallel_ruin_percent=28.261;drive=4.835;folds=1,2,0.96475524,-11.303402,-7.4064016,5.9064016,-1.5,-1.5,wav/19_big_band_warmup__34_ferry_alarm.wav,2,288000,6.0,1727999,35.99997916666667,0.66542417,0.09751762,-20.218338,-1.2246999e-10,0,0,0.57670665,-20.190742,-3.5013545e-10,0.66542417,-20.246109,1.0519547e-10,0.13635747,-17.306421
19-35,short_additive_synth,big_band_warmup,flooded_mine,da93df71a7e97560,5ef5719090cb3c3e,10,10;1;5,187.479691;116.024269;143.606293,sparse-hashed-13edo-gradual-drones-v14,short,09a18e43737dd4c2,5.683508;5.149344;6.587728,2.091273;1.849245;2.575329,breathing_drone;late_bloom;broad_swell,inharmonic_fm,detune_cents=41.769;feedback=0.449;crossfeedback_percent=8.000;index=8.617->2.701;clean_percent=45.000;raw_fm_percent=40.000;parallel_ruin_percent=15.000;phase_drift_radians=0.080;drive=2.372;folds=3,3,0.94448084,-9.178062,-15.184624,13.684624,-1.5,-1.5000012,wav/19_big_band_warmup__35_flooded_mine.wav,2,288000,6.0,1727999,35.99997916666667,0.61055803,0.09808228,-20.168188,2.4935685e-9,0,0,0.5198599,-20.158365,3.2752179e-9,0.61055803,-20.178034,1.7119189e-9,0.1387062,-17.158081
19-36,short_additive_synth,big_band_warmup,cappuccino_process,da93df71a7e97560,c9cb796a64de33e2,6,6;10;1,151.471039;187.479691;116.024269,sparse-hashed-13edo-gradual-drones-v14,short,8fd1db6481527d94,6.127172;5.647861;5.109011,2.316207;2.074178;1.832150,soft_drone;breathing_drone;late_bloom,modal_noise_resonator,detune_cents=44.768;mode_disorder_percent=3.237;resonated_noise_percent=16.452;clean_percent=60.000;parallel_ruin_percent=23.548;drive=4.537;folds=2,3,0.93692404,-8.575062,-8.152037,6.6520367,-1.5,-1.5,wav/19_big_band_warmup__36_cappuccino_process.wav,2,288000,6.0,1727999,35.99997916666667,0.6894241,0.096144244,-20.341534,-6.1752443e-9,0,0,0.6453834,-20.297878,-7.7493345e-9,0.6894241,-20.385635,-4.6011546e-9,0.1360202,-17.327932
19-37,short_additive_synth,big_band_warmup,tennis_match,da93df71a7e97560,09cb934e68f8f084,5,5;9;0,143.606293;177.745285;110.000000,sparse-hashed-13edo-gradual-drones-v14,short,b324b0bd0fc5da2e,5.379722;5.887839;7.877602,1.949989;2.192017;3.465933,late_bloom;breathing_drone;soft_drone,inharmonic_fm,detune_cents=47.644;feedback=0.374;crossfeedback_percent=8.000;index=6.278->2.874;clean_percent=45.000;raw_fm_percent=40.000;parallel_ruin_percent=15.000;phase_drift_radians=0.080;drive=2.488;folds=2,2,0.9619019,-10.932244,-11.534524,10.034524,-1.5,-1.5,wav/19_big_band_warmup__37_tennis_match.wav,2,288000,6.0,1727999,35.99997916666667,0.64675754,0.09770504,-20.201662,1.09209954e-10,0,0,0.55621076,-20.163649,9.607212e-11,0.64675754,-20.240011,1.2234778e-10,0.13849127,-17.171553
19-38,short_additive_synth,big_band_warmup,chainsaw_cycle,da93df71a7e97560,5c7feb9d452f2bef,8,8;12;3,168.516296;208.577057;129.080658,sparse-hashed-13edo-gradual-drones-v14,short,bb299e11559a12fe,7.904977;4.859554;5.428262,3.487850;1.729878;1.971906,late_bloom;breathing_drone;soft_drone,inharmonic_fm,detune_cents=37.632;feedback=0.462;crossfeedback_percent=8.000;index=8.605->2.650;clean_percent=45.000;raw_fm_percent=40.000;parallel_ruin_percent=15.000;phase_drift_radians=0.080;drive=2.648;folds=2,2,0.9652789,-11.361357,-15.26775,13.76775,-1.5,-1.5,wav/19_big_band_warmup__38_chainsaw_cycle.wav,2,288000,6.0,1727999,35.99997916666667,0.6855972,0.09711749,-20.254051,5.066642e-9,0,0,0.6208077,-20.229095,4.934184e-9,0.6855972,-20.27915,5.1991e-9,0.13790946,-17.208118
19-39,short_additive_synth,big_band_warmup,near_foghorn,da93df71a7e97560,1d6af12c6225ab62,11,11;2;6,197.747208;122.378456;151.471039,sparse-hashed-13edo-gradual-drones-v14,short,17c2f70ec68fe987,6.504869;6.067563;7.266099,2.526660;2.284632;3.010717,broad_swell;soft_drone;breathing_drone,inharmonic_fm,detune_cents=32.833;feedback=0.376;crossfeedback_percent=8.000;index=6.844->2.887;clean_percent=45.000;raw_fm_percent=40.000;parallel_ruin_percent=15.000;phase_drift_radians=0.080;drive=2.614;folds=3,3,0.94450253,-9.191249,-11.012521,9.512521,-1.5,-1.4999995,wav/19_big_band_warmup__39_near_foghorn.wav,2,288000,6.0,1727999,35.99997916666667,0.57898766,0.09748635,-20.221123,7.7659095e-8,0,0,0.4729305,-20.17253,4.2644828e-8,0.57898766,-20.27027,1.12673355e-7,0.12861039,-17.81448
19-40,short_additive_synth,big_band_warmup,barcelona_gate_pa,da93df71a7e97560,e28efd5cee017776,8,8;12;3,168.516296;208.577057;129.080658,sparse-hashed-13edo-gradual-drones-v14,short,215aec76e2ddac7b,7.444435;7.095724;6.716550,3.136920;2.894892;2.652864,soft_drone;breathing_drone;late_bloom,saturated_saw_cluster,detune_cents=73.579;drift_cents=17.573;drive=8.702;folds=4;alias_percent=79.656;bits=6;hard_sync_percent=52.654;sample_hold_frames=2,3,0.93829876,-8.664072,-19.194492,17.694492,-1.5,-1.5000012,wav/19_big_band_warmup__40_barcelona_gate_pa.wav,2,288000,6.0,1727999,35.99997916666667,0.5380897,0.097925305,-20.182102,9.337704e-10,0,0,0.5380897,-20.16659,-3.7700143e-10,0.4933879,-20.197668,2.2445423e-9,0.13995565,-17.08019
19-41,short_additive_synth,big_band_warmup,delhi_subway_cycle,da93df71a7e97560,3187a582eafedd91,10,10;1;5,187.479691;116.024269;143.606293,sparse-hashed-13edo-gradual-drones-v14,short,09a471a1507e80ee,7.152609;6.778588;7.815997,2.933060;2.691032;3.417116,soft_drone;breathing_drone;late_bloom,saturated_saw_cluster,detune_cents=75.284;drift_cents=23.505;drive=8.939;folds=4;alias_percent=76.634;bits=6;hard_sync_percent=67.452;sample_hold_frames=4,3,0.9437245,-9.106959,-13.993176,12.493176,-1.5,-1.4999995,wav/19_big_band_warmup__41_delhi_subway_cycle.wav,2,288000,6.0,1727999,35.99997916666667,0.5947553,0.097954415,-20.17952,1.2451864e-9,0,0,0.5947553,-20.17632,1.549147e-9,0.53121006,-20.182722,9.412257e-10,0.13934132,-17.1184
19-42,short_additive_synth,big_band_warmup,hockey_goal,da93df71a7e97560,7338d14d9c7d0103,8,8;12;3,168.516296;208.577057;129.080658,sparse-hashed-13edo-gradual-drones-v14,short,0662e13d328f6e15,6.006442;6.449640;4.955815,2.252705;2.494733;1.768648,broad_swell;late_bloom;breathing_drone,inharmonic_fm,detune_cents=44.644;feedback=0.508;crossfeedback_percent=8.000;index=7.485->3.591;clean_percent=45.000;raw_fm_percent=40.000;parallel_ruin_percent=15.000;phase_drift_radians=0.080;drive=2.827;folds=2,2,0.96359104,-11.139915,-17.443573,15.943573,-1.5,-1.5000024,wav/19_big_band_warmup__42_hockey_goal.wav,2,288000,6.0,1727999,35.99997916666667,0.5855304,0.09805991,-20.170172,-1.0067317e-9,0,0,0.58483785,-20.1705,2.8621236e-10,0.5855304,-20.16984,-2.2996758e-9,0.13903032,-17.13781
19-43,short_additive_synth,big_band_warmup,ambulance_siren,da93df71a7e97560,f8af2f1a4cb0c701,3,3;7;11,129.080658;159.766510;197.747208,sparse-hashed-13edo-gradual-drones-v14,short,ad032060dc31fa34,6.549152;6.116511;5.635954,2.552556;2.310528;2.068499,late_bloom;broad_swell;soft_drone,modal_noise_resonator,detune_cents=52.467;mode_disorder_percent=4.288;resonated_noise_percent=17.976;clean_percent=60.000;parallel_ruin_percent=22.024;drive=4.804;folds=2,3,0.93702275,-8.56785,-5.369707,3.869707,-1.5,-1.5000007,wav/19_big_band_warmup__43_ambulance_siren.wav,2,288000,6.0,1727999,35.99997916666667,0.5322395,0.0985209,-20.129433,2.8430873e-9,0,0,0.5322395,-20.13692,3.8473e-9,0.49500555,-20.121956,1.8388747e-9,0.14216456,-16.944174
19-44,short_additive_synth,big_band_warmup,woodshop_process,da93df71a7e97560,8e1e1d890ae5881a,11,11;2;6,197.747208;122.378456;151.471039,sparse-hashed-13edo-gradual-drones-v14,short,93568a49e81849a8,7.288176;6.926143;6.531163,3.026061;2.784033;2.542005,breathing_drone;late_bloom;broad_swell,inharmonic_fm,detune_cents=47.788;feedback=0.379;crossfeedback_percent=8.000;index=6.230->3.873;clean_percent=45.000;raw_fm_percent=40.000;parallel_ruin_percent=15.000;phase_drift_radians=0.080;drive=3.132;folds=3,3,0.9368256,-8.570698,-12.260237,10.760237,-1.5,-1.4999995,wav/19_big_band_warmup__44_woodshop_process.wav,2,288000,6.0,1727999,35.99997916666667,0.6663839,0.097028345,-20.262028,-2.2127686e-9,0,0,0.6577241,-20.263618,-3.9919974e-9,0.6663839,-20.260437,-4.3353968e-10,0.13695785,-17.268261
19-45,short_additive_synth,big_band_warmup,tractor_turning_hay,da93df71a7e97560,241aba059f6c939a,12,12;3;7,208.577057;129.080658;159.766510,sparse-hashed-13edo-gradual-drones-v14,short,8b1b86eec32fcf70,5.284383;4.695159;6.266475,1.907648;1.665620;2.391704,broad_swell;soft_drone;breathing_drone,inharmonic_fm,detune_cents=36.059;feedback=0.379;crossfeedback_percent=8.000;index=6.784->2.854;clean_percent=45.000;raw_fm_percent=40.000;parallel_ruin_percent=15.000;phase_drift_radians=0.080;drive=2.427;folds=3,3,0.93379027,-8.336704,-8.801238,7.301238,-1.5,-1.5,wav/19_big_band_warmup__45_tractor_turning_hay.wav,2,288000,6.0,1727999,35.99997916666667,0.5154532,0.09840581,-20.139584,-7.32794e-9,0,0,0.5052493,-20.14023,-2.0699265e-9,0.5154532,-20.13894,-1.2585954e-8,0.14268348,-16.912525
19-46,short_additive_synth,big_band_warmup,hail_thunder,da93df71a7e97560,8ca435fa8014940b,11,11;2;6,197.747208;122.378456;151.471039,sparse-hashed-13edo-gradual-drones-v14,short,5b2e5a63231c4b98,5.560664;6.049170;6.488241,2.032949;2.274977;2.517005,breathing_drone;soft_drone;broad_swell,modal_noise_resonator,detune_cents=50.592;mode_disorder_percent=4.626;resonated_noise_percent=16.246;clean_percent=60.000;parallel_ruin_percent=23.754;drive=3.815;folds=1,2,0.9615093,-10.883708,-6.0385222,4.5385222,-1.5,-1.5,wav/19_big_band_warmup__46_hail_thunder.wav,2,288000,6.0,1727999,35.99997916666667,0.56138736,0.09803552,-20.17233,-4.6260573e-9,0,0,0.56138736,-20.173504,-5.5066125e-9,0.54936236,-20.171156,-3.745502e-9,0.13897961,-17.140978
19-47,short_additive_synth,big_band_warmup,marielle_protest,da93df71a7e97560,b99f4919a8dffbad,0,0;4;8,110.000000;136.149902;168.516296,sparse-hashed-13edo-gradual-drones-v14,short,b5d93ea22ffa8a7a,6.587432;6.158781;7.335493,2.575154;2.333126;3.059210,broad_swell;soft_drone;breathing_drone,saturated_saw_cluster,detune_cents=62.461;drift_cents=20.628;drive=9.500;folds=4;alias_percent=67.098;bits=6;hard_sync_percent=68.300;sample_hold_frames=2,3,0.9445222,-9.190895,-11.015182,9.515182,-1.5,-1.5,wav/19_big_band_warmup__47_marielle_protest.wav,2,288000,6.0,1727999,35.99997916666667,0.60444576,0.09839304,-20.140713,1.8470522e-10,0,0,0.60444576,-20.145622,1.2813417e-10,0.5159621,-20.13581,2.4127628e-10,0.13986526,-17.085802
19-48,short_additive_synth,big_band_warmup,hair_salon_tools,da93df71a7e97560,91febc7e6d506cc8,2,2;6;10,122.378456;151.471039;187.479691,sparse-hashed-13edo-gradual-drones-v14,short,9ddcd10a63b10415,7.620828;7.286546;6.924371,3.266953;3.024925;2.782897,soft_drone;breathing_drone;late_bloom,modal_noise_resonator,detune_cents=41.205;mode_disorder_percent=5.489;resonated_noise_percent=17.229;clean_percent=60.000;parallel_ruin_percent=22.771;drive=4.690;folds=2,3,0.94369936,-9.114835,-12.911916,11.411916,-1.5,-1.5,wav/19_big_band_warmup__48_hair_salon_tools.wav,2,288000,6.0,1727999,35.99997916666667,0.5304634,0.098370634,-20.14269,-3.606225e-9,0,0,0.5304634,-20.14948,-4.9783893e-9,0.49906182,-20.13591,-2.2340607e-9,0.1388357,-17.149977
20-25,short_additive_synth,spanish_guitar_improvisation,thunder_mountain,14f647621ea93575,4e2a8e922a968e95,8,8;12;3,168.516296;208.577057;129.080658,sparse-hashed-13edo-gradual-drones-v14,short,73b41e7329532e47,5.104234;4.488199;6.123394,1.830136;1.588108;2.314192,breathing_drone;late_bloom;broad_swell,modal_noise_resonator,detune_cents=46.416;mode_disorder_percent=5.985;resonated_noise_percent=10.236;clean_percent=60.000;parallel_ruin_percent=29.764;drive=4.666;folds=2,3,0.9323022,-8.2460375,-10.936079,9.436079,-1.5,-1.4999987,wav/20_spanish_guitar_improvisation__25_thunder_mountain.wav,2,288000,6.0,1727999,35.99997916666667,0.5263935,0.09807231,-20.169071,1.8796506e-10,0,0,0.50619686,-20.170477,1.2498509e-9,0.5263935,-20.167667,-8.7392077e-10,0.13563184,-17.352768
20-26,short_additive_synth,spanish_guitar_improvisation,inside_car_wash,14f647621ea93575,903a06c594b2e6cb,7,7;11;2,159.766510;197.747208;122.378456,sparse-hashed-13edo-gradual-drones-v14,short,55435962c7ee91c9,7.888544;4.826355;7.237012,3.474676;1.716704;2.990620,breathing_drone;soft_drone;broad_swell,modal_noise_resonator,detune_cents=48.881;mode_disorder_percent=4.941;resonated_noise_percent=10.663;clean_percent=60.000;parallel_ruin_percent=29.337;drive=5.101;folds=1,2,0.94815284,-9.498177,-8.65261,7.15261,-1.5,-1.5,wav/20_spanish_guitar_improvisation__26_inside_car_wash.wav,2,288000,6.0,1727999,35.99997916666667,0.68784803,0.09707314,-20.258018,5.372554e-9,0,0,0.66126674,-20.273819,7.787043e-10,0.68784803,-20.242275,9.966404e-9,0.13448456,-17.426552
20-27,short_additive_synth,spanish_guitar_improvisation,peru_new_year_fireworks,14f647621ea93575,83317dd5c74822ca,4,4;8;12,136.149902;168.516296;208.577057,sparse-hashed-13edo-gradual-drones-v14,short,44f6597d5e074bf0,7.073049;7.423513;6.273833,2.879817;3.121845;2.395760,late_bloom;breathing_drone;soft_drone,saturated_saw_cluster,detune_cents=80.450;drift_cents=17.756;drive=9.573;folds=3;alias_percent=67.886;bits=7;hard_sync_percent=53.575;sample_hold_frames=4,2,0.9439342,-9.141612,-12.641133,11.141133,-1.5,-1.4999995,wav/20_spanish_guitar_improvisation__27_peru_new_year_fireworks.wav,2,288000,6.0,1727999,35.99997916666667,0.5390695,0.09829801,-20.149105,-3.106158e-9,0,0,0.5302595,-20.153938,-1.4022993e-9,0.5390695,-20.14428,-4.810017e-9,0.13848637,-17.17186
20-28,short_additive_synth,spanish_guitar_improvisation,efteling_steam_train,14f647621ea93575,9a412959184abdf9,7,7;11;2,159.766510;197.747208;122.378456,sparse-hashed-13edo-gradual-drones-v14,short,349aecb1b51c3375,4.984280;5.537869;7.659565,1.780279;2.022307;3.296222,broad_swell;late_bloom;breathing_drone,inharmonic_fm,detune_cents=32.623;feedback=0.373;crossfeedback_percent=8.000;index=7.690->2.776;clean_percent=45.000;raw_fm_percent=40.000;parallel_ruin_percent=15.000;phase_drift_radians=0.080;drive=2.814;folds=2,2,0.94152325,-8.94286,-8.055546,6.555546,-1.5,-1.5,wav/20_spanish_guitar_improvisation__28_efteling_steam_train.wav,2,288000,6.0,1727999,35.99997916666667,0.50785124,0.09833498,-20.145838,-3.9911296e-9,0,0,0.47956482,-20.147383,-2.9197382e-9,0.50785124,-20.144295,-5.062521e-9,0.14053209,-17.044489
20-29,short_additive_synth,spanish_guitar_improvisation,helicopter_takeoff,14f647621ea93575,4534148b4903c233,12,12;3;7,208.577057;129.080658;159.766510,sparse-hashed-13edo-gradual-drones-v14,short,0feed34a6ccdb9f7,5.811301;5.293589;6.691786,2.153724;1.911696;2.637780,soft_drone;breathing_drone;late_bloom,inharmonic_fm,detune_cents=39.135;feedback=0.438;crossfeedback_percent=8.000;index=6.297->3.108;clean_percent=45.000;raw_fm_percent=40.000;parallel_ruin_percent=15.000;phase_drift_radians=0.080;drive=3.082;folds=3,3,0.9398362,-8.811083,-7.5985527,6.0985527,-1.5,-1.4999995,wav/20_spanish_guitar_improvisation__29_helicopter_takeoff.wav,2,288000,6.0,1727999,35.99997916666667,0.57298446,0.09808656,-20.16781,8.039573e-9,0,0,0.57298446,-20.16225,8.139554e-9,0.5483761,-20.173378,7.939591e-9,0.13868566,-17.159369
20-30,short_additive_synth,spanish_guitar_improvisation,scuba_bubbles,14f647621ea93575,d2eaf6d35c117589,12,12;3;7,208.577057;129.080658;159.766510,sparse-hashed-13edo-gradual-drones-v14,short,38f17de48291631e,5.138747;5.674138;6.150711,1.844738;2.086766;2.328794,broad_swell;late_bloom;breathing_drone,inharmonic_fm,detune_cents=40.433;feedback=0.540;crossfeedback_percent=8.000;index=7.650->3.106;clean_percent=45.000;raw_fm_percent=40.000;parallel_ruin_percent=15.000;phase_drift_radians=0.080;drive=3.192;folds=2,2,0.94527423,-9.242875,-15.132102,13.632102,-1.5,-1.5,wav/20_spanish_guitar_improvisation__30_scuba_bubbles.wav,2,288000,6.0,1727999,35.99997916666667,0.59126306,0.09815271,-20.161953,2.1223348e-9,0,0,0.59126306,-20.165478,2.3897913e-9,0.59044135,-20.158434,1.8548783e-9,0.1388895,-17.14661
20-31,short_additive_synth,spanish_guitar_improvisation,building_demolition,14f647621ea93575,d502a0866ac3b927,5,5;9;0,143.606293;177.745285;110.000000,sparse-hashed-13edo-gradual-drones-v14,short,b33e737046c4f6ff,5.772871;5.250268;6.660434,2.134750;1.892722;2.618806,broad_swell;soft_drone;breathing_drone,inharmonic_fm,detune_cents=41.718;feedback=0.351;crossfeedback_percent=8.000;index=8.846->3.144;clean_percent=45.000;raw_fm_percent=40.000;parallel_ruin_percent=15.000;phase_drift_radians=0.080;drive=2.405;folds=3,3,0.93318796,-8.312,-4.9652424,3.4652424,-1.5,-1.5,wav/20_spanish_guitar_improvisation__31_building_demolition.wav,2,288000,6.0,1727999,35.99997916666667,0.52175593,0.09848705,-20.132418,2.601865e-10,0,0,0.52175593,-20.13953,5.3883803e-10,0.44491342,-20.125317,-1.8464993e-11,0.13634941,-17.306934
20-32,short_additive_synth,spanish_guitar_improvisation,finnish_blacksmith,14f647621ea93575,8828c2d1c0ff4488,4,4;8;12,136.149902;168.516296;208.577057,sparse-hashed-13edo-gradual-drones-v14,short,7ede0e75cdeb7457,6.937503;7.298628;6.110381,2.791324;3.033352;2.307268,late_bloom;breathing_drone;soft_drone,inharmonic_fm,detune_cents=42.765;feedback=0.430;crossfeedback_percent=8.000;index=7.792->3.979;clean_percent=45.000;raw_fm_percent=40.000;parallel_ruin_percent=15.000;phase_drift_radians=0.080;drive=3.179;folds=2,2,0.9394847,-8.755136,-7.4494085,5.9494085,-1.5,-1.5000007,wav/20_spanish_guitar_improvisation__32_finnish_blacksmith.wav,2,288000,6.0,1727999,35.99997916666667,0.6139455,0.09828937,-20.14987,7.4196777e-10,0,0,0.6139455,-20.155396,5.1196614e-10,0.49733284,-20.14435,9.719694e-10,0.13597482,-17.33083
20-33,short_additive_synth,spanish_guitar_improvisation,cattle_auction,14f647621ea93575,63aeff78df8557af,2,2;6;10,122.378456;151.471039;187.479691,sparse-hashed-13edo-gradual-drones-v14,short,465692b0246ad4d0,4.632348;5.229590;7.473036,1.641704;1.883732;3.157648,late_bloom;breathing_drone;breathing_drone,saturated_saw_cluster,detune_cents=75.400;drift_cents=14.833;drive=9.119;folds=3;alias_percent=70.780;bits=5;hard_sync_percent=56.147;sample_hold_frames=2,2,0.95943195,-10.635034,-13.92469,12.42469,-1.5,-1.5,wav/20_spanish_guitar_improvisation__33_cattle_auction.wav,2,288000,6.0,1727999,35.99997916666667,0.49965477,0.09809286,-20.167253,-1.4409285e-9,0,0,0.49965477,-20.171516,-8.24943e-9,0.49706334,-20.162994,5.3675726e-9,0.13141271,-17.627253
20-34,short_additive_synth,spanish_guitar_improvisation,ferry_alarm,14f647621ea93575,63fa0671c3c8b3fd,7,7;11;2,159.766510;197.747208;122.378456,sparse-hashed-13edo-gradual-drones-v14,short,92e83238a7a750de,6.832407;7.202013;5.982911,2.724588;2.966616;2.240531,soft_drone;broad_swell;late_bloom,saturated_saw_cluster,detune_cents=77.755;drift_cents=22.874;drive=9.572;folds=3;alias_percent=67.118;bits=6;hard_sync_percent=55.524;sample_hold_frames=4,2,0.9488596,-9.565748,-11.630909,10.130909,-1.5,-1.5,wav/20_spanish_guitar_improvisation__34_ferry_alarm.wav,2,288000,6.0,1727999,35.99997916666667,0.6652218,0.0977674,-20.196117,-3.8007003e-10,0,0,0.65132046,-20.184164,-1.9948103e-9,0.6652218,-20.208107,1.2346703e-9,0.13569632,-17.348639
20-35,short_additive_synth,spanish_guitar_improvisation,flooded_mine,14f647621ea93575,5ef5719090cb3c3e,12,12;3;7,208.577057;129.080658;159.766510,sparse-hashed-13edo-gradual-drones-v14,short,084041245c10744a,7.240240;6.874015;7.891322,2.992843;2.750815;3.476900,broad_swell;soft_drone;breathing_drone,modal_noise_resonator,detune_cents=42.865;mode_disorder_percent=3.072;resonated_noise_percent=11.654;clean_percent=60.000;parallel_ruin_percent=28.346;drive=4.238;folds=2,3,0.93529975,-8.3933325,-12.574923,11.074923,-1.5,-1.5000012,wav/20_spanish_guitar_improvisation__35_flooded_mine.wav,2,288000,6.0,1727999,35.99997916666667,0.6174542,0.09783129,-20.190445,-4.019826e-9,0,0,0.5756292,-20.173138,-3.5134703e-10,0.6174542,-20.207823,-7.688304e-9,0.13636847,-17.305721
20-36,short_additive_synth,spanish_guitar_improvisation,cappuccino_process,14f647621ea93575,c9cb796a64de33e2,6,6;10;1,151.471039;187.479691;116.024269,sparse-hashed-13edo-gradual-drones-v14,short,47b9fc73bd5ff98c,7.633887;4.294460;6.939697,3.276791;1.518819;2.792735,late_bloom;breathing_drone;breathing_drone,saturated_saw_cluster,detune_cents=70.927;drift_cents=14.697;drive=7.528;folds=3;alias_percent=60.590;bits=6;hard_sync_percent=50.445;sample_hold_frames=2,2,0.947572,-9.466019,-10.565724,9.065724,-1.5,-1.4999995,wav/20_spanish_guitar_improvisation__36_cappuccino_process.wav,2,288000,6.0,1727999,35.99997916666667,0.7228563,0.09578675,-20.37389,-1.5137132e-9,0,0,0.7228563,-20.394894,-1.4739562e-8,0.6859235,-20.352991,1.1712135e-8,0.13565078,-17.351553
20-37,short_additive_synth,spanish_guitar_improvisation,tennis_match,14f647621ea93575,09cb934e68f8f084,8,8;12;3,168.516296;208.577057;129.080658,sparse-hashed-13edo-gradual-drones-v14,short,3c5ac4fccfe32d86,7.463758;7.116659;4.614483,3.150908;2.908880;1.634964,late_bloom;broad_swell;soft_drone,inharmonic_fm,detune_cents=38.126;feedback=0.522;crossfeedback_percent=8.000;index=8.156->3.254;clean_percent=45.000;raw_fm_percent=40.000;parallel_ruin_percent=15.000;phase_drift_radians=0.080;drive=2.485;folds=3,3,0.9334204,-8.32246,-8.7905445,7.2905445,-1.5,-1.5,wav/20_spanish_guitar_improvisation__37_tennis_match.wav,2,288000,6.0,1727999,35.99997916666667,0.59026724,0.09794153,-20.180662,-4.2481485e-9,0,0,0.57161057,-20.157776,-7.0787243e-9,0.59026724,-20.203669,-1.4175732e-9,0.13753295,-17.231865
20-38,short_additive_synth,spanish_guitar_improvisation,chainsaw_cycle,14f647621ea93575,5c7feb9d452f2bef,7,7;11;2,159.766510;197.747208;122.378456,sparse-hashed-13edo-gradual-drones-v14,short,2011a9e74c845c96,4.279287;7.626862;7.293061,1.513522;3.271494;3.029466,breathing_drone;broad_swell;soft_drone,saturated_saw_cluster,detune_cents=83.321;drift_cents=18.813;drive=7.096;folds=4;alias_percent=67.475;bits=6;hard_sync_percent=50.315;sample_hold_frames=2,3,0.93741494,-8.578144,-8.94,7.4399996,-1.5,-1.5000007,wav/20_spanish_guitar_improvisation__38_chainsaw_cycle.wav,2,288000,6.0,1727999,35.99997916666667,0.6393489,0.09694341,-20.269634,-3.2917857e-9,0,0,0.61040914,-20.247591,-6.9692336e-9,0.6393489,-20.29179,3.8566225e-10,0.13637163,-17.30552
20-39,short_additive_synth,spanish_guitar_improvisation,near_foghorn,14f647621ea93575,1d6af12c6225ab62,2,2;6;10,122.378456;151.471039;187.479691,sparse-hashed-13edo-gradual-drones-v14,short,ffc554bf0b34441f,4.872029;7.911170;5.940798,1.734854;3.492826;2.218910,late_bloom;broad_swell;soft_drone,modal_noise_resonator,detune_cents=54.708;mode_disorder_percent=3.754;resonated_noise_percent=11.915;clean_percent=60.000;parallel_ruin_percent=28.085;drive=4.123;folds=2,3,0.9418948,-8.927105,-6.744909,5.244909,-1.5,-1.4999995,wav/20_spanish_guitar_improvisation__39_near_foghorn.wav,2,288000,6.0,1727999,35.99997916666667,0.49198636,0.09800647,-20.174904,-8.899607e-9,0,0,0.49198636,-20.174366,-1.3431747e-8,0.49173993,-20.175446,-4.3674677e-9,0.1414018,-16.990902
20-40,short_additive_synth,spanish_guitar_improvisation,barcelona_gate_pa,14f647621ea93575,e28efd5cee017776,8,8;12;3,168.516296;208.577057;129.080658,sparse-hashed-13edo-gradual-drones-v14,short,3999ff4b418f2603,6.301870;5.842493;7.096385,2.411277;2.169249;2.895333,broad_swell;soft_drone;breathing_drone,inharmonic_fm,detune_cents=35.658;feedback=0.532;crossfeedback_percent=8.000;index=8.896->3.290;clean_percent=45.000;raw_fm_percent=40.000;parallel_ruin_percent=15.000;phase_drift_radians=0.080;drive=2.729;folds=3,3,0.9435137,-9.068116,-19.34881,17.84881,-1.5,-1.5000012,wav/20_spanish_guitar_improvisation__40_barcelona_gate_pa.wav,2,288000,6.0,1727999,35.99997916666667,0.5046384,0.0980714,-20.169153,1.087411e-10,0,0,0.5046384,-20.197956,-9.236886e-10,0.46038765,-20.140537,1.1411708e-9,0.1371261,-17.257597
20-41,short_additive_synth,spanish_guitar_improvisation,delhi_subway_cycle,14f647621ea93575,3187a582eafedd91,5,5;9;0,143.606293;177.745285;110.000000,sparse-hashed-13edo-gradual-drones-v14,short,080aca302eac3376,6.444549;6.000803;7.215533,2.491810;2.249781;2.975866,breathing_drone;late_bloom;late_bloom,modal_noise_resonator,detune_cents=40.909;mode_disorder_percent=4.759;resonated_noise_percent=17.790;clean_percent=60.000;parallel_ruin_percent=22.210;drive=5.010;folds=2,3,0.93178326,-8.210269,-2.6950197,1.1950197,-1.5,-1.5,wav/20_spanish_guitar_improvisation__41_delhi_subway_cycle.wav,2,288000,6.0,1727999,35.99997916666667,0.6017156,0.098006345,-20.174915,3.2683813e-9,0,0,0.6017156,-20.168236,4.952354e-9,0.569695,-20.181608,1.5844085e-9,0.13476273,-17.408604
20-42,short_additive_synth,spanish_guitar_improvisation,hockey_goal,14f647621ea93575,7338d14d9c7d0103,4,4;8;12,136.149902;168.516296;208.577057,sparse-hashed-13edo-gradual-drones-v14,short,1e6ea72426e7412d,7.066036;7.417045;7.741794,2.875170;3.117198;3.359227,soft_drone;broad_swell;late_bloom,inharmonic_fm,detune_cents=34.591;feedback=0.544;crossfeedback_percent=8.000;index=8.731->3.901;clean_percent=45.000;raw_fm_percent=40.000;parallel_ruin_percent=15.000;phase_drift_radians=0.080;drive=2.570;folds=2,2,0.94446594,-9.162722,-14.680882,13.180882,-1.5,-1.4999987,wav/20_spanish_guitar_improvisation__42_hockey_goal.wav,2,288000,6.0,1727999,35.99997916666667,0.61706054,0.097915284,-20.182991,-4.9993054e-10,0,0,0.61706054,-20.19941,-6.761344e-10,0.6039328,-20.166634,-3.2372666e-10,0.13831392,-17.182682
20-43,short_additive_synth,spanish_guitar_improvisation,ambulance_siren,14f647621ea93575,f8af2f1a4cb0c701,1,1;5;9,116.024269;143.606293;177.745285,sparse-hashed-13edo-gradual-drones-v14,short,5dc33de8f404a1fc,4.690237;5.280086;7.503230,1.663733;1.905761;3.179677,late_bloom;breathing_drone;soft_drone,saturated_saw_cluster,detune_cents=65.861;drift_cents=15.215;drive=7.692;folds=3;alias_percent=74.016;bits=7;hard_sync_percent=55.648;sample_hold_frames=2,2,0.9384797,-8.65531,-10.9636,9.4636,-1.5,-1.4999995,wav/20_spanish_guitar_improvisation__43_ambulance_siren.wav,2,288000,6.0,1727999,35.99997916666667,0.55172586,0.098444864,-20.136139,-3.8282435e-9,0,0,0.5449324,-20.14153,-3.7424512e-9,0.55172586,-20.130753,-3.9140353e-9,0.13827972,-17.18483
20-44,short_additive_synth,spanish_guitar_improvisation,woodshop_process,14f647621ea93575,8e1e1d890ae5881a,1,1;5;9,116.024269;143.606293;177.745285,sparse-hashed-13edo-gradual-drones-v14,short,7b622d209ae20ed0,5.456394;5.956113;6.404220,1.984721;2.226749;2.468777,breathing_drone;soft_drone;broad_swell,modal_noise_resonator,detune_cents=48.250;mode_disorder_percent=4.919;resonated_noise_percent=10.324;clean_percent=60.000;parallel_ruin_percent=29.676;drive=5.187;folds=1,2,0.9431601,-9.035998,-18.475954,16.975954,-1.5,-1.4999995,wav/20_spanish_guitar_improvisation__44_woodshop_process.wav,2,288000,6.0,1727999,35.99997916666667,0.67305666,0.0967489,-20.287079,-1.2942731e-9,0,0,0.62713265,-20.28101,-1.1682287e-9,0.67305666,-20.293158,-1.4203176e-9,0.13744178,-17.237623
20-45,short_additive_synth,spanish_guitar_improvisation,tractor_turning_hay,14f647621ea93575,241aba059f6c939a,9,9;0;4,177.745285;110.000000;136.149902,sparse-hashed-13edo-gradual-drones-v14,short,d549a0fe5b8a2988,7.557588;7.872362;6.850036,3.219725;3.461753;2.735669,breathing_drone;soft_drone;broad_swell,saturated_saw_cluster,detune_cents=72.615;drift_cents=15.871;drive=7.625;folds=3;alias_percent=65.041;bits=6;hard_sync_percent=45.684;sample_hold_frames=3,2,0.9425334,-8.971798,-7.252064,5.752064,-1.5,-1.5000007,wav/20_spanish_guitar_improvisation__45_tractor_turning_hay.wav,2,288000,6.0,1727999,35.99997916666667,0.44963634,0.09838305,-20.141594,-1.491475e-8,0,0,0.44963634,-20.143278,-9.962646e-9,0.43312496,-20.139912,-1.9866857e-8,0.14519556,-16.760933
20-46,short_additive_synth,spanish_guitar_improvisation,hail_thunder,14f647621ea93575,8ca435fa8014940b,9,9;0;4,177.745285;110.000000;136.149902,sparse-hashed-13edo-gradual-drones-v14,short,7c5aba84a6965550,6.388580;5.938771;5.436933,2.459903;2.217875;1.975847,late_bloom;broad_swell;soft_drone,modal_noise_resonator,detune_cents=52.962;mode_disorder_percent=5.619;resonated_noise_percent=11.877;clean_percent=60.000;parallel_ruin_percent=28.123;drive=5.145;folds=2,3,0.93964607,-8.742438,-2.900837,1.400837,-1.5,-1.4999995,wav/20_spanish_guitar_improvisation__46_hail_thunder.wav,2,288000,6.0,1727999,35.99997916666667,0.6361589,0.097948,-20.18009,-6.5913175e-10,0,0,0.6361589,-20.185555,2.155498e-9,0.6215809,-20.17463,-3.4737615e-9,0.13833542,-17.181332
20-47,short_additive_synth,spanish_guitar_improvisation,marielle_protest,14f647621ea93575,b99f4919a8dffbad,0,0;4;8,110.000000;136.149902;168.516296,sparse-hashed-13edo-gradual-drones-v14,short,694c9e869d5c6602,7.611121;4.245192;6.912971,3.259658;1.501686;2.775602,breathing_drone;soft_drone;broad_swell,modal_noise_resonator,detune_cents=38.652;mode_disorder_percent=5.958;resonated_noise_percent=12.265;clean_percent=60.000;parallel_ruin_percent=27.735;drive=4.930;folds=1,2,0.9621039,-10.958573,-17.565542,16.065542,-1.5,-1.5,wav/20_spanish_guitar_improvisation__47_marielle_protest.wav,2,288000,6.0,1727999,35.99997916666667,0.71756643,0.09763765,-20.207653,4.472888e-9,0,0,0.6160093,-20.181786,3.3743472e-9,0.71756643,-20.233679,5.571428e-9,0.13866724,-17.160522
20-48,short_additive_synth,spanish_guitar_improvisation,hair_salon_tools,14f647621ea93575,91febc7e6d506cc8,5,5;9;0,143.606293;177.745285;110.000000,sparse-hashed-13edo-gradual-drones-v14,short,3c0be26771ef961d,6.663478;6.242640;7.399595,2.620642;2.378614;3.104699,soft_drone;breathing_drone;late_bloom,saturated_saw_cluster,detune_cents=60.278;drift_cents=17.933;drive=7.546;folds=4;alias_percent=67.347;bits=6;hard_sync_percent=63.547;sample_hold_frames=3,3,0.9309173,-8.098715,-9.958898,8.458898,-1.5,-1.4999995,wav/20_spanish_guitar_improvisation__48_hair_salon_tools.wav,2,288000,6.0,1727999,35.99997916666667,0.58021706,0.09818881,-20.15876,-5.7620997e-9,0,0,0.58021706,-20.164373,-6.015258e-9,0.5772178,-20.153156,-5.5089413e-9,0.13926716,-17.123026
21-25,short_additive_synth,christe_choir,thunder_mountain,65448562a52199a7,4e2a8e922a968e95,7,7;11;2,159.766510;197.747208;122.378456,sparse-hashed-13edo-gradual-drones-v14,short,15c87bddfb85dd14,4.694569;5.283868;7.505497,1.665394;1.907422;3.181338,broad_swell;late_bloom;breathing_drone,inharmonic_fm,detune_cents=44.898;feedback=0.519;crossfeedback_percent=8.000;index=6.634->2.850;clean_percent=45.000;raw_fm_percent=40.000;parallel_ruin_percent=15.000;phase_drift_radians=0.080;drive=2.575;folds=2,2,0.9327859,-8.265623,-7.1792574,5.6792574,-1.5,-1.4999995,wav/21_christe_choir__25_thunder_mountain.wav,2,288000,6.0,1727999,35.99997916666667,0.5771448,0.0980326,-20.172588,2.1456546e-10,0,0,0.5508168,-20.177048,7.7095513e-10,0.5771448,-20.168135,-3.418242e-10,0.1382864,-17.184412
21-26,short_additive_synth,christe_choir,inside_car_wash,65448562a52199a7,903a06c594b2e6cb,6,6;10;1,151.471039;187.479691;116.024269,sparse-hashed-13edo-gradual-drones-v14,short,544cb66ec8502158,6.591029;6.162751;5.687572,2.577288;2.335259;2.093231,soft_drone;breathing_drone;late_bloom,modal_noise_resonator,detune_cents=51.147;mode_disorder_percent=3.222;resonated_noise_percent=14.970;clean_percent=60.000;parallel_ruin_percent=25.030;drive=4.234;folds=2,3,0.91121995,-6.8915777,-0.10443217,0.0,-1.5,-0.10443217,wav/21_christe_choir__26_inside_car_wash.wav,2,288000,6.0,1727999,35.99997916666667,0.7327892,0.097295664,-20.23813,-3.0497223e-9,0,0,0.63665164,-20.202847,2.0417058e-10,0.7327892,-20.273703,-6.303615e-9,0.13759305,-17.228071
21-27,short_additive_synth,christe_choir,peru_new_year_fireworks,65448562a52199a7,83317dd5c74822ca,5,5;9;0,143.606293;177.745285;110.000000,sparse-hashed-13edo-gradual-drones-v14,short,ace51d0f4b35f879,5.518445;6.011461;4.324114,2.013281;2.255309;1.529225,breathing_drone;soft_drone;soft_drone,modal_noise_resonator,detune_cents=44.713;mode_disorder_percent=3.664;resonated_noise_percent=13.179;clean_percent=60.000;parallel_ruin_percent=26.821;drive=4.656;folds=1,2,0.93954813,-8.762075,-7.721504,6.221504,-1.5,-1.4999995,wav/21_christe_choir__27_peru_new_year_fireworks.wav,2,288000,6.0,1727999,35.99997916666667,0.523658,0.09829856,-20.149057,3.861857e-9,0,0,0.48548916,-20.150124,3.0384435e-9,0.523658,-20.147993,4.6852704e-9,0.13908681,-17.134281
21-28,short_additive_synth,christe_choir,efteling_steam_train,65448562a52199a7,9a412959184abdf9,1,1;5;9,116.024269;143.606293;177.745285,sparse-hashed-13edo-gradual-drones-v14,short,71ac9fb7f850a262,6.693678;6.275902;7.425099,2.638929;2.396901;3.122985,late_bloom;broad_swell;soft_drone,saturated_saw_cluster,detune_cents=59.114;drift_cents=18.257;drive=7.153;folds=4;alias_percent=76.971;bits=7;hard_sync_percent=63.520;sample_hold_frames=2,3,0.9070077,-6.654116,-4.0473046,2.5473046,-1.5,-1.5,wav/21_christe_choir__28_efteling_steam_train.wav,2,288000,6.0,1727999,35.99997916666667,0.6878723,0.09752517,-20.217667,2.460367e-9,0,0,0.67227846,-20.206833,4.662809e-9,0.6878723,-20.228527,2.579253e-10,0.13547356,-17.36291
21-29,short_additive_synth,christe_choir,helicopter_takeoff,65448562a52199a7,4534148b4903c233,3,3;7;11,129.080658;159.766510;197.747208,sparse-hashed-13edo-gradual-drones-v14,short,84177bd176bf339c,7.750734;7.426679;7.076480,3.366149;3.124121;2.882093,late_bloom;broad_swell;soft_drone,modal_noise_resonator,detune_cents=44.111;mode_disorder_percent=4.771;resonated_noise_percent=15.817;clean_percent=60.000;parallel_ruin_percent=24.183;drive=4.439;folds=2,3,0.9102451,-6.851365,1.825024,0.0,-1.5,1.825024,wav/21_christe_choir__29_helicopter_takeoff.wav,2,288000,6.0,1727999,35.99997916666667,0.56748265,0.09812982,-20.163979,-2.588258e-10,0,0,0.5297839,-20.154238,1.2233443e-9,0.56748265,-20.173744,-1.7409959e-9,0.14341727,-16.867971
21-30,short_additive_synth,christe_choir,scuba_bubbles,65448562a52199a7,d2eaf6d35c117589,5,5;9;0,143.606293;177.745285;110.000000,sparse-hashed-13edo-gradual-drones-v14,short,61a1b5c32daecf67,4.474833;7.718424;5.633400,1.583227;3.341199;2.067283,late_bloom;broad_swell;soft_drone,modal_noise_resonator,detune_cents=41.715;mode_disorder_percent=5.796;resonated_noise_percent=16.131;clean_percent=60.000;parallel_ruin_percent=23.869;drive=4.431;folds=2,3,0.9071043,-6.6842923,-11.053122,9.553122,-1.5,-1.4999987,wav/21_christe_choir__30_scuba_bubbles.wav,2,288000,6.0,1727999,35.99997916666667,0.62941104,0.0980867,-20.167797,-7.2532724e-10,0,0,0.5196023,-20.161436,8.126216e-10,0.62941104,-20.17417,-2.263276e-9,0.1350573,-17.389639
21-31,short_additive_synth,christe_choir,building_demolition,65448562a52199a7,d502a0866ac3b927,12,12;3;7,208.577057;129.080658;159.766510,sparse-hashed-13edo-gradual-drones-v14,short,0b68dbac38f1864e,6.080784;5.596026;6.913053,2.291598;2.049569;2.775654,breathing_drone;late_bloom;broad_swell,inharmonic_fm,detune_cents=38.300;feedback=0.532;crossfeedback_percent=8.000;index=6.274->3.167;clean_percent=45.000;raw_fm_percent=40.000;parallel_ruin_percent=15.000;phase_drift_radians=0.080;drive=2.447;folds=3,3,0.90639806,-6.621306,-3.7225695,2.2225695,-1.5,-1.5,wav/21_christe_choir__31_building_demolition.wav,2,288000,6.0,1727999,35.99997916666667,0.51406664,0.09849903,-20.131361,3.2187386e-10,0,0,0.51406664,-20.134758,1.1487777e-9,0.46206003,-20.127966,-5.0503e-10,0.14102435,-17.014118
21-32,short_additive_synth,christe_choir,finnish_blacksmith,65448562a52199a7,8828c2d1c0ff4488,6,6;10;1,151.471039;187.479691;116.024269,sparse-hashed-13edo-gradual-drones-v14,short,f8a1c1afb8e39d7c,7.212203;6.843502;7.867200,2.973585;2.731557;3.457641,soft_drone;breathing_drone;late_bloom,saturated_saw_cluster,detune_cents=59.268;drift_cents=12.267;drive=7.375;folds=4;alias_percent=71.728;bits=5;hard_sync_percent=64.151;sample_hold_frames=3,3,0.90678316,-6.652164,-5.385433,3.8854332,-1.5,-1.5000007,wav/21_christe_choir__32_finnish_blacksmith.wav,2,288000,6.0,1727999,35.99997916666667,0.69417244,0.09814235,-20.16287,-1.4973252e-9,0,0,0.69417244,-20.19253,1.4455383e-10,0.51586026,-20.133411,-3.1392042e-9,0.13938685,-17.115564
21-33,short_additive_synth,christe_choir,cattle_auction,65448562a52199a7,63aeff78df8557af,3,3;7;11,129.080658;159.766510;197.747208,sparse-hashed-13edo-gradual-drones-v14,short,a3157764cb6f81ff,6.644678;6.221923;5.753534,2.609323;2.367295;2.125267,broad_swell;soft_drone;breathing_drone,modal_noise_resonator,detune_cents=43.348;mode_disorder_percent=3.355;resonated_noise_percent=17.316;clean_percent=60.000;parallel_ruin_percent=22.684;drive=3.888;folds=2,3,0.9067269,-6.637111,5.181164,0.0,-1.5,5.181164,wav/21_christe_choir__33_cattle_auction.wav,2,288000,6.0,1727999,35.99997916666667,0.5486389,0.09774774,-20.197866,5.098011e-9,0,0,0.5486389,-20.214111,1.2115287e-8,0.5434667,-20.181679,-1.919266e-9,0.13580588,-17.341629
21-34,short_additive_synth,christe_choir,ferry_alarm,65448562a52199a7,63fa0671c3c8b3fd,4,4;8;12,136.149902;168.516296;208.577057,sparse-hashed-13edo-gradual-drones-v14,short,1423c7e331c153fb,7.523959;7.181830;4.729767,3.194890;2.952862;1.678946,broad_swell;soft_drone;breathing_drone,saturated_saw_cluster,detune_cents=56.481;drift_cents=21.551;drive=9.731;folds=4;alias_percent=71.603;bits=5;hard_sync_percent=61.556;sample_hold_frames=2,3,0.9067543,-6.6734467,-8.372365,6.872365,-1.5,-1.4999995,wav/21_christe_choir__34_ferry_alarm.wav,2,288000,6.0,1727999,35.99997916666667,0.62836295,0.09807755,-20.168608,5.225645e-9,0,0,0.604258,-20.169613,5.185066e-9,0.62836295,-20.1676,5.2662235e-9,0.13729055,-17.247187
21-35,short_additive_synth,christe_choir,flooded_mine,65448562a52199a7,5ef5719090cb3c3e,2,2;6;10,122.378456;151.471039;187.479691,sparse-hashed-13edo-gradual-drones-v14,short,32dff23c2b208595,6.827042;7.197085;5.976385,2.721224;2.963252;2.237167,late_bloom;breathing_drone;soft_drone,modal_noise_resonator,detune_cents=49.532;mode_disorder_percent=4.860;resonated_noise_percent=15.143;clean_percent=60.000;parallel_ruin_percent=24.857;drive=4.501;folds=1,2,0.9279031,-7.9175134,-15.125133,13.625133,-1.5,-1.4999995,wav/21_christe_choir__35_flooded_mine.wav,2,288000,6.0,1727999,35.99997916666667,0.6227158,0.09780954,-20.192375,-1.6763485e-10,0,0,0.6227158,-20.179817,1.5242468e-9,0.6081094,-20.204971,-1.8595165e-9,0.1393484,-17.11796
21-36,short_additive_synth,christe_choir,cappuccino_process,65448562a52199a7,c9cb796a64de33e2,3,3;7;11,129.080658;159.766510;197.747208,sparse-hashed-13edo-gradual-drones-v14,short,5a4c1378bd73581b,7.199209;7.540022;6.425045,2.964701;3.206729;2.480644,breathing_drone;soft_drone;broad_swell,inharmonic_fm,detune_cents=46.501;feedback=0.539;crossfeedback_percent=8.000;index=8.566->2.828;clean_percent=45.000;raw_fm_percent=40.000;parallel_ruin_percent=15.000;phase_drift_radians=0.080;drive=2.764;folds=2,2,0.93088573,-8.106978,-11.648794,10.148794,-1.5,-1.4999995,wav/21_christe_choir__36_cappuccino_process.wav,2,288000,6.0,1727999,35.99997916666667,0.78563094,0.09542741,-20.406536,6.9713426e-9,0,0,0.78563094,-20.462626,2.1248756e-9,0.7197406,-20.351166,1.181781e-8,0.13609922,-17.322887
21-37,short_additive_synth,christe_choir,tennis_match,65448562a52199a7,09cb934e68f8f084,3,3;7;11,129.080658;159.766510;197.747208,sparse-hashed-13edo-gradual-drones-v14,short,c4f230ec14e34f99,7.595377;7.259052;4.864677,3.247863;3.005835;1.731919,late_bloom;broad_swell;soft_drone,saturated_saw_cluster,detune_cents=65.568;drift_cents=16.410;drive=9.495;folds=4;alias_percent=70.198;bits=5;hard_sync_percent=45.661;sample_hold_frames=2,3,0.9079548,-6.7083917,-9.127768,7.6277676,-1.5,-1.5000007,wav/21_christe_choir__37_tennis_match.wav,2,288000,6.0,1727999,35.99997916666667,0.74272776,0.09707918,-20.257477,8.540384e-10,0,0,0.7067065,-20.23734,2.4291626e-9,0.74272776,-20.27771,-7.2108586e-10,0.1369877,-17.266369
21-38,short_additive_synth,christe_choir,chainsaw_cycle,65448562a52199a7,5c7feb9d452f2bef,1,1;5;9,116.024269;143.606293;177.745285,sparse-hashed-13edo-gradual-drones-v14,short,ae08f709d67ecff1,6.873115;7.239412;7.577205,2.750245;2.992273;3.234302,soft_drone;broad_swell;late_bloom,inharmonic_fm,detune_cents=29.606;feedback=0.465;crossfeedback_percent=8.000;index=8.378->3.972;clean_percent=45.000;raw_fm_percent=40.000;parallel_ruin_percent=15.000;phase_drift_radians=0.080;drive=3.018;folds=2,2,0.9405555,-8.854354,-9.670202,8.170202,-1.5,-1.4999995,wav/21_christe_choir__38_chainsaw_cycle.wav,2,288000,6.0,1727999,35.99997916666667,0.65305126,0.09663405,-20.297396,-3.7673322e-9,0,0,0.6448168,-20.259047,-1.6756975e-9,0.65305126,-20.336086,-5.858967e-9,0.13166511,-17.610586
21-39,short_additive_synth,christe_choir,near_foghorn,65448562a52199a7,1d6af12c6225ab62,4,4;8;12,136.149902;168.516296;208.577057,sparse-hashed-13edo-gradual-drones-v14,short,978aaaa5c576e764,6.198308;6.623258;5.198747,2.354457;2.596485;1.870401,broad_swell;late_bloom;breathing_drone,modal_noise_resonator,detune_cents=52.297;mode_disorder_percent=5.735;resonated_noise_percent=16.933;clean_percent=60.000;parallel_ruin_percent=23.067;drive=4.431;folds=1,2,0.92784566,-7.9120884,-15.681795,14.181795,-1.5,-1.5,wav/21_christe_choir__39_near_foghorn.wav,2,288000,6.0,1727999,35.99997916666667,0.59214634,0.09748717,-20.221052,1.38145255e-8,0,0,0.54323304,-20.20112,-2.4575222e-10,0.59214634,-20.241072,2.7874803e-8,0.13119079,-17.641933
21-40,short_additive_synth,christe_choir,barcelona_gate_pa,65448562a52199a7,e28efd5cee017776,10,10;1;5,187.479691;116.024269;143.606293,sparse-hashed-13edo-gradual-drones-v14,short,4cd4f66de3abb8ae,7.538052;7.197077;6.827034,3.205274;2.963246;2.721218,late_bloom;soft_drone;breathing_drone,inharmonic_fm,detune_cents=39.720;feedback=0.487;crossfeedback_percent=8.000;index=8.595->2.730;clean_percent=45.000;raw_fm_percent=40.000;parallel_ruin_percent=15.000;phase_drift_radians=0.080;drive=2.339;folds=3,3,0.90783066,-6.6796966,-15.587506,14.087506,-1.5,-1.5,wav/21_christe_choir__40_barcelona_gate_pa.wav,2,288000,6.0,1727999,35.99997916666667,0.49606144,0.098394856,-20.140553,-6.6341355e-10,0,0,0.49606144,-20.139565,-5.684712e-10,0.47755066,-20.14154,-7.583558e-10,0.14115733,-17.005932
21-41,short_additive_synth,christe_choir,delhi_subway_cycle,65448562a52199a7,3187a582eafedd91,3,3;7;11,129.080658;159.766510;197.747208,sparse-hashed-13edo-gradual-drones-v14,short,ce5e43644dd899e1,5.312509;5.828099;7.839914,1.920043;2.162071;3.435987,broad_swell;late_bloom;breathing_drone,saturated_saw_cluster,detune_cents=77.093;drift_cents=22.536;drive=8.045;folds=3;alias_percent=69.136;bits=7;hard_sync_percent=63.242;sample_hold_frames=4,2,0.9338177,-8.313556,-13.122081,11.622081,-1.5,-1.5,wav/21_christe_choir__41_delhi_subway_cycle.wav,2,288000,6.0,1727999,35.99997916666667,0.57657105,0.09772875,-20.199554,-3.2274154e-9,0,0,0.57657105,-20.205,-2.8433984e-9,0.5524084,-20.194113,-3.6114325e-9,0.1389679,-17.14171
21-42,short_additive_synth,christe_choir,hockey_goal,65448562a52199a7,7338d14d9c7d0103,9,9;0;4,177.745285;110.000000;136.149902,sparse-hashed-13edo-gradual-drones-v14,short,38146393b2f3c2d4,5.462115;4.898122;6.408818,1.987337;1.745309;2.471393,breathing_drone;late_bloom;broad_swell,inharmonic_fm,detune_cents=42.127;feedback=0.508;crossfeedback_percent=8.000;index=7.646->2.776;clean_percent=45.000;raw_fm_percent=40.000;parallel_ruin_percent=15.000;phase_drift_radians=0.080;drive=2.861;folds=3,3,0.9039047,-6.4918985,-14.432903,12.932903,-1.5,-1.5,wav/21_christe_choir__42_hockey_goal.wav,2,288000,6.0,1727999,35.99997916666667,0.6321684,0.09812582,-20.164335,-1.0736335e-9,0,0,0.5903047,-20.163324,-2.2064253e-9,0.6321684,-20.165344,5.91583e-11,0.13983767,-17.087517
21-43,short_additive_synth,christe_choir,ambulance_siren,65448562a52199a7,f8af2f1a4cb0c701,10,10;1;5,187.479691;116.024269;143.606293,sparse-hashed-13edo-gradual-drones-v14,short,c622e673bfc18c51,5.344179;5.856236;7.857640,1.934095;2.176123;3.450039,late_bloom;breathing_drone;soft_drone,inharmonic_fm,detune_cents=38.277;feedback=0.547;crossfeedback_percent=8.000;index=6.724->3.696;clean_percent=45.000;raw_fm_percent=40.000;parallel_ruin_percent=15.000;phase_drift_radians=0.080;drive=2.725;folds=2,2,0.94061106,-8.840239,-7.8492603,6.3492603,-1.5,-1.5000007,wav/21_christe_choir__43_ambulance_siren.wav,2,288000,6.0,1727999,35.99997916666667,0.58280903,0.098292924,-20.149555,4.2197823e-10,0,0,0.58280903,-20.166033,5.7346083e-10,0.55781037,-20.13314,2.704956e-10,0.14173326,-16.970564
21-44,short_additive_synth,christe_choir,woodshop_process,65448562a52199a7,8e1e1d890ae5881a,11,11;2;6,197.747208;122.378456;151.471039,sparse-hashed-13edo-gradual-drones-v14,short,b8bcaacd4f18a81b,6.471900;6.031086;7.238447,2.507552;2.265524;2.991608,late_bloom;broad_swell;soft_drone,saturated_saw_cluster,detune_cents=59.131;drift_cents=19.411;drive=7.719;folds=4;alias_percent=75.432;bits=7;hard_sync_percent=62.173;sample_hold_frames=4,3,0.90399075,-6.508125,-10.978013,9.478013,-1.5,-1.5000012,wav/21_christe_choir__44_woodshop_process.wav,2,288000,6.0,1727999,35.99997916666667,0.7150271,0.09656144,-20.303926,6.571409e-10,0,0,0.7150271,-20.33248,1.7291089e-9,0.6718499,-20.275558,-4.1482703e-10,0.13628244,-17.311203
21-45,short_additive_synth,christe_choir,tractor_turning_hay,65448562a52199a7,241aba059f6c939a,0,0;4;8,110.000000;136.149902;168.516296,sparse-hashed-13edo-gradual-drones-v14,short,8aa0a4df50f5d0c1,6.417602;5.970949;7.192982,2.476397;2.234369;2.960453,broad_swell;soft_drone;breathing_drone,inharmonic_fm,detune_cents=39.630;feedback=0.535;crossfeedback_percent=8.000;index=8.163->3.906;clean_percent=45.000;raw_fm_percent=40.000;parallel_ruin_percent=15.000;phase_drift_radians=0.080;drive=3.041;folds=3,3,0.9114609,-6.921966,-5.8089304,4.3089304,-1.5,-1.5000007,wav/21_christe_choir__45_tractor_turning_hay.wav,2,288000,6.0,1727999,35.99997916666667,0.5894201,0.098066285,-20.169605,-4.163713e-10,0,0,0.5894201,-20.168625,-1.7205927e-9,0.55224174,-20.170586,8.8785007e-10,0.14226903,-16.937792
21-46,short_additive_synth,christe_choir,hail_thunder,65448562a52199a7,8ca435fa8014940b,0,0;4;8,110.000000;136.149902;168.516296,sparse-hashed-13edo-gradual-drones-v14,short,cec981e4c77c2c73,4.978703;5.532962;6.024424,1.777994;2.020022;2.262051,late_bloom;breathing_drone;soft_drone,saturated_saw_cluster,detune_cents=67.886;drift_cents=20.448;drive=9.000;folds=3;alias_percent=60.743;bits=6;hard_sync_percent=66.627;sample_hold_frames=2,2,0.9364947,-8.5302105,-6.9264646,5.4264646,-1.5,-1.5,wav/21_christe_choir__46_hail_thunder.wav,2,288000,6.0,1727999,35.99997916666667,0.6214155,0.097907975,-20.18364,-2.6666505e-9,0,0,0.5771012,-20.185078,-5.8972627e-9,0.6214155,-20.182201,5.6396193e-10,0.13938072,-17.115946
21-47,short_additive_synth,christe_choir,marielle_protest,65448562a52199a7,b99f4919a8dffbad,6,6;10;1,151.471039;187.479691;116.024269,sparse-hashed-13edo-gradual-drones-v14,short,18742e944c8780d9,7.223970;7.562921;6.454623,2.981653;3.223681;2.497597,broad_swell;late_bloom;breathing_drone,saturated_saw_cluster,detune_cents=63.204;drift_cents=20.683;drive=8.828;folds=3;alias_percent=74.355;bits=7;hard_sync_percent=50.456;sample_hold_frames=2,2,0.932998,-8.265444,-13.283407,11.783407,-1.5,-1.5000012,wav/21_christe_choir__47_marielle_protest.wav,2,288000,6.0,1727999,35.99997916666667,0.59575313,0.09815147,-20.162066,-6.374135e-10,0,0,0.56373936,-20.15084,-8.0170726e-10,0.59575313,-20.173317,-4.7311977e-10,0.13886291,-17.148275
21-48,short_additive_synth,christe_choir,hair_salon_tools,65448562a52199a7,91febc7e6d506cc8,5,5;9;0,143.606293;177.745285;110.000000,sparse-hashed-13edo-gradual-drones-v14,short,1ba4b0b55b740f9e,7.074162;7.424541;7.748749,2.880556;3.122584;3.364612,late_bloom;breathing_drone;soft_drone,inharmonic_fm,detune_cents=29.866;feedback=0.451;crossfeedback_percent=8.000;index=6.889->2.866;clean_percent=45.000;raw_fm_percent=40.000;parallel_ruin_percent=15.000;phase_drift_radians=0.080;drive=2.500;folds=2,2,0.93346316,-8.29242,-15.158423,13.658423,-1.5,-1.5000007,wav/21_christe_choir__48_hair_salon_tools.wav,2,288000,6.0,1727999,35.99997916666667,0.6052398,0.09808108,-20.168295,-8.2976087e-10,0,0,0.53574425,-20.15712,-7.234454e-10,0.6052398,-20.179499,-9.360763e-10,0.13873732,-17.156134
22-25,short_additive_synth,prospect_drum_circle,thunder_mountain,f45715adb52dd19d,4e2a8e922a968e95,4,4;8;12,136.149902;168.516296;208.577057,sparse-hashed-13edo-gradual-drones-v14,short,a5fc782856f5e78b,7.369059;7.697282;4.430095,3.082946;3.324974;1.567002,broad_swell;late_bloom;breathing_drone,saturated_saw_cluster,detune_cents=57.334;drift_cents=14.009;drive=7.356;folds=3;alias_percent=69.056;bits=5;hard_sync_percent=46.591;sample_hold_frames=2,2,0.95321405,-9.98345,-9.330572,7.830572,-1.5,-1.5,wav/22_prospect_drum_circle__25_thunder_mountain.wav,2,288000,6.0,1727999,35.99997916666667,0.5740361,0.09790806,-20.183632,-8.350298e-11,0,0,0.5740361,-20.199413,-4.1282973e-9,0.53431726,-20.167906,3.9612913e-9,0.13914645,-17.130558
22-26,short_additive_synth,prospect_drum_circle,inside_car_wash,f45715adb52dd19d,903a06c594b2e6cb,2,2;6;10,122.378456;151.471039;187.479691,sparse-hashed-13edo-gradual-drones-v14,short,f695644a8a0e404d,6.761339;7.136786;5.896333,2.680365;2.922393;2.196308,soft_drone;broad_swell;late_bloom,saturated_saw_cluster,detune_cents=71.684;drift_cents=14.208;drive=8.963;folds=3;alias_percent=75.255;bits=6;hard_sync_percent=47.746;sample_hold_frames=4,2,0.95607954,-10.272374,-16.093494,14.593494,-1.5,-1.5000007,wav/22_prospect_drum_circle__26_inside_car_wash.wav,2,288000,6.0,1727999,35.99997916666667,0.7598491,0.0963116,-20.326427,-7.978351e-11,0,0,0.7377748,-20.277325,2.9702185e-9,0.7598491,-20.376093,-3.1297855e-9,0.13615708,-17.319195
22-27,short_additive_synth,prospect_drum_circle,peru_new_year_fireworks,f45715adb52dd19d,83317dd5c74822ca,11,11;2;6,197.747208;122.378456;151.471039,sparse-hashed-13edo-gradual-drones-v14,short,af120a25cbc6dabc,5.666905;5.130565;6.574251,2.083294;1.841266;2.567350,soft_drone;breathing_drone;late_bloom,saturated_saw_cluster,detune_cents=66.772;drift_cents=22.243;drive=9.673;folds=4;alias_percent=71.351;bits=6;hard_sync_percent=48.354;sample_hold_frames=2,3,0.93388003,-8.316396,-15.79712,14.29712,-1.5,-1.4999995,wav/22_prospect_drum_circle__27_peru_new_year_fireworks.wav,2,288000,6.0,1727999,35.99997916666667,0.5480523,0.09830374,-20.1486,-3.0426208e-9,0,0,0.54319686,-20.146914,-1.2712971e-9,0.5480523,-20.150284,-4.813945e-9,0.14101148,-17.014912
22-28,short_additive_synth,prospect_drum_circle,efteling_steam_train,f45715adb52dd19d,9a412959184abdf9,4,4;8;12,136.149902;168.516296;208.577057,sparse-hashed-13edo-gradual-drones-v14,short,f48c80c1ff164f71,7.813043;4.672155;5.264304,3.414793;1.656821;1.898849,broad_swell;late_bloom;breathing_drone,inharmonic_fm,detune_cents=31.404;feedback=0.541;crossfeedback_percent=8.000;index=8.847->3.715;clean_percent=45.000;raw_fm_percent=40.000;parallel_ruin_percent=15.000;phase_drift_radians=0.080;drive=2.744;folds=2,2,0.9611049,-10.829728,-8.034427,6.5344267,-1.5,-1.5,wav/22_prospect_drum_circle__28_efteling_steam_train.wav,2,288000,6.0,1727999,35.99997916666667,0.47315586,0.09841436,-20.138832,4.4267084e-10,0,0,0.47315586,-20.136671,3.1535605e-10,0.46525443,-20.140991,5.6998567e-10,0.13794987,-17.205574
22-29,short_additive_synth,prospect_drum_circle,helicopter_takeoff,f45715adb52dd19d,4534148b4903c233,1,1;5;9,116.024269;143.606293;177.745285,sparse-hashed-13edo-gradual-drones-v14,short,74b3292f9d344303,4.291764;4.934290;5.493894,1.517876;1.759904;2.001932,breathing_drone;soft_drone;broad_swell,inharmonic_fm,detune_cents=47.795;feedback=0.480;crossfeedback_percent=8.000;index=8.429->2.560;clean_percent=45.000;raw_fm_percent=40.000;parallel_ruin_percent=15.000;phase_drift_radians=0.080;drive=2.758;folds=2,2,0.953303,-9.976636,-10.488289,8.988289,-1.5,-1.4999995,wav/22_prospect_drum_circle__29_helicopter_takeoff.wav,2,288000,6.0,1727999,35.99997916666667,0.49621588,0.09823534,-20.154646,1.4669799e-9,0,0,0.4625723,-20.150879,1.8024572e-9,0.49621588,-20.158415,1.1315027e-9,0.13926649,-17.123068
22-30,short_additive_synth,prospect_drum_circle,scuba_bubbles,f45715adb52dd19d,d2eaf6d35c117589,5,5;9;0,143.606293;177.745285;110.000000,sparse-hashed-13edo-gradual-drones-v14,short,937fcdee77a39fea,4.539632;5.148900;5.683114,1.607027;1.849055;2.091084,late_bloom;breathing_drone;broad_swell,modal_noise_resonator,detune_cents=52.210;mode_disorder_percent=5.876;resonated_noise_percent=12.995;clean_percent=60.000;parallel_ruin_percent=27.005;drive=4.544;folds=1,2,0.9547586,-10.130332,-12.926797,11.426797,-1.5,-1.5000007,wav/22_prospect_drum_circle__30_scuba_bubbles.wav,2,288000,6.0,1727999,35.99997916666667,0.5205708,0.09838943,-20.141031,4.700642e-10,0,0,0.5205708,-20.144245,-2.0988242e-10,0.4944194,-20.137817,1.1500109e-9,0.14142597,-16.989418
22-31,short_additive_synth,prospect_drum_circle,building_demolition,f45715adb52dd19d,d502a0866ac3b927,2,2;6;10,122.378456;151.471039;187.479691,sparse-hashed-13edo-gradual-drones-v14,short,e7b9f359b133585b,5.294940;4.707249;7.830106,1.912291;1.670263;3.428235,breathing_drone;late_bloom;broad_swell,modal_noise_resonator,detune_cents=48.925;mode_disorder_percent=3.143;resonated_noise_percent=17.410;clean_percent=60.000;parallel_ruin_percent=22.590;drive=4.224;folds=2,3,0.93883604,-8.674177,-7.0158143,5.5158143,-1.5,-1.5,wav/22_prospect_drum_circle__31_building_demolition.wav,2,288000,6.0,1727999,35.99997916666667,0.5153118,0.09841979,-20.138351,5.1732254e-9,0,0,0.49058518,-20.147484,1.7879109e-9,0.5153118,-20.129238,8.55854e-9,0.13801034,-17.201769
22-32,short_additive_synth,prospect_drum_circle,finnish_blacksmith,f45715adb52dd19d,8828c2d1c0ff4488,12,12;3;7,208.577057;129.080658;159.766510,sparse-hashed-13edo-gradual-drones-v14,short,dc7fb35ea1519c93,7.624643;7.290665;4.919398,3.269824;3.027795;1.753880,late_bloom;broad_swell;soft_drone,inharmonic_fm,detune_cents=39.846;feedback=0.403;crossfeedback_percent=8.000;index=6.932->3.396;clean_percent=45.000;raw_fm_percent=40.000;parallel_ruin_percent=15.000;phase_drift_radians=0.080;drive=2.405;folds=3,3,0.9290548,-7.9690666,-7.7301636,6.2301636,-1.5,-1.5000007,wav/22_prospect_drum_circle__32_finnish_blacksmith.wav,2,288000,6.0,1727999,35.99997916666667,0.5127581,0.0984267,-20.137741,-2.87633e-9,0,0,0.49206057,-20.13386,-1.6612551e-9,0.5127581,-20.141624,-4.091405e-9,0.1374501,-17.237099
22-33,short_additive_synth,prospect_drum_circle,cattle_auction,f45715adb52dd19d,63aeff78df8557af,2,2;6;10,122.378456;151.471039;187.479691,sparse-hashed-13edo-gradual-drones-v14,short,1a9b0548cf1c2a24,4.965923;4.328419;6.014380,1.772770;1.530741;2.256826,broad_swell;soft_drone;breathing_drone,inharmonic_fm,detune_cents=39.927;feedback=0.509;crossfeedback_percent=8.000;index=6.209->2.958;clean_percent=45.000;raw_fm_percent=40.000;parallel_ruin_percent=15.000;phase_drift_radians=0.080;drive=3.020;folds=3,3,0.9347482,-8.392003,-3.6007655,2.1007655,-1.5,-1.5,wav/22_prospect_drum_circle__33_cattle_auction.wav,2,288000,6.0,1727999,35.99997916666667,0.50547564,0.098183334,-20.159245,3.7211383e-9,0,0,0.50547564,-20.165234,3.328518e-9,0.4778016,-20.153263,4.1137587e-9,0.13732965,-17.244713
22-34,short_additive_synth,prospect_drum_circle,ferry_alarm,f45715adb52dd19d,63fa0671c3c8b3fd,10,10;1;5,187.479691;116.024269;143.606293,sparse-hashed-13edo-gradual-drones-v14,short,9082cee93c508b52,6.652833;7.037370;7.390611,2.614227;2.856255;3.098283,broad_swell;late_bloom;breathing_drone,saturated_saw_cluster,detune_cents=82.102;drift_cents=16.076;drive=9.626;folds=3;alias_percent=65.401;bits=7;hard_sync_percent=59.368;sample_hold_frames=2,2,0.9620284,-10.960901,-13.417973,11.917973,-1.5,-1.5,wav/22_prospect_drum_circle__34_ferry_alarm.wav,2,288000,6.0,1727999,35.99997916666667,0.7006313,0.09775148,-20.197533,-5.186437e-9,0,0,0.61244243,-20.1787,-2.8069138e-9,0.7006313,-20.216448,-7.56596e-9,0.13819093,-17.19041
22-35,short_additive_synth,prospect_drum_circle,flooded_mine,f45715adb52dd19d,5ef5719090cb3c3e,11,11;2;6,197.747208;122.378456;151.471039,sparse-hashed-13edo-gradual-drones-v14,short,2f9effb8bd11e91e,5.122036;4.508709;6.137480,1.837654;1.595626;2.321710,breathing_drone;late_bloom;broad_swell,inharmonic_fm,detune_cents=43.626;feedback=0.455;crossfeedback_percent=8.000;index=6.217->2.594;clean_percent=45.000;raw_fm_percent=40.000;parallel_ruin_percent=15.000;phase_drift_radians=0.080;drive=2.491;folds=3,3,0.9325451,-8.251632,-13.147156,11.647156,-1.5,-1.5000007,wav/22_prospect_drum_circle__35_flooded_mine.wav,2,288000,6.0,1727999,35.99997916666667,0.6008503,0.098083906,-20.168045,2.112337e-9,0,0,0.58251274,-20.156921,1.9815833e-9,0.6008503,-20.179197,2.2430908e-9,0.13997443,-17.079025
22-36,short_additive_synth,prospect_drum_circle,cappuccino_process,f45715adb52dd19d,c9cb796a64de33e2,8,8;12;3,168.516296;208.577057;129.080658,sparse-hashed-13edo-gradual-drones-v14,short,967dcdf63f1eb510,6.680315;7.062530;7.413812,2.630822;2.872850;3.114879,late_bloom;breathing_drone;soft_drone,modal_noise_resonator,detune_cents=47.904;mode_disorder_percent=4.558;resonated_noise_percent=17.304;clean_percent=60.000;parallel_ruin_percent=22.696;drive=4.313;folds=1,2,0.95362145,-9.986191,-11.910075,10.410075,-1.5,-1.5,wav/22_prospect_drum_circle__36_cappuccino_process.wav,2,288000,6.0,1727999,35.99997916666667,0.72552073,0.09633412,-20.324398,6.5078813e-9,0,0,0.6102486,-20.282648,1.2281221e-8,0.72552073,-20.366552,7.345415e-10,0.13604838,-17.326134
22-37,short_additive_synth,prospect_drum_circle,tennis_match,f45715adb52dd19d,09cb934e68f8f084,11,11;2;6,197.747208;122.378456;151.471039,sparse-hashed-13edo-gradual-drones-v14,short,5bf5312851b0fa4a,7.753302;4.548111;7.079479,3.368140;1.610168;2.884084,soft_drone;late_bloom;late_bloom,inharmonic_fm,detune_cents=38.872;feedback=0.431;crossfeedback_percent=8.000;index=6.642->3.317;clean_percent=45.000;raw_fm_percent=40.000;parallel_ruin_percent=15.000;phase_drift_radians=0.080;drive=2.874;folds=2,2,0.9542846,-10.073605,-11.845182,10.345182,-1.5,-1.4999995,wav/22_prospect_drum_circle__37_tennis_match.wav,2,288000,6.0,1727999,35.99997916666667,0.74635977,0.097065225,-20.258728,1.8569449e-9,0,0,0.52367294,-20.153664,-3.2065225e-10,0.74635977,-20.366394,4.034542e-9,0.13550447,-17.360928
22-38,short_additive_synth,prospect_drum_circle,chainsaw_cycle,f45715adb52dd19d,5c7feb9d452f2bef,11,11;2;6,197.747208;122.378456;151.471039,sparse-hashed-13edo-gradual-drones-v14,short,21c1577c559fd9ba,5.375629;5.884200;6.339409,1.948153;2.190181;2.432209,breathing_drone;soft_drone;broad_swell,saturated_saw_cluster,detune_cents=70.514;drift_cents=13.638;drive=7.101;folds=3;alias_percent=60.107;bits=5;hard_sync_percent=58.509;sample_hold_frames=2,2,0.9603313,-10.745307,-12.228113,10.728113,-1.5,-1.4999995,wav/22_prospect_drum_circle__38_chainsaw_cycle.wav,2,288000,6.0,1727999,35.99997916666667,0.5947217,0.09741536,-20.227451,-3.35674e-9,0,0,0.5864983,-20.210646,-1.1780041e-10,0.5947217,-20.244322,-6.5956796e-9,0.13661477,-17.290047
22-39,short_additive_synth,prospect_drum_circle,near_foghorn,f45715adb52dd19d,1d6af12c6225ab62,11,11;2;6,197.747208;122.378456;151.471039,sparse-hashed-13edo-gradual-drones-v14,short,da8941caf59d66cb,7.441833;7.092905;4.572132,3.135042;2.893014;1.619098,broad_swell;soft_drone;breathing_drone,modal_noise_resonator,detune_cents=49.555;mode_disorder_percent=3.828;resonated_noise_percent=10.848;clean_percent=60.000;parallel_ruin_percent=29.152;drive=4.047;folds=2,3,0.93288654,-8.244675,-6.1494164,4.6494164,-1.5,-1.5,wav/22_prospect_drum_circle__39_near_foghorn.wav,2,288000,6.0,1727999,35.99997916666667,0.5500737,0.097332515,-20.234842,-9.269483e-9,0,0,0.4877279,-20.203648,-3.850642e-9,0.5500737,-20.266258,-1.4688324e-8,0.1228309,-18.213848
22-40,short_additive_synth,prospect_drum_circle,barcelona_gate_pa,f45715adb52dd19d,e28efd5cee017776,12,12;3;7,208.577057;129.080658;159.766510,sparse-hashed-13edo-gradual-drones-v14,short,5d71c779375cbd47,6.381343;5.930743;5.427922,2.455808;2.213779;1.971751,broad_swell;soft_drone;breathing_drone,modal_noise_resonator,detune_cents=48.156;mode_disorder_percent=5.867;resonated_noise_percent=14.754;clean_percent=60.000;parallel_ruin_percent=25.246;drive=4.839;folds=2,3,0.9338032,-8.334721,-5.8280272,4.3280272,-1.5,-1.5,wav/22_prospect_drum_circle__40_barcelona_gate_pa.wav,2,288000,6.0,1727999,35.99997916666667,0.4963847,0.09832788,-20.146465,-7.332146e-10,0,0,0.4963847,-20.147669,3.3219223e-9,0.4872386,-20.145264,-4.7883515e-9,0.13784559,-17.212143
22-41,short_additive_synth,prospect_drum_circle,delhi_subway_cycle,f45715adb52dd19d,3187a582eafedd91,9,9;0;4,177.745285;110.000000;136.149902,sparse-hashed-13edo-gradual-drones-v14,short,5f9ed065128eebf2,7.322884;6.963855;4.338778,3.050341;2.808313;1.534397,soft_drone;breathing_drone;late_bloom,modal_noise_resonator,detune_cents=42.987;mode_disorder_percent=3.402;resonated_noise_percent=13.737;clean_percent=60.000;parallel_ruin_percent=26.263;drive=4.533;folds=2,3,0.9333968,-8.295028,-11.864393,10.364393,-1.5,-1.5,wav/22_prospect_drum_circle__41_delhi_subway_cycle.wav,2,288000,6.0,1727999,35.99997916666667,0.5420728,0.09803104,-20.172728,-6.5091177e-10,0,0,0.5238849,-20.171307,-1.2727229e-9,0.5420728,-20.17415,-2.9100642e-11,0.13660456,-17.290695
22-42,short_additive_synth,prospect_drum_circle,hockey_goal,f45715adb52dd19d,7338d14d9c7d0103,12,12;3;7,208.577057;129.080658;159.766510,sparse-hashed-13edo-gradual-drones-v14,short,21a8e8e822734369,7.796992;4.639008;5.235395,3.402195;1.644223;1.886251,late_bloom;breathing_drone;soft_drone,inharmonic_fm,detune_cents=34.711;feedback=0.481;crossfeedback_percent=8.000;index=7.484->3.952;clean_percent=45.000;raw_fm_percent=40.000;parallel_ruin_percent=15.000;phase_drift_radians=0.080;drive=2.842;folds=2,2,0.95427865,-10.091255,-9.63929,8.13929,-1.5,-1.5,wav/22_prospect_drum_circle__42_hockey_goal.wav,2,288000,6.0,1727999,35.99997916666667,0.5575339,0.09819686,-20.158047,-1.1928349e-9,0,0,0.5575339,-20.166197,-2.306301e-9,0.5455484,-20.149916,-7.936897e-11,0.13947129,-17.110304
22-43,short_additive_synth,prospect_drum_circle,ambulance_siren,f45715adb52dd19d,f8af2f1a4cb0c701,4,4;8;12,136.149902;168.516296;208.577057,sparse-hashed-13edo-gradual-drones-v14,short,a74d2b77483673e0,5.140480;4.529943;6.152084,1.845474;1.603446;2.329530,broad_swell;soft_drone;breathing_drone,modal_noise_resonator,detune_cents=48.245;mode_disorder_percent=5.914;resonated_noise_percent=16.201;clean_percent=60.000;parallel_ruin_percent=23.799;drive=4.095;folds=2,3,0.9371455,-8.581168,-8.511447,7.011447,-1.5,-1.5,wav/22_prospect_drum_circle__43_ambulance_siren.wav,2,288000,6.0,1727999,35.99997916666667,0.49354053,0.098434664,-20.13704,-8.4809396e-11,0,0,0.4709623,-20.141867,-2.4261687e-10,0.49354053,-20.132217,7.299807e-11,0.1350561,-17.389715
22-44,short_additive_synth,prospect_drum_circle,woodshop_process,f45715adb52dd19d,8e1e1d890ae5881a,4,4;8;12,136.149902;168.516296;208.577057,sparse-hashed-13edo-gradual-drones-v14,short,9012afad1f0801f4,7.415648;7.740496;6.682488,3.116196;3.358224;2.632139,soft_drone;broad_swell;late_bloom,saturated_saw_cluster,detune_cents=62.342;drift_cents=12.076;drive=9.907;folds=3;alias_percent=63.936;bits=7;hard_sync_percent=63.254;sample_hold_frames=2,2,0.9549449,-10.145436,-8.838573,7.3385735,-1.5,-1.4999995,wav/22_prospect_drum_circle__44_woodshop_process.wav,2,288000,6.0,1727999,35.99997916666667,0.6721662,0.09700022,-20.264547,6.368646e-9,0,0,0.6721662,-20.278748,7.885153e-9,0.6429904,-20.25039,4.852139e-9,0.13739847,-17.240362
22-45,short_additive_synth,prospect_drum_circle,tractor_turning_hay,f45715adb52dd19d,241aba059f6c939a,2,2;6;10,122.378456;151.471039;187.479691,sparse-hashed-13edo-gradual-drones-v14,short,92db939fd3df9b54,7.041995;7.394875;6.236479,2.859298;3.101326;2.375242,soft_drone;broad_swell;late_bloom,inharmonic_fm,detune_cents=40.647;feedback=0.403;crossfeedback_percent=8.000;index=6.703->3.091;clean_percent=45.000;raw_fm_percent=40.000;parallel_ruin_percent=15.000;phase_drift_radians=0.080;drive=2.323;folds=2,2,0.9580838,-10.468365,-12.755261,11.255261,-1.5,-1.4999995,wav/22_prospect_drum_circle__45_tractor_turning_hay.wav,2,288000,6.0,1727999,35.99997916666667,0.5305773,0.098099254,-20.166685,-2.1219615e-9,0,0,0.5305773,-20.162941,-3.6658092e-9,0.5010837,-20.170433,-5.781139e-10,0.14209165,-16.94863
22-46,short_additive_synth,prospect_drum_circle,hail_thunder,f45715adb52dd19d,8ca435fa8014940b,4,4;8;12,136.149902;168.516296;208.577057,sparse-hashed-13edo-gradual-drones-v14,short,1c7ab18ec4075c74,6.062985;6.500730;5.027706,2.282226;2.524254;1.798169,breathing_drone;soft_drone;broad_swell,saturated_saw_cluster,detune_cents=55.573;drift_cents=20.726;drive=9.035;folds=3;alias_percent=63.539;bits=6;hard_sync_percent=49.994;sample_hold_frames=4,2,0.95617825,-10.29618,-16.16647,14.66647,-1.5,-1.5000012,wav/22_prospect_drum_circle__46_hail_thunder.wav,2,288000,6.0,1727999,35.99997916666667,0.63779354,0.09786671,-20.187302,5.500679e-10,0,0,0.59750617,-20.188576,1.5652559e-9,0.63779354,-20.186026,-4.651202e-10,0.13687505,-17.273514
22-47,short_additive_synth,prospect_drum_circle,marielle_protest,f45715adb52dd19d,b99f4919a8dffbad,9,9;0;4,177.745285;110.000000;136.149902,sparse-hashed-13edo-gradual-drones-v14,short,56a23a4f8bd93426,7.816976;7.498012;7.153750,3.417887;3.175858;2.933830,broad_swell;breathing_drone;late_bloom,inharmonic_fm,detune_cents=29.382;feedback=0.480;crossfeedback_percent=8.000;index=6.334->2.596;clean_percent=45.000;raw_fm_percent=40.000;parallel_ruin_percent=15.000;phase_drift_radians=0.080;drive=2.303;folds=3,3,0.9389184,-8.676968,-6.5679975,5.0679975,-1.5,-1.5000007,wav/22_prospect_drum_circle__47_marielle_protest.wav,2,288000,6.0,1727999,35.99997916666667,0.5417825,0.098493,-20.131893,2.453987e-10,0,0,0.5206722,-20.133015,5.182834e-10,0.5417825,-20.13077,-2.748604e-11,0.13910823,-17.132944
22-48,short_additive_synth,prospect_drum_circle,hair_salon_tools,f45715adb52dd19d,91febc7e6d506cc8,4,4;8;12,136.149902;168.516296;208.577057,sparse-hashed-13edo-gradual-drones-v14,short,2ed8c4d53b511949,7.842104;7.525049;5.316427,3.437720;3.195692;1.921776,broad_swell;soft_drone;breathing_drone,inharmonic_fm,detune_cents=45.942;feedback=0.430;crossfeedback_percent=8.000;index=6.240->3.162;clean_percent=45.000;raw_fm_percent=40.000;parallel_ruin_percent=15.000;phase_drift_radians=0.080;drive=3.070;folds=3,3,0.92889464,-7.9814367,-12.273473,10.773473,-1.5,-1.4999995,wav/22_prospect_drum_circle__48_hair_salon_tools.wav,2,288000,6.0,1727999,35.99997916666667,0.5268581,0.09845404,-20.135328,2.762497e-9,0,0,0.5268581,-20.143166,1.6562357e-9,0.51749516,-20.127506,3.868758e-9,0.13774562,-17.218445
23-25,short_additive_synth,techno_loco,thunder_mountain,c3eff4b1b6a9b76e,4e2a8e922a968e95,9,9;0;4,177.745285;110.000000;136.149902,sparse-hashed-13edo-gradual-drones-v14,short,41e467d9ae8ca5b9,6.414942;5.968000;5.469729,2.474880;2.232852;1.990824,soft_drone;breathing_drone;late_bloom,inharmonic_fm,detune_cents=31.764;feedback=0.366;crossfeedback_percent=8.000;index=8.193->3.247;clean_percent=45.000;raw_fm_percent=40.000;parallel_ruin_percent=15.000;phase_drift_radians=0.080;drive=3.197;folds=3,3,0.93466395,-8.343899,-13.97093,12.47093,-1.5,-1.5000007,wav/23_techno_loco__25_thunder_mountain.wav,2,288000,6.0,1727999,35.99997916666667,0.52590173,0.09807438,-20.168888,8.812754e-9,0,0,0.52590173,-20.175707,1.3177732e-8,0.4833299,-20.162079,4.447776e-9,0.11205292,-19.011538
23-26,short_additive_synth,techno_loco,inside_car_wash,c3eff4b1b6a9b76e,903a06c594b2e6cb,2,2;6;10,122.378456;151.471039;187.479691,sparse-hashed-13edo-gradual-drones-v14,short,76c7c18214df5ff3,7.841207;7.524083;5.314822,3.437009;3.194981;1.921066,late_bloom;broad_swell;soft_drone,inharmonic_fm,detune_cents=28.339;feedback=0.410;crossfeedback_percent=8.000;index=6.476->2.952;clean_percent=45.000;raw_fm_percent=40.000;parallel_ruin_percent=15.000;phase_drift_radians=0.080;drive=3.030;folds=3,3,0.93462414,-8.383193,-13.148397,11.648397,-1.5,-1.5,wav/23_techno_loco__26_inside_car_wash.wav,2,288000,6.0,1727999,35.99997916666667,0.64704853,0.09681515,-20.281134,7.532953e-9,0,0,0.64273626,-20.249249,1.2942119e-8,0.64704853,-20.313255,2.123786e-9,0.1080572,-19.326925
23-27,short_additive_synth,techno_loco,peru_new_year_fireworks,c3eff4b1b6a9b76e,83317dd5c74822ca,9,9;0;4,177.745285;110.000000;136.149902,sparse-hashed-13edo-gradual-drones-v14,short,d28f2f6db269379a,6.238801;5.772329;7.043924,2.376513;2.134484;2.860569,breathing_drone;late_bloom;broad_swell,saturated_saw_cluster,detune_cents=63.854;drift_cents=18.060;drive=8.662;folds=4;alias_percent=78.654;bits=7;hard_sync_percent=60.069;sample_hold_frames=2,3,0.9348068,-8.397027,-8.604854,7.1048536,-1.5,-1.5,wav/23_techno_loco__27_peru_new_year_fireworks.wav,2,288000,6.0,1727999,35.99997916666667,0.53338677,0.09837565,-20.142248,5.1841287e-9,0,0,0.4539896,-20.141598,4.6790003e-9,0.53338677,-20.142899,5.6892575e-9,0.122935966,-18.20642
23-28,short_additive_synth,techno_loco,efteling_steam_train,c3eff4b1b6a9b76e,9a412959184abdf9,8,8;12;3,168.516296;208.577057;129.080658,sparse-hashed-13edo-gradual-drones-v14,short,ef8905cd44c888a7,5.374342;4.798037;6.338377,1.947575;1.705547;2.431631,soft_drone;breathing_drone;late_bloom,saturated_saw_cluster,detune_cents=72.703;drift_cents=21.441;drive=9.507;folds=4;alias_percent=64.290;bits=7;hard_sync_percent=54.708;sample_hold_frames=2,3,0.9347571,-8.408302,-21.207901,19.707901,-1.5,-1.4999981,wav/23_techno_loco__28_efteling_steam_train.wav,2,288000,6.0,1727999,35.99997916666667,0.50449955,0.09841858,-20.138458,3.887229e-9,0,0,0.47525612,-20.136292,8.0684215e-9,0.50449955,-20.140627,-2.9396305e-10,0.113729745,-18.882519
23-29,short_additive_synth,techno_loco,helicopter_takeoff,c3eff4b1b6a9b76e,4534148b4903c233,5,5;9;0,143.606293;177.745285;110.000000,sparse-hashed-13edo-gradual-drones-v14,short,c45e339c342393d5,6.242155;6.663037;5.253869,2.378348;2.620377;1.894292,breathing_drone;soft_drone;broad_swell,inharmonic_fm,detune_cents=40.312;feedback=0.548;crossfeedback_percent=8.000;index=6.965->3.882;clean_percent=45.000;raw_fm_percent=40.000;parallel_ruin_percent=15.000;phase_drift_radians=0.080;drive=2.691;folds=2,2,0.95572877,-10.244663,-17.356417,15.856417,-1.5,-1.5,wav/23_techno_loco__29_helicopter_takeoff.wav,2,288000,6.0,1727999,35.99997916666667,0.529578,0.09823023,-20.155096,9.034161e-9,0,0,0.529578,-20.148792,7.0109296e-9,0.50124776,-20.161411,1.1057392e-8,0.1079083,-19.338903
23-30,short_additive_synth,techno_loco,scuba_bubbles,c3eff4b1b6a9b76e,d2eaf6d35c117589,4,4;8;12,136.149902;168.516296;208.577057,sparse-hashed-13edo-gradual-drones-v14,short,ec3879d8483cb0c4,6.604089;6.177163;5.703647,2.585050;2.343022;2.100993,breathing_drone;late_bloom;broad_swell,inharmonic_fm,detune_cents=28.167;feedback=0.426;crossfeedback_percent=8.000;index=6.556->2.981;clean_percent=45.000;raw_fm_percent=40.000;parallel_ruin_percent=15.000;phase_drift_radians=0.080;drive=2.743;folds=3,3,0.9342945,-8.355811,-5.623561,4.123561,-1.5,-1.4999995,wav/23_techno_loco__30_scuba_bubbles.wav,2,288000,6.0,1727999,35.99997916666667,0.48036358,0.0984164,-20.138649,5.089964e-10,0,0,0.48036358,-20.142258,7.4801265e-10,0.47328696,-20.135044,2.6998015e-10,0.13112395,-17.64636
23-31,short_additive_synth,techno_loco,building_demolition,c3eff4b1b6a9b76e,d502a0866ac3b927,8,8;12;3,168.516296;208.577057;129.080658,sparse-hashed-13edo-gradual-drones-v14,short,ce9bcecd3ae8edcd,4.366630;4.998937;5.550776,1.544269;1.786297;2.028325,breathing_drone;soft_drone;broad_swell,saturated_saw_cluster,detune_cents=79.760;drift_cents=16.967;drive=7.899;folds=3;alias_percent=75.103;bits=5;hard_sync_percent=57.300;sample_hold_frames=2,2,0.95587975,-10.233191,-15.177156,13.677156,-1.5,-1.5000007,wav/23_techno_loco__31_building_demolition.wav,2,288000,6.0,1727999,35.99997916666667,0.5822848,0.098412074,-20.13903,5.728962e-9,0,0,0.5822848,-20.1531,1.2184188e-8,0.51587075,-20.125011,-7.2626344e-10,0.113797635,-18.877337
23-32,short_additive_synth,techno_loco,finnish_blacksmith,c3eff4b1b6a9b76e,8828c2d1c0ff4488,2,2;6;10,122.378456;151.471039;187.479691,sparse-hashed-13edo-gradual-drones-v14,short,0258576be4e6fc49,6.617803;6.192291;5.720514,2.593225;2.351197;2.109169,breathing_drone;late_bloom;broad_swell,modal_noise_resonator,detune_cents=53.575;mode_disorder_percent=5.509;resonated_noise_percent=11.547;clean_percent=60.000;parallel_ruin_percent=28.453;drive=4.480;folds=2,3,0.93407583,-8.342179,-8.1967945,6.6967945,-1.5,-1.5,wav/23_techno_loco__32_finnish_blacksmith.wav,2,288000,6.0,1727999,35.99997916666667,0.4592081,0.0984523,-20.135483,3.6262189e-9,0,0,0.4497706,-20.127663,3.4251548e-9,0.4592081,-20.143314,3.827283e-9,0.11559476,-18.741238
23-33,short_additive_synth,techno_loco,cattle_auction,c3eff4b1b6a9b76e,63aeff78df8557af,6,6;10;1,151.471039;187.479691;116.024269,sparse-hashed-13edo-gradual-drones-v14,short,ad851627a2d135c2,4.434097;7.699168;5.602238,1.568447;3.326418;2.052503,broad_swell;soft_drone;breathing_drone,modal_noise_resonator,detune_cents=42.465;mode_disorder_percent=3.565;resonated_noise_percent=14.061;clean_percent=60.000;parallel_ruin_percent=25.939;drive=4.609;folds=2,3,0.9349503,-8.3674755,-4.4458013,2.9458013,-1.5,-1.4999995,wav/23_techno_loco__33_cattle_auction.wav,2,288000,6.0,1727999,35.99997916666667,0.4814711,0.09824909,-20.153429,-2.5486846e-10,0,0,0.4814711,-20.155476,-1.348052e-10,0.44089893,-20.151384,-3.7493175e-10,0.10622657,-19.475338
23-34,short_additive_synth,techno_loco,ferry_alarm,c3eff4b1b6a9b76e,63fa0671c3c8b3fd,5,5;9;0,143.606293;177.745285;110.000000,sparse-hashed-13edo-gradual-drones-v14,short,3ad6f7970a1db9cc,6.403159;6.809419;7.180903,2.468175;2.710203;2.952231,soft_drone;broad_swell;late_bloom,modal_noise_resonator,detune_cents=43.603;mode_disorder_percent=4.833;resonated_noise_percent=13.685;clean_percent=60.000;parallel_ruin_percent=26.315;drive=4.066;folds=1,2,0.95591927,-10.253475,-12.323557,10.823557,-1.5,-1.5000007,wav/23_techno_loco__34_ferry_alarm.wav,2,288000,6.0,1727999,35.99997916666667,0.6455876,0.09776243,-20.19656,1.0459018e-8,0,0,0.58070666,-20.181526,1.7353214e-8,0.6455876,-20.211647,3.5648218e-9,0.10360922,-19.692032
23-35,short_additive_synth,techno_loco,flooded_mine,c3eff4b1b6a9b76e,5ef5719090cb3c3e,0,0;4;8,110.000000;136.149902;168.516296,sparse-hashed-13edo-gradual-drones-v14,short,b505173d9150e248,5.915665;5.410988;4.839859,2.206107;1.964078;1.722050,broad_swell;soft_drone;breathing_drone,modal_noise_resonator,detune_cents=44.583;mode_disorder_percent=4.584;resonated_noise_percent=10.673;clean_percent=60.000;parallel_ruin_percent=29.327;drive=4.795;folds=2,3,0.93443245,-8.3221855,-8.306028,6.8060284,-1.5,-1.5,wav/23_techno_loco__35_flooded_mine.wav,2,288000,6.0,1727999,35.99997916666667,0.580359,0.09813877,-20.163189,8.036347e-10,0,0,0.5377006,-20.151217,1.2205956e-9,0.580359,-20.175192,3.8667375e-10,0.12516767,-18.050158
23-36,short_additive_synth,techno_loco,cappuccino_process,c3eff4b1b6a9b76e,c9cb796a64de33e2,0,0;4;8,110.000000;136.149902;168.516296,sparse-hashed-13edo-gradual-drones-v14,short,1705f000dce429b6,5.175982;4.570779;6.180233,1.860622;1.618594;2.344678,late_bloom;broad_swell;soft_drone,inharmonic_fm,detune_cents=31.728;feedback=0.547;crossfeedback_percent=8.000;index=8.524->3.897;clean_percent=45.000;raw_fm_percent=40.000;parallel_ruin_percent=15.000;phase_drift_radians=0.080;drive=3.166;folds=3,3,0.9347921,-8.369593,-7.182221,5.682221,-1.5,-1.4999995,wav/23_techno_loco__36_cappuccino_process.wav,2,288000,6.0,1727999,35.99997916666667,0.69369745,0.096632674,-20.29752,-1.7794519e-9,0,0,0.6826245,-20.289371,-4.4838395e-9,0.69369745,-20.305683,9.2493563e-10,0.1290158,-17.787142
23-37,short_additive_synth,techno_loco,tennis_match,c3eff4b1b6a9b76e,09cb934e68f8f084,2,2;6;10,122.378456;151.471039;187.479691,sparse-hashed-13edo-gradual-drones-v14,short,0ed69df0716fc944,5.708683;6.181679;4.572874,2.103431;2.345459;1.619375,soft_drone;broad_swell;broad_swell,inharmonic_fm,detune_cents=42.531;feedback=0.529;crossfeedback_percent=8.000;index=7.716->3.852;clean_percent=45.000;raw_fm_percent=40.000;parallel_ruin_percent=15.000;phase_drift_radians=0.080;drive=2.497;folds=2,2,0.95596564,-10.278771,-10.05204,8.55204,-1.5,-1.5,wav/23_techno_loco__37_tennis_match.wav,2,288000,6.0,1727999,35.99997916666667,0.68543017,0.09765636,-20.20599,3.6178203e-9,0,0,0.5150001,-20.137455,2.1062487e-9,0.68543017,-20.275621,5.129392e-9,0.1205671,-18.375423
23-38,short_additive_synth,techno_loco,chainsaw_cycle,c3eff4b1b6a9b76e,5c7feb9d452f2bef,8,8;12;3,168.516296;208.577057;129.080658,sparse-hashed-13edo-gradual-drones-v14,short,453d897ccfa97b00,7.093617;7.442490;6.298546,2.893488;3.135516;2.409432,breathing_drone;soft_drone;broad_swell,saturated_saw_cluster,detune_cents=80.184;drift_cents=13.386;drive=8.757;folds=3;alias_percent=66.800;bits=7;hard_sync_percent=54.350;sample_hold_frames=2,2,0.95511943,-10.162324,-9.833683,8.333683,-1.5,-1.5,wav/23_techno_loco__38_chainsaw_cycle.wav,2,288000,6.0,1727999,35.99997916666667,0.6432428,0.09715315,-20.250862,5.8785714e-9,0,0,0.5814863,-20.223755,4.003648e-9,0.6432428,-20.27814,7.753495e-9,0.11750479,-18.598888
23-39,short_additive_synth,techno_loco,near_foghorn,c3eff4b1b6a9b76e,1d6af12c6225ab62,7,7;11;2,159.766510;197.747208;122.378456,sparse-hashed-13edo-gradual-drones-v14,short,f59291712539d25d,6.409432;6.815132;7.186149,2.471743;2.713771;2.955799,soft_drone;broad_swell;late_bloom,inharmonic_fm,detune_cents=41.635;feedback=0.506;crossfeedback_percent=8.000;index=8.382->2.618;clean_percent=45.000;raw_fm_percent=40.000;parallel_ruin_percent=15.000;phase_drift_radians=0.080;drive=2.678;folds=2,2,0.95586735,-10.234418,-19.012426,17.512426,-1.5,-1.5000007,wav/23_techno_loco__39_near_foghorn.wav,2,288000,6.0,1727999,35.99997916666667,0.51396513,0.09783593,-20.190031,-3.742054e-8,0,0,0.45918489,-20.16594,-2.5635138e-8,0.51396513,-20.21426,-4.9205948e-8,0.12260421,-18.229893
23-40,short_additive_synth,techno_loco,barcelona_gate_pa,c3eff4b1b6a9b76e,e28efd5cee017776,9,9;0;4,177.745285;110.000000;136.149902,sparse-hashed-13edo-gradual-drones-v14,short,9b962bbe05bda6e9,7.686032;7.356924;5.033156,3.316371;3.074343;1.800427,broad_swell;soft_drone;breathing_drone,modal_noise_resonator,detune_cents=47.761;mode_disorder_percent=3.855;resonated_noise_percent=16.307;clean_percent=60.000;parallel_ruin_percent=23.693;drive=4.973;folds=2,3,0.9335376,-8.300644,-14.8608055,13.3608055,-1.5,-1.5,wav/23_techno_loco__40_barcelona_gate_pa.wav,2,288000,6.0,1727999,35.99997916666667,0.50557554,0.09818993,-20.15866,-1.43934376e-8,0,0,0.50557554,-20.154877,-1.0200084e-8,0.5037106,-20.162449,-1.858679e-8,0.112605646,-18.968796
23-41,short_additive_synth,techno_loco,delhi_subway_cycle,c3eff4b1b6a9b76e,3187a582eafedd91,5,5;9;0,143.606293;177.745285;110.000000,sparse-hashed-13edo-gradual-drones-v14,short,ad481b830eeda478,5.645098;6.124699;6.556563,2.072859;2.314887;2.556915,late_bloom;breathing_drone;soft_drone,modal_noise_resonator,detune_cents=51.441;mode_disorder_percent=5.965;resonated_noise_percent=10.701;clean_percent=60.000;parallel_ruin_percent=29.299;drive=3.857;folds=1,2,0.95543027,-10.228377,-7.336729,5.836729,-1.5,-1.5,wav/23_techno_loco__41_delhi_subway_cycle.wav,2,288000,6.0,1727999,35.99997916666667,0.48890373,0.098325826,-20.146648,-3.9381676e-9,0,0,0.48890373,-20.14718,-4.266552e-9,0.45994473,-20.146114,-3.6097831e-9,0.12103893,-18.3415
23-42,short_additive_synth,techno_loco,hockey_goal,c3eff4b1b6a9b76e,7338d14d9c7d0103,11,11;2;6,197.747208;122.378456;151.471039,sparse-hashed-13edo-gradual-drones-v14,short,95eba22c8689e59f,4.320507;7.645980;5.515705,1.527955;3.285927;2.012012,soft_drone;late_bloom;late_bloom,saturated_saw_cluster,detune_cents=69.492;drift_cents=13.262;drive=7.462;folds=4;alias_percent=70.658;bits=7;hard_sync_percent=52.260;sample_hold_frames=4,3,0.93482596,-8.373384,-0.39946273,0.0,-1.5,-0.39946273,wav/23_techno_loco__42_hockey_goal.wav,2,288000,6.0,1727999,35.99997916666667,0.70983994,0.09807937,-20.168447,4.8902726e-9,0,0,0.6340266,-20.171669,6.1731784e-9,0.70983994,-20.165226,3.6073668e-9,0.12956049,-17.750547
23-43,short_additive_synth,techno_loco,ambulance_siren,c3eff4b1b6a9b76e,f8af2f1a4cb0c701,9,9;0;4,177.745285;110.000000;136.149902,sparse-hashed-13edo-gradual-drones-v14,short,f650c0047b5f906a,6.914338;7.277317;7.612284,2.776475;3.018503;3.260531,soft_drone;broad_swell;late_bloom,saturated_saw_cluster,detune_cents=78.802;drift_cents=12.190;drive=9.704;folds=3;alias_percent=67.142;bits=7;hard_sync_percent=47.703;sample_hold_frames=4,2,0.9560663,-10.254816,-15.044456,13.544456,-1.5,-1.5,wav/23_techno_loco__43_ambulance_siren.wav,2,288000,6.0,1727999,35.99997916666667,0.47351664,0.09852279,-20.129265,9.641888e-10,0,0,0.47351664,-20.138802,-2.8939293e-9,0.41934785,-20.119751,4.822307e-9,0.10986867,-19.182522
23-44,short_additive_synth,techno_loco,woodshop_process,c3eff4b1b6a9b76e,8e1e1d890ae5881a,7,7;11;2,159.766510;197.747208;122.378456,sparse-hashed-13edo-gradual-drones-v14,short,bafaac6bb3006946,6.297679;5.837834;5.323469,2.408951;2.166923;1.924894,breathing_drone;late_bloom;broad_swell,saturated_saw_cluster,detune_cents=80.609;drift_cents=12.741;drive=7.332;folds=4;alias_percent=75.326;bits=6;hard_sync_percent=57.907;sample_hold_frames=2,3,0.93432516,-8.376327,-0.48474455,0.0,-1.5,-0.48474455,wav/23_techno_loco__44_woodshop_process.wav,2,288000,6.0,1727999,35.99997916666667,0.69286597,0.09689071,-20.274357,1.5949526e-9,0,0,0.69286597,-20.292984,2.8481024e-9,0.6701917,-20.255812,3.4180284e-10,0.13087045,-17.66317
23-45,short_additive_synth,techno_loco,tractor_turning_hay,c3eff4b1b6a9b76e,241aba059f6c939a,12,12;3;7,208.577057;129.080658;159.766510,sparse-hashed-13edo-gradual-drones-v14,short,2e17d5d1e62e5ce2,7.081302;6.700809;7.754862,2.885295;2.643267;3.369351,broad_swell;soft_drone;breathing_drone,inharmonic_fm,detune_cents=34.012;feedback=0.530;crossfeedback_percent=8.000;index=8.429->2.765;clean_percent=45.000;raw_fm_percent=40.000;parallel_ruin_percent=15.000;phase_drift_radians=0.080;drive=2.701;folds=3,3,0.93301105,-8.29843,-17.054193,15.5541935,-1.5,-1.5000007,wav/23_techno_loco__45_tractor_turning_hay.wav,2,288000,6.0,1727999,35.99997916666667,0.4007151,0.098602995,-20.122196,-1.2014478e-8,0,0,0.3963254,-20.11358,-8.341545e-9,0.4007151,-20.130833,-1.5687412e-8,0.11859961,-18.518335
23-46,short_additive_synth,techno_loco,hail_thunder,c3eff4b1b6a9b76e,8ca435fa8014940b,5,5;9;0,143.606293;177.745285;110.000000,sparse-hashed-13edo-gradual-drones-v14,short,4130c22cd8ee2ab6,5.375862;4.799772;7.875431,1.948257;1.706229;3.464200,broad_swell;soft_drone;breathing_drone,saturated_saw_cluster,detune_cents=72.008;drift_cents=12.239;drive=7.368;folds=4;alias_percent=70.766;bits=7;hard_sync_percent=62.796;sample_hold_frames=2,3,0.93453234,-8.364223,-21.327393,19.827393,-1.5,-1.5000012,wav/23_techno_loco__46_hail_thunder.wav,2,288000,6.0,1727999,35.99997916666667,0.5634699,0.09780753,-20.192554,7.900859e-9,0,0,0.5344563,-20.19964,8.001559e-9,0.5634699,-20.18548,7.800158e-9,0.11295144,-18.942163
23-47,short_additive_synth,techno_loco,marielle_protest,c3eff4b1b6a9b76e,b99f4919a8dffbad,4,4;8;12,136.149902;168.516296;208.577057,sparse-hashed-13edo-gradual-drones-v14,short,842743597c30d798,7.403092;7.728848;4.496801,3.107200;3.349228;1.591256,soft_drone;broad_swell;late_bloom,modal_noise_resonator,detune_cents=51.299;mode_disorder_percent=5.561;resonated_noise_percent=11.893;clean_percent=60.000;parallel_ruin_percent=28.107;drive=4.169;folds=1,2,0.9556272,-10.233549,-8.155694,6.655694,-1.5,-1.5,wav/23_techno_loco__47_marielle_protest.wav,2,288000,6.0,1727999,35.99997916666667,0.6060802,0.09803158,-20.17268,3.272691e-9,0,0,0.6060802,-20.179665,4.154538e-9,0.5607874,-20.165707,2.3908437e-9,0.12262866,-18.22816
23-48,short_additive_synth,techno_loco,hair_salon_tools,c3eff4b1b6a9b76e,91febc7e6d506cc8,3,3;7;11,129.080658;159.766510;197.747208,sparse-hashed-13edo-gradual-drones-v14,short,a46d6d3d77ae835b,6.785245;7.158717;7.502600,2.695159;2.937188;3.179216,breathing_drone;soft_drone;broad_swell,modal_noise_resonator,detune_cents=52.924;mode_disorder_percent=5.958;resonated_noise_percent=13.721;clean_percent=60.000;parallel_ruin_percent=26.279;drive=4.773;folds=1,2,0.9558182,-10.234104,-6.1503086,4.6503086,-1.5,-1.5000007,wav/23_techno_loco__48_hair_salon_tools.wav,2,288000,6.0,1727999,35.99997916666667,0.49993324,0.0984336,-20.137135,-6.4623656e-10,0,0,0.46194524,-20.143856,1.700362e-9,0.49993324,-20.13042,-2.992835e-9,0.12940595,-17.760916
24-25,short_additive_synth,gifu_pipe_organ,thunder_mountain,b53b3cd166c52157,4e2a8e922a968e95,6,6;10;1,151.471039;187.479691;116.024269,sparse-hashed-13edo-gradual-drones-v14,short,afb8fbc03d6533fe,7.201584;6.831941;7.858068,2.966323;2.724295;3.450379,late_bloom;broad_swell;soft_drone,modal_noise_resonator,detune_cents=46.348;mode_disorder_percent=5.227;resonated_noise_percent=13.332;clean_percent=60.000;parallel_ruin_percent=26.668;drive=4.482;folds=2,3,0.93459255,-8.393105,-0.14335625,0.0,-1.5,-0.14335625,wav/24_gifu_pipe_organ__25_thunder_mountain.wav,2,288000,6.0,1727999,35.99997916666667,0.59237623,0.09777569,-20.195381,5.64182e-10,0,0,0.53411615,-20.200005,9.582449e-10,0.59237623,-20.190765,1.7011904e-10,0.1356199,-17.353533
24-26,short_additive_synth,gifu_pipe_organ,inside_car_wash,b53b3cd166c52157,903a06c594b2e6cb,1,1;5;9,116.024269;143.606293;177.745285,sparse-hashed-13edo-gradual-drones-v14,short,092feeb0ca5ef822,7.479333;7.799623;6.757785,3.162229;3.404257;2.678173,breathing_drone;soft_drone;broad_swell,inharmonic_fm,detune_cents=41.049;feedback=0.502;crossfeedback_percent=8.000;index=8.612->3.297;clean_percent=45.000;raw_fm_percent=40.000;parallel_ruin_percent=15.000;phase_drift_radians=0.080;drive=2.362;folds=2,2,0.95036787,-9.702491,-7.4302645,5.9302645,-1.5,-1.4999995,wav/24_gifu_pipe_organ__26_inside_car_wash.wav,2,288000,6.0,1727999,35.99997916666667,0.673486,0.097550996,-20.215366,-9.654163e-10,0,0,0.673486,-20.219067,-2.8161257e-10,0.6716849,-20.211668,-1.64922e-9,0.13599996,-17.329224
24-27,short_additive_synth,gifu_pipe_organ,peru_new_year_fireworks,b53b3cd166c52157,83317dd5c74822ca,12,12;3;7,208.577057;129.080658;159.766510,sparse-hashed-13edo-gradual-drones-v14,short,2de267c5c9d0c0eb,7.281729;6.919135;4.256577,3.021572;2.779543;1.505628,broad_swell;soft_drone;breathing_drone,modal_noise_resonator,detune_cents=43.625;mode_disorder_percent=4.601;resonated_noise_percent=12.881;clean_percent=60.000;parallel_ruin_percent=27.119;drive=3.862;folds=2,3,0.9391252,-8.73119,-5.5006027,4.0006027,-1.5,-1.5,wav/24_gifu_pipe_organ__27_peru_new_year_fireworks.wav,2,288000,6.0,1727999,35.99997916666667,0.66781175,0.0979244,-20.182182,4.16875e-9,0,0,0.47561094,-20.151861,5.4100715e-9,0.66781175,-20.212715,2.9274285e-9,0.14055614,-17.043003
24-28,short_additive_synth,gifu_pipe_organ,efteling_steam_train,b53b3cd166c52157,9a412959184abdf9,6,6;10;1,151.471039;187.479691;116.024269,sparse-hashed-13edo-gradual-drones-v14,short,a12191004b717324,7.554067;7.869086;6.845890,3.217115;3.459144;2.733059,soft_drone;broad_swell;broad_swell,saturated_saw_cluster,detune_cents=70.853;drift_cents=15.874;drive=7.822;folds=3;alias_percent=69.934;bits=6;hard_sync_percent=57.646;sample_hold_frames=2,2,0.94978166,-9.634206,-9.248081,7.748081,-1.5,-1.4999995,wav/24_gifu_pipe_organ__28_efteling_steam_train.wav,2,288000,6.0,1727999,35.99997916666667,0.7546223,0.097335115,-20.234608,2.2488795e-9,0,0,0.53333104,-20.164043,7.87299e-9,0.7546223,-20.30634,-3.3752312e-9,0.13740855,-17.239725
24-29,short_additive_synth,gifu_pipe_organ,helicopter_takeoff,b53b3cd166c52157,4534148b4903c233,1,1;5;9,116.024269;143.606293;177.745285,sparse-hashed-13edo-gradual-drones-v14,short,a94bdd501ced8912,7.203667;6.834209;6.430373,2.967746;2.725718;2.483690,breathing_drone;late_bloom;broad_swell,modal_noise_resonator,detune_cents=42.016;mode_disorder_percent=4.940;resonated_noise_percent=14.198;clean_percent=60.000;parallel_ruin_percent=25.802;drive=4.210;folds=2,3,0.9286768,-7.9690847,-0.33475763,0.0,-1.5,-0.33475763,wav/24_gifu_pipe_organ__29_helicopter_takeoff.wav,2,288000,6.0,1727999,35.99997916666667,0.5849346,0.09798219,-20.177057,-3.389919e-9,0,0,0.56104124,-20.179731,-2.4921303e-9,0.5849346,-20.174385,-4.287708e-9,0.13938169,-17.115885
24-30,short_additive_synth,gifu_pipe_organ,scuba_bubbles,b53b3cd166c52157,d2eaf6d35c117589,8,8;12;3,168.516296;208.577057;129.080658,sparse-hashed-13edo-gradual-drones-v14,short,6a6018fea95a3255,4.345144;4.980369;5.534427,1.536648;1.778676;2.020704,soft_drone;broad_swell;late_bloom,modal_noise_resonator,detune_cents=46.659;mode_disorder_percent=5.850;resonated_noise_percent=12.369;clean_percent=60.000;parallel_ruin_percent=27.631;drive=4.968;folds=1,2,0.9490583,-9.578367,-12.841316,11.341316,-1.5,-1.5,wav/24_gifu_pipe_organ__30_scuba_bubbles.wav,2,288000,6.0,1727999,35.99997916666667,0.56775653,0.09830866,-20.148165,-1.2443605e-9,0,0,0.56775653,-20.152641,-5.0379584e-10,0.49648353,-20.143692,-1.9849251e-9,0.13719447,-17.253267
24-31,short_additive_synth,gifu_pipe_organ,building_demolition,b53b3cd166c52157,d502a0866ac3b927,5,5;9;0,143.606293;177.745285;110.000000,sparse-hashed-13edo-gradual-drones-v14,short,8b008a9831b8ffcc,6.873660;6.473649;7.577669,2.750591;2.508563;3.234647,late_bloom;broad_swell;soft_drone,inharmonic_fm,detune_cents=46.803;feedback=0.468;crossfeedback_percent=8.000;index=6.246->2.856;clean_percent=45.000;raw_fm_percent=40.000;parallel_ruin_percent=15.000;phase_drift_radians=0.080;drive=2.853;folds=3,3,0.91982996,-7.398406,-3.551858,2.051858,-1.5,-1.5,wav/24_gifu_pipe_organ__31_building_demolition.wav,2,288000,6.0,1727999,35.99997916666667,0.5211127,0.09838723,-20.141224,2.5506683e-9,0,0,0.47028103,-20.145386,-1.8460291e-9,0.5211127,-20.13707,6.947366e-9,0.13188025,-17.596405
24-32,short_additive_synth,gifu_pipe_organ,finnish_blacksmith,b53b3cd166c52157,8828c2d1c0ff4488,9,9;0;4,177.745285;110.000000;136.149902,sparse-hashed-13edo-gradual-drones-v14,short,f3d22d8cee7c4be6,5.806506;5.288186;6.687872,2.151347;1.909319;2.635404,breathing_drone;late_bloom;broad_swell,saturated_saw_cluster,detune_cents=82.987;drift_cents=21.468;drive=7.760;folds=4;alias_percent=65.015;bits=7;hard_sync_percent=68.655;sample_hold_frames=4,3,0.93400335,-8.34379,-4.5252075,3.0252075,-1.5,-1.5000007,wav/24_gifu_pipe_organ__32_finnish_blacksmith.wav,2,288000,6.0,1727999,35.99997916666667,0.70012754,0.09799678,-20.175764,-2.9821812e-10,0,0,0.5531077,-20.146597,4.2947295e-9,0.70012754,-20.205128,-4.8911657e-9,0.13846783,-17.173021
24-33,short_additive_synth,gifu_pipe_organ,cattle_auction,b53b3cd166c52157,63aeff78df8557af,0,0;4;8,110.000000;136.149902;168.516296,sparse-hashed-13edo-gradual-drones-v14,short,241599c49eec0869,7.040450;6.656198;7.719903,2.858282;2.616253;3.342338,late_bloom;broad_swell;soft_drone,inharmonic_fm,detune_cents=29.165;feedback=0.451;crossfeedback_percent=8.000;index=6.523->2.524;clean_percent=45.000;raw_fm_percent=40.000;parallel_ruin_percent=15.000;phase_drift_radians=0.080;drive=2.429;folds=3,3,0.939045,-8.72071,0.15726113,0.0,-1.5,0.15726113,wav/24_gifu_pipe_organ__33_cattle_auction.wav,2,288000,6.0,1727999,35.99997916666667,0.5248506,0.098071165,-20.169172,5.071682e-9,0,0,0.5248506,-20.167881,6.594223e-9,0.5010594,-20.170467,3.5491416e-9,0.14218095,-16.943172
24-34,short_additive_synth,gifu_pipe_organ,ferry_alarm,b53b3cd166c52157,63fa0671c3c8b3fd,1,1;5;9,116.024269;143.606293;177.745285,sparse-hashed-13edo-gradual-drones-v14,short,b5a16f733fb569a1,5.040036;5.586991;6.072704,1.803282;2.045310;2.287338,soft_drone;broad_swell;late_bloom,inharmonic_fm,detune_cents=31.723;feedback=0.528;crossfeedback_percent=8.000;index=8.304->2.747;clean_percent=45.000;raw_fm_percent=40.000;parallel_ruin_percent=15.000;phase_drift_radians=0.080;drive=3.154;folds=2,2,0.95088166,-9.7500925,-9.280244,7.780244,-1.5,-1.4999995,wav/24_gifu_pipe_organ__34_ferry_alarm.wav,2,288000,6.0,1727999,35.99997916666667,0.736171,0.09702632,-20.262207,-7.3726114e-10,0,0,0.6371713,-20.2116,6.215872e-10,0.736171,-20.313416,-2.0961095e-9,0.13596357,-17.331549
24-35,short_additive_synth,gifu_pipe_organ,flooded_mine,b53b3cd166c52157,5ef5719090cb3c3e,5,5;9;0,143.606293;177.745285;110.000000,sparse-hashed-13edo-gradual-drones-v14,short,669b4ac9b4fd9463,7.868150;4.784978;7.213308,3.458398;1.700426;2.974342,late_bloom;breathing_drone;soft_drone,modal_noise_resonator,detune_cents=43.618;mode_disorder_percent=5.655;resonated_noise_percent=16.348;clean_percent=60.000;parallel_ruin_percent=23.652;drive=4.241;folds=1,2,0.95123976,-9.785165,-18.00218,16.50218,-1.5,-1.4999995,wav/24_gifu_pipe_organ__35_flooded_mine.wav,2,288000,6.0,1727999,35.99997916666667,0.5790716,0.09783654,-20.18998,6.9474053e-9,0,0,0.5661076,-20.177082,6.5101724e-9,0.5790716,-20.202913,7.384638e-9,0.14057526,-17.041822
24-36,short_additive_synth,gifu_pipe_organ,cappuccino_process,b53b3cd166c52157,c9cb796a64de33e2,12,12;3;7,208.577057;129.080658;159.766510,sparse-hashed-13edo-gradual-drones-v14,short,0191bdc33a978ccd,5.654766;6.133357;6.564403,2.077479;2.319507;2.561535,soft_drone;broad_swell;late_bloom,modal_noise_resonator,detune_cents=43.862;mode_disorder_percent=4.942;resonated_noise_percent=14.147;clean_percent=60.000;parallel_ruin_percent=25.853;drive=4.949;folds=1,2,0.94909036,-9.605093,-14.626407,13.126407,-1.5,-1.5,wav/24_gifu_pipe_organ__36_cappuccino_process.wav,2,288000,6.0,1727999,35.99997916666667,0.74746317,0.0945704,-20.484896,2.7211842e-9,0,0,0.74746317,-20.54003,9.214201e-9,0.67870057,-20.43045,-3.7718326e-9,0.13297102,-17.52486
24-37,short_additive_synth,gifu_pipe_organ,tennis_match,b53b3cd166c52157,09cb934e68f8f084,1,1;5;9,116.024269;143.606293;177.745285,sparse-hashed-13edo-gradual-drones-v14,short,722b6b041f4b1b5f,7.728090;4.495208;7.050022,3.348644;1.590672;2.864588,late_bloom;breathing_drone;soft_drone,modal_noise_resonator,detune_cents=47.556;mode_disorder_percent=5.509;resonated_noise_percent=13.984;clean_percent=60.000;parallel_ruin_percent=26.016;drive=4.797;folds=1,2,0.9488047,-9.557689,-12.5007925,11.0007925,-1.5,-1.4999995,wav/24_gifu_pipe_organ__37_tennis_match.wav,2,288000,6.0,1727999,35.99997916666667,0.61512244,0.09792684,-20.181965,-6.8981376e-10,0,0,0.59952575,-20.176487,1.0137593e-9,0.61512244,-20.18745,-2.3933868e-9,0.13726246,-17.248964
24-38,short_additive_synth,gifu_pipe_organ,chainsaw_cycle,b53b3cd166c52157,5c7feb9d452f2bef,6,6;10;1,151.471039;187.479691;116.024269,sparse-hashed-13edo-gradual-drones-v14,short,f2d4e6959e38fd7b,7.864039;7.548641;7.208529,3.455126;3.213098;2.971070,broad_swell;soft_drone;breathing_drone,saturated_saw_cluster,detune_cents=71.903;drift_cents=15.457;drive=8.011;folds=4;alias_percent=66.475;bits=7;hard_sync_percent=61.988;sample_hold_frames=3,3,0.9343199,-8.359778,-10.632495,9.132495,-1.5,-1.4999995,wav/24_gifu_pipe_organ__38_chainsaw_cycle.wav,2,288000,6.0,1727999,35.99997916666667,0.7340902,0.09598455,-20.355972,1.5772791e-8,0,0,0.63697946,-20.265812,1.2603424e-8,0.7340902,-20.448046,1.8942158e-8,0.1352216,-17.379078
24-39,short_additive_synth,gifu_pipe_organ,near_foghorn,b53b3cd166c52157,1d6af12c6225ab62,4,4;8;12,136.149902;168.516296;208.577057,sparse-hashed-13edo-gradual-drones-v14,short,5ed8acc1e1319082,7.599250;7.263236;6.899027,3.250761;3.008732;2.766704,late_bloom;broad_swell;soft_drone,saturated_saw_cluster,detune_cents=66.302;drift_cents=21.933;drive=9.792;folds=4;alias_percent=68.494;bits=6;hard_sync_percent=62.934;sample_hold_frames=4,3,0.9384836,-8.697254,-10.891179,9.391179,-1.5,-1.5,wav/24_gifu_pipe_organ__39_near_foghorn.wav,2,288000,6.0,1727999,35.99997916666667,0.70910233,0.09603346,-20.351547,1.4823982e-9,0,0,0.70910233,-20.471416,-4.1084496e-9,0.5555263,-20.2349,7.073246e-9,0.12812363,-17.847416
24-40,short_additive_synth,gifu_pipe_organ,barcelona_gate_pa,b53b3cd166c52157,e28efd5cee017776,1,1;5;9,116.024269;143.606293;177.745285,sparse-hashed-13edo-gradual-drones-v14,short,5848a39ec9439944,7.129232;7.475367;6.341281,2.917314;3.159342;2.433258,late_bloom;breathing_drone;soft_drone,modal_noise_resonator,detune_cents=42.929;mode_disorder_percent=4.335;resonated_noise_percent=10.632;clean_percent=60.000;parallel_ruin_percent=29.368;drive=4.440;folds=1,2,0.95049036,-9.719603,-9.300429,7.8004293,-1.5,-1.5000007,wav/24_gifu_pipe_organ__40_barcelona_gate_pa.wav,2,288000,6.0,1727999,35.99997916666667,0.6099313,0.09662427,-20.298275,-1.6024009e-9,0,0,0.53069437,-20.23611,-1.3908175e-9,0.6099313,-20.361345,-1.8139842e-9,0.13598682,-17.330063
24-41,short_additive_synth,gifu_pipe_organ,delhi_subway_cycle,b53b3cd166c52157,3187a582eafedd91,5,5;9;0,143.606293;177.745285;110.000000,sparse-hashed-13edo-gradual-drones-v14,short,3fd5d713e07871a3,6.328416;6.741402;7.118504,2.426060;2.668088;2.910117,broad_swell;late_bloom;breathing_drone,inharmonic_fm,detune_cents=28.251;feedback=0.421;crossfeedback_percent=8.000;index=8.078->2.555;clean_percent=45.000;raw_fm_percent=40.000;parallel_ruin_percent=15.000;phase_drift_radians=0.080;drive=2.741;folds=2,2,0.9489018,-9.566379,-6.8905377,5.3905377,-1.5,-1.4999995,wav/24_gifu_pipe_organ__41_delhi_subway_cycle.wav,2,288000,6.0,1727999,35.99997916666667,0.6638292,0.09732385,-20.235615,-6.164167e-10,0,0,0.55191463,-20.183773,-3.4983725e-9,0.6638292,-20.288084,2.265539e-9,0.13424246,-17.442202
24-42,short_additive_synth,gifu_pipe_organ,hockey_goal,b53b3cd166c52157,7338d14d9c7d0103,0,0;4;8,110.000000;136.149902;168.516296,sparse-hashed-13edo-gradual-drones-v14,short,e0ccb8519be3e0b6,6.348297;5.894070;7.135085,2.437192;2.195164;2.921248,late_bloom;broad_swell;soft_drone,inharmonic_fm,detune_cents=33.897;feedback=0.425;crossfeedback_percent=8.000;index=7.680->3.994;clean_percent=45.000;raw_fm_percent=40.000;parallel_ruin_percent=15.000;phase_drift_radians=0.080;drive=2.348;folds=3,3,0.9367792,-8.559119,-13.113936,11.613936,-1.5,-1.4999995,wav/24_gifu_pipe_organ__42_hockey_goal.wav,2,288000,6.0,1727999,35.99997916666667,0.6418799,0.097825475,-20.190962,1.8313154e-9,0,0,0.5947346,-20.18451,-2.247272e-9,0.6418799,-20.19742,5.909903e-9,0.13810563,-17.195772
24-43,short_additive_synth,gifu_pipe_organ,ambulance_siren,b53b3cd166c52157,f8af2f1a4cb0c701,10,10;1;5,187.479691;116.024269;143.606293,sparse-hashed-13edo-gradual-drones-v14,short,d1cc834fc7115227,7.633882;4.294448;6.939690,3.276787;1.518815;2.792730,broad_swell;late_bloom;breathing_drone,saturated_saw_cluster,detune_cents=73.035;drift_cents=14.193;drive=8.486;folds=3;alias_percent=74.134;bits=5;hard_sync_percent=48.832;sample_hold_frames=3,2,0.94786125,-9.461865,-9.307147,7.807147,-1.5,-1.5000007,wav/24_gifu_pipe_organ__43_ambulance_siren.wav,2,288000,6.0,1727999,35.99997916666667,0.57113993,0.09826197,-20.15229,-6.4584954e-10,0,0,0.57113993,-20.166271,-2.421727e-10,0.5005899,-20.138357,-1.0495264e-9,0.13890648,-17.14555
24-44,short_additive_synth,gifu_pipe_organ,woodshop_process,b53b3cd166c52157,8e1e1d890ae5881a,11,11;2;6,197.747208;122.378456;151.471039,sparse-hashed-13edo-gradual-drones-v14,short,fc500adf82b78a81,6.110086;5.628777;5.087399,2.307112;2.065084;1.823056,breathing_drone;late_bloom;broad_swell,saturated_saw_cluster,detune_cents=78.561;drift_cents=19.075;drive=7.161;folds=4;alias_percent=73.830;bits=7;hard_sync_percent=61.583;sample_hold_frames=3,3,0.9305137,-8.085581,-8.362382,6.862382,-1.5,-1.5000007,wav/24_gifu_pipe_organ__44_woodshop_process.wav,2,288000,6.0,1727999,35.99997916666667,0.6738909,0.096457504,-20.31328,-1.4478966e-9,0,0,0.66843134,-20.32513,-1.25447e-9,0.6738909,-20.30146,-1.6413232e-9,0.1382841,-17.184555
24-45,short_additive_synth,gifu_pipe_organ,tractor_turning_hay,b53b3cd166c52157,241aba059f6c939a,0,0;4;8,110.000000;136.149902;168.516296,sparse-hashed-13edo-gradual-drones-v14,short,adaf17e058abf03b,7.850543;7.534125;5.331510,3.444406;3.202377;1.928462,soft_drone;breathing_drone;late_bloom,saturated_saw_cluster,detune_cents=83.648;drift_cents=12.623;drive=7.302;folds=4;alias_percent=69.592;bits=7;hard_sync_percent=51.216;sample_hold_frames=3,3,0.9363292,-8.503485,-3.235734,1.735734,-1.5,-1.5000007,wav/24_gifu_pipe_organ__45_tractor_turning_hay.wav,2,288000,6.0,1727999,35.99997916666667,0.49377513,0.09835315,-20.144234,-3.5017071e-9,0,0,0.46458986,-20.14919,-1.8265118e-9,0.49377513,-20.139284,-5.1769025e-9,0.14127955,-16.998413
24-46,short_additive_synth,gifu_pipe_organ,hail_thunder,b53b3cd166c52157,8ca435fa8014940b,5,5;9;0,143.606293;177.745285;110.000000,sparse-hashed-13edo-gradual-drones-v14,short,6ab1ab8f716ddc09,7.636179;4.299403;4.940881,3.278521;1.520549;1.762577,late_bloom;soft_drone;broad_swell,saturated_saw_cluster,detune_cents=65.761;drift_cents=14.215;drive=7.210;folds=3;alias_percent=64.420;bits=6;hard_sync_percent=62.591;sample_hold_frames=3,2,0.9490698,-9.548654,-9.080633,7.580633,-1.5,-1.4999995,wav/24_gifu_pipe_organ__46_hail_thunder.wav,2,288000,6.0,1727999,35.99997916666667,0.6661609,0.097595595,-20.211395,3.946591e-9,0,0,0.6661609,-20.190643,4.680953e-10,0.64559436,-20.232246,7.425087e-9,0.13827865,-17.184898
24-47,short_additive_synth,gifu_pipe_organ,marielle_protest,b53b3cd166c52157,b99f4919a8dffbad,9,9;0;4,177.745285;110.000000;136.149902,sparse-hashed-13edo-gradual-drones-v14,short,65c51a8df30ef057,6.170748;5.696493;6.987462,2.339563;2.097535;2.823620,broad_swell;soft_drone;breathing_drone,saturated_saw_cluster,detune_cents=64.410;drift_cents=15.777;drive=8.287;folds=4;alias_percent=79.013;bits=6;hard_sync_percent=65.355;sample_hold_frames=2,3,0.92860067,-7.9815507,-9.50214,8.00214,-1.5,-1.5000007,wav/24_gifu_pipe_organ__47_marielle_protest.wav,2,288000,6.0,1727999,35.99997916666667,0.597267,0.098167434,-20.160652,6.506058e-10,0,0,0.4964724,-20.14917,3.2102367e-9,0.597267,-20.172165,-1.9090252e-9,0.1380799,-17.197392
24-48,short_additive_synth,gifu_pipe_organ,hair_salon_tools,b53b3cd166c52157,91febc7e6d506cc8,3,3;7;11,129.080658;159.766510;197.747208,sparse-hashed-13edo-gradual-drones-v14,short,5488bcdeea875aa4,6.924954;6.529861;7.621326,2.783271;2.541243;3.267327,soft_drone;breathing_drone;late_bloom,saturated_saw_cluster,detune_cents=67.916;drift_cents=12.595;drive=7.295;folds=4;alias_percent=69.546;bits=6;hard_sync_percent=65.154;sample_hold_frames=4,3,0.939122,-8.729282,-14.17973,12.67973,-1.5,-1.5000007,wav/24_gifu_pipe_organ__48_hair_salon_tools.wav,2,288000,6.0,1727999,35.99997916666667,0.74255437,0.09746897,-20.222673,1.0961819e-9,0,0,0.65293384,-20.234278,2.423006e-10,0.74255437,-20.211098,1.9500632e-9,0.13883637,-17.149935
