id	palette	topic	role	seconds	trim_start	title	creator	source_page	download_url	license	license_url	source_page_sha256	media_sha256	advertised_duration_seconds	decoded_duration_seconds	used_by
drift_gentle_ocean_l	drift	gentle_ocean	long	30	10	Gentle Ocean Waves Mix (2018)	esh9419	https://freesound.org/people/esh9419/sounds/417797	https://cdn.freesound.org/previews/417/417797_3285887-hq.mp3	Creative Commons 0	https://creativecommons.org/publicdomain/zero/1.0/	85b7051d52be9977b355c2b6a24a122819b4514babd15b4c7c89c3cda9bd0c95	a9865a6b05163a691bc29fe3d559533d2e147c6066b25f515a764e19b980363a	719.770000	719.769938	drift;tideforge
drift_gentle_ocean_s	drift	gentle_ocean	short	12	5	Gentle ocean waves birdsong and gull.WAV	jackmichaelking	https://freesound.org/people/jackmichaelking/sounds/518637	https://cdn.freesound.org/previews/518/518637_6089496-hq.mp3	Creative Commons 0	https://creativecommons.org/publicdomain/zero/1.0/	f7019356de72653530d50b7147edc3903be2f964ed61b5c5c9d3208ac7233466	8b6c1785953eccb1d79388a036cc83c9d4b8385d3e81a603cd936646e33b0817	115.094000	115.094059	drift;tideforge
drift_rocky_surf_l	drift	rocky_surf	long	30	10	Surf_Rocky.m4a	hopperp56	https://freesound.org/people/hopperp56/sounds/510896	https://cdn.freesound.org/previews/510/510896_4539960-hq.mp3	Creative Commons 0	https://creativecommons.org/publicdomain/zero/1.0/	8aae7a696b8167ead3db78e17e3cdcffab27fc5b8d2d357b3bfeb8fde8332a07	66c4405d78f6c7929417b609450b3af374984b9a9c78baea9e6a3b9f1814afec	288.128000	288.128000	drift
drift_rocky_surf_s	drift	rocky_surf	short	12	5	Black Sand Beach Walk.wav	deepseapro	https://freesound.org/people/deepseapro/sounds/376874	https://cdn.freesound.org/previews/376/376874_2401023-hq.mp3	Creative Commons 0	https://creativecommons.org/publicdomain/zero/1.0/	052afc6b681e1a78fb34166355fe241c56a8173a8d7ba284abb757e412431ec6	52e588981110d33139829a60ef6527b410400f8ccfd0738452cd9febdc20a8ef	564.797000	564.796961	drift
drift_quiet_river_l	drift	quiet_river	long	30	8.688	Hydrophone underwater stream quiet.wav	JavierZumer	https://freesound.org/people/JavierZumer/sounds/422663	https://cdn.freesound.org/previews/422/422663_2836758-hq.mp3	Creative Commons 0	https://creativecommons.org/publicdomain/zero/1.0/	359e84413e739ace54fc45a1120eb95d143b6b9e263e5e491b0ab28db69dadee	f443393ca00f7f821a8dc5cd5035ed028df7e3edf08fd02c4bd01dd8b8f9fb50	56.064000	56.064000	drift;tideforge
drift_quiet_river_s	drift	quiet_river	short	12	5	Ambiance_River_Flow_Small_Loop_Stereo.wav	Nox_Sound	https://freesound.org/people/Nox_Sound/sounds/479321	https://cdn.freesound.org/previews/479/479321_9250976-hq.mp3	Creative Commons 0	https://creativecommons.org/publicdomain/zero/1.0/	41e0cfb8b35b31b2bb020256e72f060cb38aecd0bea6a1459f6479c5156c9502	6936b7ab8b09d4fb5f4fe581084246c37b0aa94aac81282df4b7edb0fc1f2448	34.209000	34.209563	drift;tideforge
drift_forest_creek_l	drift	forest_creek	long	30	10	Creek - Forest - Nature - Loop - Bach - Wald - Natur	IchBinChrist	https://freesound.org/people/IchBinChrist/sounds/384276	https://cdn.freesound.org/previews/384/384276_3216899-hq.mp3	Creative Commons 0	https://creativecommons.org/publicdomain/zero/1.0/	c8be1927404c59d6083c23da63377e676c936b8456c58d559f44a25aaef4423b	c4dbc5b312f75e75f8181f0bb7de86a33b1ed6ba899bbfb2c688d3f0449df07a	234.720000	234.720000	drift
drift_forest_creek_s	drift	forest_creek	short	12	5	Spring Creek Deep Forest March 28 2021.mp3	kvgarlic	https://freesound.org/people/kvgarlic/sounds/566283	https://cdn.freesound.org/previews/566/566283_1050391-hq.mp3	Creative Commons 0	https://creativecommons.org/publicdomain/zero/1.0/	007f9846dabcc98c91af3a034da3f3a67afa6bb94ebfa79b87b54054633fd812	a65b5b6ed64c04f12fad706f0adbc76e5cb4c76e65c130014af76f4b9e819a11	633.954000	633.953719	drift
drift_waterfall_l	drift	waterfall	long	30	10	nature-waterfall-Blaafarveverket-090721.wav	ra_gun	https://freesound.org/people/ra_gun/sounds/81272	https://cdn.freesound.org/previews/81/81272_94000-hq.mp3	Creative Commons 0	https://creativecommons.org/publicdomain/zero/1.0/	2e71cbd6dd34c73aa5d76e25e649429a9f11d7ae1ab95cc78e16a663b2192f2d	965441e47c8b6d9953610d80a4a5dcd564f056d6ab66ccaf5d150a27bf13b413	60.240000	60.240000	drift;tideforge
drift_waterfall_s	drift	waterfall	short	12	5	Ambiance_Waterfall_Loop_01.wav	Nox_Sound	https://freesound.org/people/Nox_Sound/sounds/511078	https://cdn.freesound.org/previews/511/511078_9250976-hq.mp3	Creative Commons 0	https://creativecommons.org/publicdomain/zero/1.0/	63e2e9801aad35a39293a9bdca99f808050f3363b50b9b1824efb862ea9fdc0d	ff4bc4584ceb25cfce44b311d247e7f951d92b6c3bf6d9a5c53ec70b66659480	29.253000	29.252979	drift;tideforge
drift_light_rain_l	drift	light_rain	long	30	10	light rain ambience	seth-m	https://freesound.org/people/seth-m/sounds/270349	https://cdn.freesound.org/previews/270/270349_3366749-hq.mp3	Creative Commons 0	https://creativecommons.org/publicdomain/zero/1.0/	360a884e118bf1b2813c769b1f3210e9929ceebd9bf7fd4ece61cf4ecf413017	bcf301efcabd8d125fd46149613ad5c7e6e111e07e24d5e3b527d99c319ad28d	210.598000	210.598292	drift
drift_light_rain_s	drift	light_rain	short	12	5	birds chirping forest light rain ambience	larspriebe	https://freesound.org/people/larspriebe/sounds/629003	https://cdn.freesound.org/previews/629/629003_6342935-hq.mp3	Creative Commons 0	https://creativecommons.org/publicdomain/zero/1.0/	721cf90a3bcc107de9a511a57689e44525e9fc253d85f090362475119f79a944	78f519b2e95a6402a2420c66e90ba7d75fad9666c80d3d090da030bf8177fefc	209.120000	209.120204	drift
drift_rain_roof_l	drift	rain_roof	long	30	10	Rain on roof 0001.wav	frenkfurth	https://freesound.org/people/frenkfurth/sounds/650428	https://cdn.freesound.org/previews/650/650428_13558226-hq.mp3	Creative Commons 0	https://creativecommons.org/publicdomain/zero/1.0/	8a575319478e722c091d05ba986fc2b973433090b3b66e4ef2bf4b60a64c318b	2b0aa09dfbfe3f2ee641ce75a286454e26b01ee77eaebbbfa62693ba8930c0b2	630.359000	630.358625	drift;tideforge
drift_rain_roof_s	drift	rain_roof	short	12	5	Rain on roof 0002.wav	frenkfurth	https://freesound.org/people/frenkfurth/sounds/650427	https://cdn.freesound.org/previews/650/650427_13558226-hq.mp3	Creative Commons 0	https://creativecommons.org/publicdomain/zero/1.0/	0ae00ba047da28125f038e16df8cf972126b3be1c0b9fcd1a7bb661c6d3618b7	a5772d5e452b813c85aa9551b63b3b7adb3ce19c58c087cfecccdb1e61aca219	1801.220000	17.100000	drift;tideforge
drift_pine_wind_l	drift	pine_wind	long	30	10	Wind in a pine tree, constant, with some birds and cricket, slight gust of wind at the evening in a little woods in the forest in New Mexico	felix.blume	https://freesound.org/people/felix.blume/sounds/655501	https://cdn.freesound.org/previews/655/655501_1661766-hq.mp3	Creative Commons 0	https://creativecommons.org/publicdomain/zero/1.0/	9de3a184f842f4157bba796a1ee3f544bdabf98fa1e8c84202e8228d3466593d	55707a6f80f54c1bcebdace836fd266a1ce75439564d5532a2feeef04c6fbf27	262.365000	262.364583	drift
drift_pine_wind_s	drift	pine_wind	short	12	5	Wind and Ambient in Pine Forest.mp3	setcookie	https://freesound.org/people/setcookie/sounds/654566	https://cdn.freesound.org/previews/654/654566_691380-hq.mp3	Creative Commons 0	https://creativecommons.org/publicdomain/zero/1.0/	d3e56b4e5868d40098b8eaf03056e0137edfb8a350bf5fbe22356af58650f8f3	05b9059909fdec72faa974e880ceada06c462bebd3c856f097ea22d6af7addec	120.527000	120.526667	drift
drift_rustling_leaves_l	drift	rustling_leaves	long	30	2.036	Leaves Rustling in Wind - Zoom H6.wav	lunchmoney	https://freesound.org/people/lunchmoney/sounds/378725	https://cdn.freesound.org/previews/378/378725_6692504-hq.mp3	Creative Commons 0	https://creativecommons.org/publicdomain/zero/1.0/	c860a2494acb718c7e7f41151c79ac6eb84f9a5035b2850f0dcb9db6a489b389	c5bbdbbe3d2ed12271af1a4fd3e58a27a02ac10ece96c1ac4d1f9e4de24f4ee5	36.108000	36.108000	drift;tideforge
drift_rustling_leaves_s	drift	rustling_leaves	short	12	5	Forest, trees rustling in the wind.wav	arpeggio1980	https://freesound.org/people/arpeggio1980/sounds/523389	https://cdn.freesound.org/previews/523/523389_2010973-hq.mp3	Creative Commons 0	https://creativecommons.org/publicdomain/zero/1.0/	3f10e0ff8d33bc293344da4562c853ec638f251acfdaae4094e4feba96bfd93a	80eb06d3a6b4d8e00f89d9cd20f4d0262b90714ca7bf4603238ec5e51d8e5b2c	139.520000	139.520000	drift;tideforge
drift_meadow_l	drift	meadow	long	30	10	Rural Vermont Morning	muses212	https://freesound.org/people/muses212/sounds/585809	https://cdn.freesound.org/previews/585/585809_1045209-hq.mp3	Creative Commons 0	https://creativecommons.org/publicdomain/zero/1.0/	b74d1cd19b76e31d0cc94d446243693dd2b1f27ad18195866fd2b16d89ce041f	0bd4a67511407edf60b8ce6da08f17a74c19a19b87ebc7c9bb52ded6a4fb8304	172.948000	172.948000	drift
drift_meadow_s	drift	meadow	short	12	5	Sussex Woodland & Meadow Bird Sounds, Evening.MP3	Vonora	https://freesound.org/people/Vonora/sounds/269559	https://cdn.freesound.org/previews/269/269559_5126800-hq.mp3	Creative Commons 0	https://creativecommons.org/publicdomain/zero/1.0/	456e8e2c785613747a1d9f3b158076308817c263cf674c6e50d2ee13418432f3	d7dd12e952e1e2eef6d9f1dba4c52a7b3fb7195177334fb2516818089b57a660	145.459000	145.459469	drift
drift_mountain_wind_l	drift	mountain_wind	long	30	10	Ambience Mountain Outdoor Mirador Torrebaro	bitlab_coop	https://freesound.org/people/bitlab_coop/sounds/486894	https://cdn.freesound.org/previews/486/486894_9872712-hq.mp3	Creative Commons 0	https://creativecommons.org/publicdomain/zero/1.0/	99d65651544ca32a5125b4191452c78b307ddfed4492b3602561f83fe99274a3	f98494cde39941c202992718ae85f7cc768a034f3c58773d0115aa4b91d713a5	171.513000	171.512563	drift;tideforge
drift_mountain_wind_s	drift	mountain_wind	short	12	5	Ambience Mountain Outdoor Mirador Horta	bitlab_coop	https://freesound.org/people/bitlab_coop/sounds/486891	https://cdn.freesound.org/previews/486/486891_9872712-hq.mp3	Creative Commons 0	https://creativecommons.org/publicdomain/zero/1.0/	bccc57218d08a6c29aa734d25e0a1b207300d2ff0a11910bd1033601b3cb6e4f	9c017248c018173b2a1a584713a13b3cff3b0510e01acfd2da8eac23685c2e1b	277.774000	277.774104	drift;tideforge
drift_desert_wind_l	drift	desert_wind	long	30	3.714	Looping Gentle Wind Ambience on an Open Desert Plain.wav	dhallcomposer	https://freesound.org/people/dhallcomposer/sounds/697217	https://cdn.freesound.org/previews/697/697217_7678208-hq.mp3	Creative Commons 0	https://creativecommons.org/publicdomain/zero/1.0/	c587446cd493e4e4235ed5c776fad3ffad52078f0678425b27f5f1db3a39b235	cf0ee0f0ac5a8b9e90e389de33446b7c70f0e18f162b86ae1ecc361199a87b8a	41.142000	41.142854	drift
drift_desert_wind_s	drift	desert_wind	short	12	5	Wind in the desert countryside 2	fran_marenco	https://freesound.org/people/fran_marenco/sounds/796194	https://cdn.freesound.org/previews/796/796194_3557494-hq.mp3	Creative Commons 0	https://creativecommons.org/publicdomain/zero/1.0/	1177cb56641feb22f17270527e78d501528a787f8ca4c9cf4de418bb9411edd4	5c5bebd3c1ce9a63598cc844f519675ffccf9fabbccedb35f868a5710ffe4ae5	165.260000	165.259563	drift
drift_lake_shore_l	drift	lake_shore	long	30	10	Calm Morning on the Shore, with a couple of Stouts	JohnLaVine333	https://freesound.org/people/JohnLaVine333/sounds/399741	https://cdn.freesound.org/previews/399/399741_450294-hq.mp3	Creative Commons 0	https://creativecommons.org/publicdomain/zero/1.0/	e2cf3929ba8416e3d98e64ae2b95dcfca1ca87a20bed45ba563c23cff8ce9d94	bf33598c7737b3a07a4842382399e1e59b75890afdd859cef609802ee6c784d3	1836.130000	40.100000	drift;tideforge
drift_lake_shore_s	drift	lake_shore	short	12	5	2023-10-03 lake shore ambience.wav	Mick_	https://freesound.org/people/Mick_/sounds/705034	https://cdn.freesound.org/previews/705/705034_8356325-hq.mp3	Creative Commons 0	https://creativecommons.org/publicdomain/zero/1.0/	3edbcb9b35b3b43d8a3d86234867eb499b8f4899969a637ddc4609fded241d47	b37260bc8581be7210a1b64e5b0fe87086ad1ddcfdddd97e237106891ee8ca2b	204.974000	204.974150	drift;tideforge
drift_pond_l	drift	pond	long	30	10	Calm pond bright wind in reeds geese water TTP 190401.flac	TRP	https://freesound.org/people/TRP/sounds/573823	https://cdn.freesound.org/previews/573/573823_97550-hq.mp3	Creative Commons 0	https://creativecommons.org/publicdomain/zero/1.0/	89b57f0ee3b56474b470d9bcd85fa67f496836d1979347f5a507848a3f4ca644	bcb6f6760f07d3bc470cad429dbde9f986fcf9e83d14777aa59cfcd2b6b6c75e	84.839000	84.839583	drift
drift_pond_s	drift	pond	short	12	0.955	Autumn forest - leaves falling close to pond III (loopable)	Mjeno	https://freesound.org/people/Mjeno/sounds/405135	https://cdn.freesound.org/previews/405/405135_3958938-hq.mp3	Creative Commons 0	https://creativecommons.org/publicdomain/zero/1.0/	dad76e182d222c3573937528156b916fdf893f3ac5db18bfd2e881d9986ea08c	46b7efa453d453130dfcad86601e427d85a744eb4a6cf4baf6923ce6f9003216	14.865000	14.865938	drift
drift_marsh_l	drift	marsh	long	30	10	Swamp Ambience.mp3	RyanKingArt	https://freesound.org/people/RyanKingArt/sounds/547690	https://cdn.freesound.org/previews/547/547690_11069322-hq.mp3	Creative Commons 0	https://creativecommons.org/publicdomain/zero/1.0/	82724dcf1a70646c2be5c33dcc74d90ee7f1ab3d8a3d3e9d95ed6503215be988	5cb9269207e27d5c16bd32f8c16ee18b768b595584476d388b7b4095e2e32461	67.417000	67.416979	drift;tideforge
drift_marsh_s	drift	marsh	short	12	5	Frogs and geese in a swamp	DBlover	https://freesound.org/people/DBlover/sounds/633817	https://cdn.freesound.org/previews/633/633817_7846219-hq.mp3	Creative Commons 0	https://creativecommons.org/publicdomain/zero/1.0/	05eeaa60b62ea4100b964ffad0b1252c04d8c2c1fab558af7d3f01ab6e95aaf5	91dd1237b27faa5d5903a208f27a3032333f27d92209d7bac342ab2932f2e606	506.331000	506.331429	drift;tideforge
drift_cave_drops_l	drift	cave_drops	long	30	5.856	Many drops of water in a big cave (Karstic system Ojo Guareña, Burgos, Spain)	nomadas	https://freesound.org/people/nomadas/sounds/609161	https://cdn.freesound.org/previews/609/609161_938246-hq.mp3	Creative Commons 0	https://creativecommons.org/publicdomain/zero/1.0/	7d2020242f5e01cb7974e6e71ede0f1f8f83a4a360125cfb816f866a3377accb	61e2afed409f0db538dd38770cbf1dfe617e9908b5f4054454c781a2c29acf32	47.569000	47.569083	drift
drift_cave_drops_s	drift	cave_drops	short	12	3.669	water drops in cave.wav	banasz	https://freesound.org/people/banasz/sounds/583804	https://cdn.freesound.org/previews/583/583804_7841129-hq.mp3	Creative Commons 0	https://creativecommons.org/publicdomain/zero/1.0/	224226461037b05a9c36ba5e35f9c5da9ea0b217211a71d1930062e3aa858768	f785c40c2df0363c85fde121771dc11ec803258c5417156dc17111b3c01f4fe0	23.008000	23.008005	drift
drift_underwater_l	drift	underwater	long	30	4.667	Underwater ambience.wav	Merrick079	https://freesound.org/people/Merrick079/sounds/567347	https://cdn.freesound.org/previews/567/567347_12735833-hq.mp3	Creative Commons 0	https://creativecommons.org/publicdomain/zero/1.0/	9b9495971c7494a21581f0cc0144301ae34d99078e7db7617cafe3c3265ac80b	21de84a4464d08457adf92943932d6c4555155e9fd31abf5c9a94c6b9d909d14	44.000000	44.000000	drift;tideforge
drift_underwater_s	drift	underwater	short	12	5	Ambiance_Underwater_Stereo.wav	Nox_Sound	https://freesound.org/people/Nox_Sound/sounds/482116	https://cdn.freesound.org/previews/482/482116_9250976-hq.mp3	Creative Commons 0	https://creativecommons.org/publicdomain/zero/1.0/	49b9b4fc056123af36d2d36d2cac7d1a981afb74efee18558f9be5c483ee4c54	856b28e3b27e27aac393270158c6b5319408bb4372e306271076f60a01ef636b	45.000000	45.000000	drift;tideforge
drift_harbor_water_l	drift	harbor_water	long	30	10	Harbor ambience with gale winds whining.wav	cher1101	https://freesound.org/people/cher1101/sounds/672690	https://cdn.freesound.org/previews/672/672690_9551767-hq.mp3	Creative Commons 0	https://creativecommons.org/publicdomain/zero/1.0/	b36a6d3addac6deac1231343d6efcbcd950ae2c0c90e93b84a955101f5aac97b	2c5a8a75bcd654b868b0bace7185e93cdd9cbc166f8003098931f47b9444a83c	103.000000	103.000000	drift
drift_harbor_water_s	drift	harbor_water	short	12	5	Screeching rusty jetty with harbor ambience.wav	cher1101	https://freesound.org/people/cher1101/sounds/672692	https://cdn.freesound.org/previews/672/672692_9551767-hq.mp3	Creative Commons 0	https://creativecommons.org/publicdomain/zero/1.0/	72710c47b795ddfc4bb278596afee019122fa044aaf4ffc9229738d2f2efc531	08c1ec7a18bfda2a6db70370ecf4ce3f83f422558f5c161ab302b14fd2449e06	58.000000	58.000000	drift
drift_bamboo_l	drift	bamboo	long	30	10	Wind in the bamboo grove.mp3	azdipu	https://freesound.org/people/azdipu/sounds/339331	https://cdn.freesound.org/previews/339/339331_5328817-hq.mp3	Creative Commons 0	https://creativecommons.org/publicdomain/zero/1.0/	b9617c33200fcb33233d7753a877b99af3dfb05debc06ec1124fb0e213f52779	234d866f921ac909e7c000202a616fe19651796e6ae2b1ed54de8bdb10f2dfc6	280.125000	280.124688	drift;tideforge
drift_bamboo_s	drift	bamboo	short	12	5	bamboo forest (2).wav	Codly	https://freesound.org/people/Codly/sounds/546986	https://cdn.freesound.org/previews/546/546986_6299643-hq.mp3	Creative Commons 0	https://creativecommons.org/publicdomain/zero/1.0/	6e1335a4be48aa5a904de05cc1a4671661f30ad4dc2f8681fcee20983efba582	6ff3ea8b7bc959e8d87f92392f489e5421979ca19e69942665ec7dd7b8e842cc	104.702000	104.702104	drift;tideforge
drift_rainforest_l	drift	rainforest	long	30	10	Bako National Park, Borneo Island, Rain Forest Ambience daytime 01.10.2013 Roland R-26 OMNI Mics.wav	gladkiy	https://freesound.org/people/gladkiy/sounds/333225	https://cdn.freesound.org/previews/333/333225_2364707-hq.mp3	Creative Commons 0	https://creativecommons.org/publicdomain/zero/1.0/	d7c1c3b2ccb6d6644ce8c06261d2a9f1eee2eee0ced696b611ec44d2f9e144cd	669b5cc511cf9136daa6c18a45fbaffa47c77f09bb89a07e67c8744d3f5d7f07	63.841000	63.841667	drift
drift_rainforest_s	drift	rainforest	short	12	5	Bako National Park, Borneo Island, Rain Forest Ambience near a water stream daytime 01.10.2013 Roland R-26 XY Mics	gladkiy	https://freesound.org/people/gladkiy/sounds/333222	https://cdn.freesound.org/previews/333/333222_2364707-hq.mp3	Creative Commons 0	https://creativecommons.org/publicdomain/zero/1.0/	0c8a294a4f541b89b33f817ee9d35d68856702012e0c8fc0a2ba7a1325841247	c7d8565b8bc57b0193fad822671f52884825cd3277fa46608c9d005635ef3e75	208.000000	208.000000	drift
drift_snow_forest_l	drift	snow_forest	long	30	10	Winter Fantasy Witch Dark Forest River Coyote Rain Snow Wind Birds Dogs Nature Atmosphere Ambient Surround.wav	szegvari	https://freesound.org/people/szegvari/sounds/609035	https://cdn.freesound.org/previews/609/609035_2282212-hq.mp3	Creative Commons 0	https://creativecommons.org/publicdomain/zero/1.0/	769970733d80d5f94beb2ec7493479ba787bcacde9b24d3d2229779473475261	a453c068de0782e80fcc8d791ff7bb21aca7474262d1584ca132a11b6018236a	154.304000	154.304021	drift;tideforge
drift_snow_forest_s	drift	snow_forest	short	12	5	kopa_karpacz.wav	monosfera	https://freesound.org/people/monosfera/sounds/569088	https://cdn.freesound.org/previews/569/569088_3625175-hq.mp3	Creative Commons 0	https://creativecommons.org/publicdomain/zero/1.0/	f78b58e86161b33ba5f4f49d6d9fe666fd7600274cdd26c852ae386e7dde4418	5e654f6d232900d602336e9bb7eabd88798e362af9fe6d0fbf499844d1c77ba3	54.252000	54.252000	drift;tideforge
drift_countryside_dawn_l	drift	countryside_dawn	long	30	10	Dawn chorus - Hampshire countryside Springtime	richwise	https://freesound.org/people/richwise/sounds/466242	https://cdn.freesound.org/previews/466/466242_1481531-hq.mp3	Creative Commons 0	https://creativecommons.org/publicdomain/zero/1.0/	b7fb55aceeb9680b82a399fb67edbeac318e9ffe238ea1d249e701842f7cb658	831632552c67bd6b4b770900b7e4d572bb3ef5f4b9ef5d47986092549348b859	592.778000	592.778000	drift
drift_countryside_dawn_s	drift	countryside_dawn	short	12	5	Countryside	brunoboselli	https://freesound.org/people/brunoboselli/sounds/458113	https://cdn.freesound.org/previews/458/458113_300738-hq.mp3	Creative Commons 0	https://creativecommons.org/publicdomain/zero/1.0/	25c40af538f5975cf5dc85708e9774f93f3d7765bea426b2503ff8d5cc61ab47	5680146c0a98fbee52f0bb286e9ac0d69ab922c356f562cdad797e08dad5c49f	58.000000	58.000021	drift
drift_countryside_night_l	drift	countryside_night	long	30	10	Sound - quiet sunny summer evening in the country.m4a	Urkki69	https://freesound.org/people/Urkki69/sounds/581430	https://cdn.freesound.org/previews/581/581430_12244617-hq.mp3	Creative Commons 0	https://creativecommons.org/publicdomain/zero/1.0/	26f12798a3c3ef77ba642b34a713ca85c6b18578e10c865a9a8cc1226dbd304e	aa68daa69f45b9fdc0b85177cb9a8e335f53ef4eb4d3add5dc3f478eb385e876	422.528000	422.528005	drift;tideforge
drift_countryside_night_s	drift	countryside_night	short	12	5	crickets.wav	zerrofs	https://freesound.org/people/zerrofs/sounds/118419	https://cdn.freesound.org/previews/118/118419_540291-hq.mp3	Creative Commons 0	https://creativecommons.org/publicdomain/zero/1.0/	dcb176411a8bca8b0dafdcebaac72b499b85fe20593795bc8fdf5976cf85084f	7629328b419d7aa183789e67e113cddd8ae1062e8571e8015ffaa91948a3581a	33.680000	33.680794	drift;tideforge
drift_garden_l	drift	garden	long	30	3.444	Quiet back garden ambience.wav	lolamadeus	https://freesound.org/people/lolamadeus/sounds/157921	https://cdn.freesound.org/previews/157/157921_544580-hq.mp3	Creative Commons 0	https://creativecommons.org/publicdomain/zero/1.0/	528787dc2f46bbf233799a14465ca2e5ccc5490a2433ac0bcdcf06ca4c0f8f5d	0716d574caf3e93043fbab5a6510601c185f692888c5b6a8838c677b77ea7f45	40.333000	40.333061	drift
drift_garden_s	drift	garden	short	12	5	More from my garden during lockdown	richwise	https://freesound.org/people/richwise/sounds/516548	https://cdn.freesound.org/previews/516/516548_1481531-hq.mp3	Creative Commons 0	https://creativecommons.org/publicdomain/zero/1.0/	938b6e9f67cdc9e4ad5cec49d5d4326d97ee321a46af608a1b8ecd008fc4e874	3eab746bd6c6ae45bdf8421252328e38738a7f1c728fe1a7f2d8b40e3297026d	1033.329000	17.100000	drift
menagerie_songbirds_l	menagerie	songbirds	long	30	10	Songbirds and Crows 2	silentseason	https://freesound.org/people/silentseason/sounds/336667	https://cdn.freesound.org/previews/336/336667_1575560-hq.mp3	Creative Commons 0	https://creativecommons.org/publicdomain/zero/1.0/	938f425fb621fae505c57fad5f37d4b5990a16a6d667db693757215ab83c62a1	4dec949b2bf32b4dbadb6d8a4ae0b81623403a5a927999cb896841f4da470039	67.477000	67.477188	menagerie;wildwire
menagerie_songbirds_s	menagerie	songbirds	short	12	5	Songbirds and Crows	silentseason	https://freesound.org/people/silentseason/sounds/336666	https://cdn.freesound.org/previews/336/336666_1575560-hq.mp3	Creative Commons 0	https://creativecommons.org/publicdomain/zero/1.0/	e3d1054d2f68dee7f06220bb482703e5a82188b4853266faf49e24726b54f571	29fbe0fe666291117d73c9d3b9e75946e65950a2d475437b4df438172cd4b8c2	323.895000	323.895147	menagerie;wildwire
menagerie_owls_l	menagerie	owls	long	30	10	tawny owl and Robin early Night	ianStelar	https://freesound.org/people/ianStelar/sounds/549275	https://cdn.freesound.org/previews/549/549275_12323168-hq.mp3	Creative Commons 0	https://creativecommons.org/publicdomain/zero/1.0/	59b46fa89271fcb0318b51fb5ad7099b2c95d9829c52c7800a357d48e2eecb2a	e294e28ec1d2243247f741d583e6d2d66e99a2821a93c9b75fd466dac8200fdc	61.000000	61.000000	menagerie
menagerie_owls_s	menagerie	owls	short	12	5	Dog barking at night in forest edge, with crickets and a distant bird owl	felix.blume	https://freesound.org/people/felix.blume/sounds/638700	https://cdn.freesound.org/previews/638/638700_1661766-hq.mp3	Creative Commons 0	https://creativecommons.org/publicdomain/zero/1.0/	46d543a2bd84cd9b7795ea2547ecf18ad2c62a1789f952af3e3c208509457375	11c0e4043e9a3aa5d92ae79ad8b0f048bf88c82bf3d8a799927cf4a6cf7900cf	167.680000	167.680333	menagerie
menagerie_frogs_l	menagerie	frogs	long	30	10	spring frog chorus.m4a	artfreeslife	https://freesound.org/people/artfreeslife/sounds/684900	https://cdn.freesound.org/previews/684/684900_11751758-hq.mp3	Creative Commons 0	https://creativecommons.org/publicdomain/zero/1.0/	1aabaad62e93ff514aee6241b01f340a65de8b039d0f5de7c2db453da6b0c1bb	ae2b4e666b55154f0848fd79d63492d4cc99aabbc8d6efb451b4343fea77e350	181.653000	181.653333	menagerie;wildwire
menagerie_frogs_s	menagerie	frogs	short	12	5	Frogs in pond chorused	robopro99	https://freesound.org/people/robopro99/sounds/692921	https://cdn.freesound.org/previews/692/692921_3195919-hq.mp3	Creative Commons 0	https://creativecommons.org/publicdomain/zero/1.0/	b60d19d01c11f5318eda3153af865aa755a387408da39f6bb428ed2f894b4740	e48fff0cb4a68767e85ddc41588ab7bb6376e4a7dfb57c642d409ce579dcc9a7	90.032000	90.032086	menagerie;wildwire
menagerie_crickets_l	menagerie	crickets	long	30	10	AMBRurl_BR Serrinha do alambari night frogs chorus with close crickets_Melia Roger_ORTF Schoeps.WAV	MeliaRoger	https://freesound.org/people/MeliaRoger/sounds/645706	https://cdn.freesound.org/previews/645/645706_13222620-hq.mp3	Creative Commons 0	https://creativecommons.org/publicdomain/zero/1.0/	8df091546adf4169d2bcecdadb39d5468a93e844794d8ca744a4c797c6da6d9b	be79dc94654943a64e899a34c5957b5a5f906f55ec9e76025cad13eb24ab1004	528.837000	528.837083	menagerie
menagerie_crickets_s	menagerie	crickets	short	12	5	200821 Night, summer, crickets thick chorus, mono PEC 11pm.flac	TRP	https://freesound.org/people/TRP/sounds/567944	https://cdn.freesound.org/previews/567/567944_97550-hq.mp3	Creative Commons 0	https://creativecommons.org/publicdomain/zero/1.0/	2034042dcb8c8b68e7bc292db59dcc3095df6400bf6ac4f797a539f2f232b6df	0a370748fd5df2b35e15f90f9727b94e06ec1754fd45e2211ce3a782741c87a5	95.302000	95.301979	menagerie
menagerie_cicadas_l	menagerie	cicadas	long	30	10	Male Cicada Close Up Mating Calls with Chorus in Background	heyheymaimai	https://freesound.org/people/heyheymaimai/sounds/493059	https://cdn.freesound.org/previews/493/493059_2058051-hq.mp3	Creative Commons 0	https://creativecommons.org/publicdomain/zero/1.0/	537ed9e41c326849b4e31a179ce4d973da7a41a4c4b49ee4ac29f8163b8ce2a2	deb253905d41c53f89204a8fd7654dc1af9902099249b990fe5600dac74a843a	69.679000	69.679500	menagerie;wildwire
menagerie_cicadas_s	menagerie	cicadas	short	12	4.229	Periodical Cicada Chorus at Keystone State Park Pennsylvania	heyheymaimai	https://freesound.org/people/heyheymaimai/sounds/493058	https://cdn.freesound.org/previews/493/493058_2058051-hq.mp3	Creative Commons 0	https://creativecommons.org/publicdomain/zero/1.0/	ca6024939506e114cbf23fb5d0f970cd27b7d7b78ea976d64bd44aca8fe610dc	426b6f8bedc2d7205c0f812ea52860103606ef04047ab293984d9ca208c3b28f	24.687000	24.687354	menagerie;wildwire
menagerie_beehive_l	menagerie	beehive	long	30	10	bees - a lot of them	pillonoise	https://freesound.org/people/pillonoise/sounds/353198	https://cdn.freesound.org/previews/353/353198_2120176-hq.mp3	Creative Commons 0	https://creativecommons.org/publicdomain/zero/1.0/	bf0871715991292a4d1a1c230b2d2758930f352c7614107f9528df94ada3929a	bce7c83cad423c8230c6fa083976e2af4f5a89cf85f4f9bc75b1fcd14dd44d5f	62.044000	62.044444	menagerie
menagerie_beehive_s	menagerie	beehive	short	12	5	Beehive	derjuli	https://freesound.org/people/derjuli/sounds/467224	https://cdn.freesound.org/previews/467/467224_2573247-hq.mp3	Creative Commons 0	https://creativecommons.org/publicdomain/zero/1.0/	123e11d20154fd037a2abe2785a36f07f03a3b868a441e96ab6a00d6fad418b7	d025956919f32831deeab9c7e9bb3a061059092ace6b353bfd54f334c6c698ff	30.211000	30.211604	menagerie
menagerie_sheep_l	menagerie	sheep	long	30	10	Flock of Sheep in Park (English Garden) in Munich	aUREa	https://freesound.org/people/aUREa/sounds/541212	https://cdn.freesound.org/previews/541/541212_542096-hq.mp3	Creative Commons 0	https://creativecommons.org/publicdomain/zero/1.0/	7581d1b7ede69cf37c967f174ad378bcde70063b7e7cc05e78da9fa5977259d5	35053a8e66ca75f14a2bb38b1875a883d5dd36ce356717165ffbac5380880f94	413.280000	413.279932	menagerie;wildwire
menagerie_sheep_s	menagerie	sheep	short	12	5	shepherd and sheep bells.wav	bruno.auzet	https://freesound.org/people/bruno.auzet/sounds/538439	https://cdn.freesound.org/previews/538/538439_11519060-hq.mp3	Creative Commons 0	https://creativecommons.org/publicdomain/zero/1.0/	aa323d879447764e62a08681c658a2df605ca5c03aef29037f84db6d9347fa6d	3b4e12578be5e0161a5e4faafc332dd3fdd6be056915a444e129dad520341f9a	114.140000	114.139542	menagerie;wildwire
menagerie_cattle_l	menagerie	cattle	long	30	6.686	Night at the countryside with cows and crickets.wav	BonnyOrbit	https://freesound.org/people/BonnyOrbit/sounds/645862	https://cdn.freesound.org/previews/645/645862_5902878-hq.mp3	Creative Commons 0	https://creativecommons.org/publicdomain/zero/1.0/	92e141ae986affe12950d50a76e59325fa803b592555b76bcf6ea59a8b477594	fe0a9dafd556ed5e6483175f8ff3a1424d1ad979937bddb7a1e3f726be3c1157	50.059000	50.059479	menagerie
menagerie_cattle_s	menagerie	cattle	short	12	5	Cattle-song-southsudan.mp3	urbanson4	https://freesound.org/people/urbanson4/sounds/415056	https://cdn.freesound.org/previews/415/415056_5433844-hq.mp3	Creative Commons 0	https://creativecommons.org/publicdomain/zero/1.0/	022a8b7920cb5a6514d9b64d2ae7ec214a558e04842cab34262cc3aa88b8af64	4f4736a2c59911fa8b641b9f930b7be83c78eb657f2298ce823342e5b9c22166	56.229000	56.229637	menagerie
menagerie_horses_l	menagerie	horses	long	30	7.921	Horses	vincentmalstaf	https://freesound.org/people/vincentmalstaf/sounds/266366	https://cdn.freesound.org/previews/266/266366_1276125-hq.mp3	Creative Commons 0	https://creativecommons.org/publicdomain/zero/1.0/	bf0e2185c6adeba0a26e64c41cf141b8e0f6430bf04163720b18992373d206f6	b5b265a339af7d8707c77279282d072e08d7cf976df87af6a864fb8521669198	53.762000	53.762494	menagerie;wildwire
menagerie_horses_s	menagerie	horses	short	12	5	horses-and-carriage.wav	ondrosik	https://freesound.org/people/ondrosik/sounds/121129	https://cdn.freesound.org/previews/121/121129_2140699-hq.mp3	Creative Commons 0	https://creativecommons.org/publicdomain/zero/1.0/	caf2217da5fee1ce56c8f71721847c82218d3db72ca50184c2e11d743e440512	3513f92c6b7eb43fa293671e906d16efa2b6581319fe8be1b3d0da426ac92ca7	612.834000	17.100000	menagerie;wildwire
menagerie_dogs_l	menagerie	dogs	long	30	10	Ambience Backgarden birds, plance passes & dogs.wav	Paul368	https://freesound.org/people/Paul368/sounds/237798	https://cdn.freesound.org/previews/237/237798_2971294-hq.mp3	Creative Commons 0	https://creativecommons.org/publicdomain/zero/1.0/	d3a596206b4afe754a207a5c4c355c8cede009b69fa3ac31ee772b39e73636d4	d05b94954039c371ec36aaeaf68770644a6f44ea4879d0ccea38de92fcb95e9f	219.467000	219.466646	menagerie
menagerie_dogs_s	menagerie	dogs	short	12	5	amb, ext, high desert park, distant voices, birds, dog barks, bformat-fuma.wav	drewhalasz	https://freesound.org/people/drewhalasz/sounds/433864	https://cdn.freesound.org/previews/433/433864_138-hq.mp3	Creative Commons 0	https://creativecommons.org/publicdomain/zero/1.0/	64ba412bcaf56fd13091116f3ff95d8f4204ddf7a158ae44885f3f272f168222	ba5a14097e1bda1503375685b6d99699e119091b97a1627f1e90849b38a972f8	121.011000	121.010708	menagerie
menagerie_cats_l	menagerie	cats	long	30	2.578	Cat purring	cubilon	https://freesound.org/people/cubilon/sounds/130968	https://cdn.freesound.org/previews/130/130968_2330675-hq.mp3	Creative Commons 0	https://creativecommons.org/publicdomain/zero/1.0/	ceb3c094cfdb2aa4b9780ade16e69cc0b64b61def1464c33bae4932dd7b329d4	1baf38d2e32b3f0a2aa46217643f73a9a597c387b0de17861f177b129af44e7a	37.733000	37.733333	menagerie;wildwire
menagerie_cats_s	menagerie	cats	short	12	5	Cat purring .wav	pickleparade	https://freesound.org/people/pickleparade/sounds/262955	https://cdn.freesound.org/previews/262/262955_128837-hq.mp3	Creative Commons 0	https://creativecommons.org/publicdomain/zero/1.0/	e4013c9e80e7d853e1948a653129fb2609c5e3186bb3e3da435d756f7eb3059e	05591be3f79d7aa1b3bf97a44d377446fa681ae7d69b018589f5a3062d17250a	258.570000	258.569864	menagerie;wildwire
menagerie_chickens_l	menagerie	chickens	long	30	2.349	Chickens clucking and rooster with cockadoodledoo.wav	evsecrets	https://freesound.org/people/evsecrets/sounds/346961	https://cdn.freesound.org/previews/346/346961_2367065-hq.mp3	Creative Commons 0	https://creativecommons.org/publicdomain/zero/1.0/	1d4d11909af0afa272cc628edb0145c28d5d949fe44f87783407f01afbed1a1f	23a58668f05280ea27800eb359bcb8c7b02f2c638dccb22c08018c49f28cbb88	37.048000	37.048413	menagerie
menagerie_chickens_s	menagerie	chickens	short	12	5	chickens in coop.aiff	kyles	https://freesound.org/people/kyles/sounds/51766	https://cdn.freesound.org/previews/51/51766_612689-hq.mp3	Creative Commons 0	https://creativecommons.org/publicdomain/zero/1.0/	eac4e35c4d01f861e53b959883d2e82e12bde86ac612c94ca23718606efe8833	edcb8d70bf4b260b365b7361f94760a27f80e68d6a2553b320edb4451d4d5f61	42.709000	42.709333	menagerie
menagerie_ducks_l	menagerie	ducks	long	30	10	Ducks, mostly Mallard, High Park, Toronto (2012).wav	TRP	https://freesound.org/people/TRP/sounds/616827	https://cdn.freesound.org/previews/616/616827_97550-hq.mp3	Creative Commons 0	https://creativecommons.org/publicdomain/zero/1.0/	50be59b0052dc2983ff46fe2ce51e105758cfc332a41e4c66abf4ea6f0c7090c	4d04e811b585f8bbd77bb600ce06ea42b386e33bae70e154edeca7126092c9f8	107.143000	107.142854	menagerie;wildwire
menagerie_ducks_s	menagerie	ducks	short	12	4.383	ducks by pond binaural.wav	tomhannen	https://freesound.org/people/tomhannen/sounds/689803	https://cdn.freesound.org/previews/689/689803_1121623-hq.mp3	Creative Commons 0	https://creativecommons.org/publicdomain/zero/1.0/	ca1db2a3a255868b060d8f71a2f934b9fd84ee253e081f4aa4f1eb6ba469140e	2ab1522c6eb6b013a9b7fd3cfc48694b16fd63c8c7d96c52ff41a4a141f602a6	25.148000	25.148167	menagerie;wildwire
menagerie_geese_l	menagerie	geese	long	30	2.88	city_geese_fly_past.wav	AMPI_sound	https://freesound.org/people/AMPI_sound/sounds/651256	https://cdn.freesound.org/previews/651/651256_14160594-hq.mp3	Creative Commons 0	https://creativecommons.org/publicdomain/zero/1.0/	eff0cd4358175b07196228aec8500334ac3e5b3392553b21f0b91a5046f0094f	ced7aa083cbe2e60c2f7b725a6cb0d95c6bac2d3f9c92c3f6beef7ddae5d9201	38.640000	38.640000	menagerie
menagerie_geese_s	menagerie	geese	short	12	5	Geese honking	iamkaylagreen	https://freesound.org/people/iamkaylagreen/sounds/470035	https://cdn.freesound.org/previews/470/470035_9564355-hq.mp3	Creative Commons 0	https://creativecommons.org/publicdomain/zero/1.0/	3ba8761f32098185c34a76fb12ae491c2401a3f9962cca367d4d32023d63ef7c	7f2e850e044e87c69e3072a4664a098d10b071bd0b81d83b55dd9475e53388b5	42.133000	42.133333	menagerie
menagerie_seagulls_l	menagerie	seagulls	long	30	10	Harbor City Center - Hamburg Jungfernstieg - People, Traffic, Seagulls	Pfannkuchn	https://freesound.org/people/Pfannkuchn/sounds/457613	https://cdn.freesound.org/previews/457/457613_627541-hq.mp3	Creative Commons 0	https://creativecommons.org/publicdomain/zero/1.0/	c691e808ffe0fd9eaaa74b94fd28ab70b778d07c46a383ac7601b61835b5e88c	0221161c12f9a5f06f45cc8f74e4c4f028c43595d55081a1a6030c8a9998ee01	165.084000	165.084313	menagerie;wildwire
menagerie_seagulls_s	menagerie	seagulls	short	12	5	Seagulls / gaviotas clean wildtrack.WAV	Soojay	https://freesound.org/people/Soojay/sounds/462462	https://cdn.freesound.org/previews/462/462462_2752236-hq.mp3	Creative Commons 0	https://creativecommons.org/publicdomain/zero/1.0/	4b6da9e15400817b51a4a92f6ffb9e9c86517270de60e4f685d676c04103af48	2a5b080e47e45ffc58ef199cf62c4f247c1fc6a11c0f18984f17ac61b6762dc9	76.432000	76.432583	menagerie;wildwire
menagerie_crows_l	menagerie	crows	long	30	10	Flock of crows fly & croak around a house in Ostankinskiy district, Moscow OMNI mics.wav	gladkiy	https://freesound.org/people/gladkiy/sounds/348058	https://cdn.freesound.org/previews/348/348058_2364707-hq.mp3	Creative Commons 0	https://creativecommons.org/publicdomain/zero/1.0/	20703f701bf2d0d67e2ca893c8d1787f11fa47dce9a891877f91633c0364d665	41e256bacccbc42f1cf516b11bd2804a7fb8b660ae47dcba0ecf54571192e5bc	285.960000	285.960000	menagerie
menagerie_crows_s	menagerie	crows	short	12	5	Flock of crows fly & croak around a house in Ostankinskiy district, Moscow XY mics.wav	gladkiy	https://freesound.org/people/gladkiy/sounds/348057	https://cdn.freesound.org/previews/348/348057_2364707-hq.mp3	Creative Commons 0	https://creativecommons.org/publicdomain/zero/1.0/	ed4efe5f5bab60e783a61efb8591503843ab6e72a78f5d85781651e49e51086a	0f6d8541e3bc520d94763b1aa37dba27da7ec66c422ba42372c8b52c740ef1ea	285.960000	285.960000	menagerie
menagerie_monkeys_l	menagerie	monkeys	long	30	1.855	Jungle Night Geko or Monkey Call Creepy	JamboME	https://freesound.org/people/JamboME/sounds/256873	https://cdn.freesound.org/previews/256/256873_2134280-hq.mp3	Creative Commons 0	https://creativecommons.org/publicdomain/zero/1.0/	9072d601fbb600136c521949e96f66e9b64ecc6d0baf56283bb3de0ab48b355b	655ea26d5455e1851c0bf2b7a21db7a912e66834d6d1123db5d240e14535f6a8	35.566000	35.566780	menagerie;wildwire
menagerie_monkeys_s	menagerie	monkeys	short	12	5	Howler Monkeys	Lenguaverde	https://freesound.org/people/Lenguaverde/sounds/490315	https://cdn.freesound.org/previews/490/490315_1441734-hq.mp3	Creative Commons 0	https://creativecommons.org/publicdomain/zero/1.0/	ae94d066cdc0a660df2cee8c960e14aacf626af09b332220da8807a38feb8407	b2a310bca0a48207f40021ef51e087cad696fd1472f6a0c955e78ee1a6a56d4b	168.836000	168.835771	menagerie;wildwire
menagerie_elephants_l	menagerie	elephants	long	30	10	G12-44-Elephants and Tigers.wav	craigsmith	https://freesound.org/people/craigsmith/sounds/437977	https://cdn.freesound.org/previews/437/437977_2524442-hq.mp3	Creative Commons 0	https://creativecommons.org/publicdomain/zero/1.0/	deb7027a07a2a275162b0339d8893f6c484ff77623bacbe82c57186ef62bd80e	6c385ec780de15060ac082de4e5ebce907cf38d0dd7c25b8caf0c7d4764edb96	76.786000	76.786542	menagerie
menagerie_elephants_s	menagerie	elephants	short	12	5	R01-33-Elephant Snort.wav	craigsmith	https://freesound.org/people/craigsmith/sounds/479813	https://cdn.freesound.org/previews/479/479813_2524442-hq.mp3	Creative Commons 0	https://creativecommons.org/publicdomain/zero/1.0/	b01d944bd885b50ca5f2d39624d389efceea21a4872368e5e82dce7503c261e2	37cd12afe6fd2910e53741c0e3ce0ee0546a541707ddf46e0ed19f779c752d5e	43.995000	43.995917	menagerie
menagerie_lions_l	menagerie	lions	long	30	2.06	Lions screaming during the night	felix.blume	https://freesound.org/people/felix.blume/sounds/405211	https://cdn.freesound.org/previews/405/405211_1661766-hq.mp3	Creative Commons 0	https://creativecommons.org/publicdomain/zero/1.0/	9c69e1a58d52da6669ecae722633d99f7458b846488d9067c73a8cd017b1ec4d	85af85ddaae7637899334e16d956df7919e26e0053d2823662ec6eccf6efe0ee	36.181000	36.181333	menagerie;wildwire
menagerie_lions_s	menagerie	lions	short	12	1.969	Lions two.mp3	Bidone	https://freesound.org/people/Bidone/sounds/69571	https://cdn.freesound.org/previews/69/69571_706955-hq.mp3	Creative Commons 0	https://creativecommons.org/publicdomain/zero/1.0/	2c2209cbb5bdf6bb94e97b3931cfcdba6593fb91d455ef2a019174c08621daa6	4f1839ec9130e41b04ec78911c60137a3cae7a1618f01df1fc569b80e191727c	17.908000	17.894943	menagerie;wildwire
menagerie_wolves_l	menagerie	wolves	long	30	1.1	wolves.wav	Paresh	https://freesound.org/people/Paresh/sounds/158780	https://cdn.freesound.org/previews/158/158780_229952-hq.mp3	Creative Commons 0	https://creativecommons.org/publicdomain/zero/1.0/	b9dcda4a59ef55d43ac3a35c633ee22d514662a559be8199b5715cb786146d80	29aaeaeca02d40d98905805fa52995a0d03273a7c77418c245687bf525dfe9e8	33.300000	33.300000	menagerie
menagerie_wolves_s	menagerie	wolves	short	12	5	Wolfes howl howling Wolf Pack heulen	Borgory	https://freesound.org/people/Borgory/sounds/651193	https://cdn.freesound.org/previews/651/651193_801011-hq.mp3	Creative Commons 0	https://creativecommons.org/publicdomain/zero/1.0/	ee13380fba0dec1e57f3499ea8dd2a9c4a3ac5e73f08047e833a112631d1c088	d5a99c4a2b778e37901fe35e68b4f49687c9ded118bc5d70ec77dc3e7fd629b2	102.292000	102.291667	menagerie
menagerie_whales_l	menagerie	whales	long	30	10	only whales wav	memnosis	https://freesound.org/people/memnosis/sounds/504772	https://cdn.freesound.org/previews/504/504772_10868231-hq.mp3	Creative Commons 0	https://creativecommons.org/publicdomain/zero/1.0/	123c7ed775e124fa62333d2c94014194ffdde5af826bb1dae5dd6f5aba123c82	6914d7e8d31c46279219470b6eec00697bd82c7e5fbcd68a4f106dc9b293aa99	75.087000	75.087211	menagerie;wildwire
menagerie_whales_s	menagerie	whales	short	12	5	Diving with whales.wav	KEVOY	https://freesound.org/people/KEVOY/sounds/82325	https://cdn.freesound.org/previews/82/82325_1299633-hq.mp3	Creative Commons 0	https://creativecommons.org/publicdomain/zero/1.0/	9cf8f6b92f8b691443b632f7b5e265fb233a11b461799e43f783f04bd38622c8	9dd9e9947fd4419a54b12414e3de17950b9cc370229cd28ca6f1d8aec26785bd	60.097000	60.097868	menagerie;wildwire
menagerie_dolphins_l	menagerie	dolphins	long	30	10	Atlantic Spotted Dolphins off the coast of La Gomera, Canary Islands	geraldfiebig	https://freesound.org/people/geraldfiebig/sounds/385796	https://cdn.freesound.org/previews/385/385796_4438201-hq.mp3	Creative Commons 0	https://creativecommons.org/publicdomain/zero/1.0/	34d5a2722e2f00cdca7a6a5f613c0f154926a57045ebd087b36c6972fc901269	43a9658a88a1f4f5c7e238ece7f0d50cb177681cb43e5c0d44f1690492da6676	180.130000	180.130045	menagerie
menagerie_dolphins_s	menagerie	dolphins	short	12	4.283	G12-15-Dolphins Underwater.wav	craigsmith	https://freesound.org/people/craigsmith/sounds/437947	https://cdn.freesound.org/previews/437/437947_2524442-hq.mp3	Creative Commons 0	https://creativecommons.org/publicdomain/zero/1.0/	cd0ed694afdf893863740e9639262a37608849246004b54b59601b0623af0d19	80d9cfdd5a9fbc28b69449848fbbc83bdc8f4a70b14c2b877e4e84c6e4c55b26	24.848000	24.848188	menagerie
menagerie_pigs_l	menagerie	pigs	long	30	10	Ambience - Pig Pen - Day - 96kHzsssssss.wav	JarredGibb	https://freesound.org/people/JarredGibb/sounds/233269	https://cdn.freesound.org/previews/233/233269_4056007-hq.mp3	Creative Commons 0	https://creativecommons.org/publicdomain/zero/1.0/	16f739d948b84956ff949fc7132144234f09a46d9a66627f6dbf87be70a7a1ea	f2f31ed4808ce06315f3a76bb35369e7577f8575b61f5c7ac45473460af610eb	210.929000	210.929458	menagerie;wildwire
menagerie_pigs_s	menagerie	pigs	short	12	5	PIGS - 1	SamuelGremaud	https://freesound.org/people/SamuelGremaud/sounds/467570	https://cdn.freesound.org/previews/467/467570_8031303-hq.mp3	Creative Commons 0	https://creativecommons.org/publicdomain/zero/1.0/	352ac20e0bc3ee760e9baa4ff46509c77180eadf64ba2415682a0209f069181c	4260eec4f09b41f907e5882218b694603d1befeaaeee1efb3a6996e225ab4cf6	35.947000	35.947313	menagerie;wildwire
menagerie_goats_l	menagerie	goats	long	30	10	Goats	Andy_Gardner	https://freesound.org/people/Andy_Gardner/sounds/192693	https://cdn.freesound.org/previews/192/192693_2254206-hq.mp3	Creative Commons 0	https://creativecommons.org/publicdomain/zero/1.0/	50398204463fcc394035ee07925cfefd9b4a9677e8d6ecca5a2d53f7f5d194e2	78b4645ddc4eb820f65cb847942a73d71bb91f59a8ab7f43ef5637f4f2e50395	110.106000	110.106032	menagerie
menagerie_goats_s	menagerie	goats	short	12	5	Nature sounds, bells, goats, cow, birds - Kardzhali, Bulgaria	vonfleisch	https://freesound.org/people/vonfleisch/sounds/272458	https://cdn.freesound.org/previews/272/272458_3658882-hq.mp3	Creative Commons 0	https://creativecommons.org/publicdomain/zero/1.0/	76ab7c7dbf0eb8687386fec5b3a4ffd39bad0613d99b610f1fefb873cc62a6c4	c10b0f4768a070d91a565a6f8e77cf4a38d041f8f3d942eec9e8b1978cc88972	216.064000	216.063583	menagerie
passage_train_station_l	passage	train_station	long	30	10	Paddington train station ambience	peridactyloptrix	https://freesound.org/people/peridactyloptrix/sounds/615660	https://cdn.freesound.org/previews/615/615660_2737063-hq.mp3	Creative Commons 0	https://creativecommons.org/publicdomain/zero/1.0/	7fc7a023b6a923738de8af9679203058e2e3e8498c51ac57eab528bf917a8400	96fcb3c4db67421753ea77aac70953e4d2502dc8106e1c92afe2697649f3a170	107.886000	107.885813	passage;railchime
passage_train_station_s	passage	train_station	short	12	3.218	Underground Train Station Ambience	florianreichelt	https://freesound.org/people/florianreichelt/sounds/451720	https://cdn.freesound.org/previews/451/451720_6253486-hq.mp3	Creative Commons 0	https://creativecommons.org/publicdomain/zero/1.0/	c82a8434af7fb9c55afff50d8789a85efc762253e74fbe1b0c4b351c14592857	c4325a997efdf4997e9e03b4049c30f74f676f0aa592a640f169831a67609909	21.654000	21.654059	passage;railchime
passage_train_ride_l	passage	train_ride	long	30	10	Moscow subway train ride - interior ambience - Kaluzhsko-Rizhskaya subway line OMNI mics.flac	gladkiy	https://freesound.org/people/gladkiy/sounds/333944	https://cdn.freesound.org/previews/333/333944_2364707-hq.mp3	Creative Commons 0	https://creativecommons.org/publicdomain/zero/1.0/	33c7e8f7ef9a32ee2d28fdaabfffeee75176dc989782b820aa65990a4482edf4	8217a1cf416a3d0334965e88dc53318f32c654ca5daf36cb2ab3b14e17596bce	587.367000	40.100000	passage
passage_train_ride_s	passage	train_ride	short	12	5	Moscow subway train ride - interior ambience - Kaluzhsko-Rizhskaya subway line XY mics.flac	gladkiy	https://freesound.org/people/gladkiy/sounds/333943	https://cdn.freesound.org/previews/333/333943_2364707-hq.mp3	Creative Commons 0	https://creativecommons.org/publicdomain/zero/1.0/	07cadf5aa9a2f04c8f0f653880d2b42a7a71d0421fc7bc596eb4023e00304831	5e4fa049c2edc32b3501eb81fa663ca02e0420bd7f63b660521ab52c884fb452	587.367000	17.100000	passage
passage_subway_l	passage	subway	long	30	10	PATH -> Union Square NYC Subway Train Ride	lifeinchords	https://freesound.org/people/lifeinchords/sounds/170357	https://cdn.freesound.org/previews/170/170357_3047855-hq.mp3	Creative Commons 0	https://creativecommons.org/publicdomain/zero/1.0/	b39618fe17e021596142f1bcdab0b2b374bd01dd070e54fb9dc2d2940e2fe135	a81cdb2c2a3760545fdc133b1e9e8d219a4cd616bdf445f306bcc6735c2bccc0	508.075000	40.100000	passage;railchime
passage_subway_s	passage	subway	short	12	5	Subway ride interior, quiet walla, NYC M train to Middle Village.wav	SpliceSound	https://freesound.org/people/SpliceSound/sounds/260189	https://cdn.freesound.org/previews/260/260189_1480854-hq.mp3	Creative Commons 0	https://creativecommons.org/publicdomain/zero/1.0/	d4d78f6a4136b65bf4a6cdd7a041bd10958ab60002a12db001f97941ec22986f	0520d692f96df8b30ad321e95b3a2d77978a1d0901d256939f46774502ed5f88	430.379000	17.100000	passage;railchime
passage_tram_l	passage	tram	long	30	10	Tram in Vienna	Urkki69	https://freesound.org/people/Urkki69/sounds/624313	https://cdn.freesound.org/previews/624/624313_12244617-hq.mp3	Creative Commons 0	https://creativecommons.org/publicdomain/zero/1.0/	c56c98c3947e81195a919d3549fe61de4e9f08b9140f24f8d8f515c686acf99e	6a9a4cd7e171ff8e4f792143929c7184612f7a9520a14a3766fcb75b45555ec0	1038.829000	40.100000	passage
passage_tram_s	passage	tram	short	12	3.082	Squeaking tram departing.wav	dersinnsspace	https://freesound.org/people/dersinnsspace/sounds/417657	https://cdn.freesound.org/previews/417/417657_8224400-hq.mp3	Creative Commons 0	https://creativecommons.org/publicdomain/zero/1.0/	78ae8464c3fbc9c41fc6caa296f4ee7b2a59a4041e79d7f29a4b53bd08fae1e9	6ddb5113c8806e281cbcb0cf6f43b9cf313ac5c712c922bd3718e7d0d14b7031	21.247000	15.181995	passage
passage_bus_l	passage	bus	long	30	10	Bus ride interior recording with voices in spanish and motor vibration in late afternoon	felix.blume	https://freesound.org/people/felix.blume/sounds/684721	https://cdn.freesound.org/previews/684/684721_1661766-hq.mp3	Creative Commons 0	https://creativecommons.org/publicdomain/zero/1.0/	ad4691c4de55b03080ea2bf53e9278a31603084bbdc76b00353e70549fffbbbe	23b63cd7cfc2e8d765d7875bb9526a98f8a2c48902a77f91e277094e7fe228da	302.724000	40.100000	passage;railchime
passage_bus_s	passage	bus	short	12	5	Vw bus ride interior + turn signal and handbrake	Cinetony	https://freesound.org/people/Cinetony/sounds/559375	https://cdn.freesound.org/previews/559/559375_5985747-hq.mp3	Creative Commons 0	https://creativecommons.org/publicdomain/zero/1.0/	4901941dfbfe8fb62190dabc451370b9c6879cc193873e73e12d77f638d598d9	c3d284205d1fe26f02ffa81140c51fb50be44c361b568a14ccba0ebac1e142dd	162.000000	17.100000	passage;railchime
passage_highway_l	passage	highway	long	30	10	Busy Motorway Freeway Highway Autobahn Traffic And Police Siren	Syphon64	https://freesound.org/people/Syphon64/sounds/135160	https://cdn.freesound.org/previews/135/135160_2461495-hq.mp3	Creative Commons 0	https://creativecommons.org/publicdomain/zero/1.0/	50933b39a4b61c3787c06828637cf7398d98da56702d000fae423e1e1785e6ca	3ca32028cc9ac395160897cd49760f8c399c09fb5eba11d9d3198fc166866f22	232.710000	40.100000	passage
passage_highway_s	passage	highway	short	12	5	India Streets Inside Taxi At Highway (Traffic Jam, Honking, Beggars, TukTuks, Driver Talking)	Alcappuccino	https://freesound.org/people/Alcappuccino/sounds/263634	https://cdn.freesound.org/previews/263/263634_4536481-hq.mp3	Creative Commons 0	https://creativecommons.org/publicdomain/zero/1.0/	e0a80197faa5faaa3fa9fe98e367f96e0bad2fd9e4b448cc7e7d6e32c6974e75	3fb3cf862886035e2ece649d79e343e95cf286dbb0266f8c7b3e7a0950300ec4	91.400000	17.100000	passage
passage_motorcycle_l	passage	motorcycle	long	30	0.237	MOTORCYCLE AND BIKES - 2	SamuelGremaud	https://freesound.org/people/SamuelGremaud/sounds/545759	https://cdn.freesound.org/previews/545/545759_8031303-hq.mp3	Creative Commons 0	https://creativecommons.org/publicdomain/zero/1.0/	7ecad28eec94ce7359c9814abcc588c53122bbb63477974ebd16bfc06662a829	faaa0ba9fa5780f1bd43939ccace1cec4dddd5b8b936d125109a5cde48aa3f27	30.711000	30.337000	passage;railchime
passage_motorcycle_s	passage	motorcycle	short	12	3.527	MOTORCYCLE AND BIKES - 1	SamuelGremaud	https://freesound.org/people/SamuelGremaud/sounds/545758	https://cdn.freesound.org/previews/545/545758_8031303-hq.mp3	Creative Commons 0	https://creativecommons.org/publicdomain/zero/1.0/	c3c491655d8be3501f548ca956a5c3fa1503bf748f16874a4b0dc3894dc7d7e4	12ea97f9809daa8ce61db098fd1b29e234332bf32069b8f34d0379e3d3ac43fe	22.581000	15.627000	passage;railchime
passage_bicycle_l	passage	bicycle	long	30	6.92	bicycle ride with a breaking.wav	13gkopeckak	https://freesound.org/people/13gkopeckak/sounds/378900	https://cdn.freesound.org/previews/378/378900_7026513-hq.mp3	Creative Commons 0	https://creativecommons.org/publicdomain/zero/1.0/	3f9fe2c19f51bca3da68799b0d0256b102225a739aead88ec6711f98f50b3cc2	28cb6bcaec5f0fa69579beb5be2c842e5ec5c258b5e21dbab136516a4880bf6c	50.760000	37.020000	passage
passage_bicycle_s	passage	bicycle	short	12	3.49	Bicycle ring bell	lechufly	https://freesound.org/people/lechufly/sounds/405572	https://cdn.freesound.org/previews/405/405572_5197114-hq.mp3	Creative Commons 0	https://creativecommons.org/publicdomain/zero/1.0/	251d73fc289ac9ca2a9f111c9ca0292dc082ff6c67bf886138217b736137662c	690bd3acb47c62fe846df26442c6179886cb0257b011ed041a990ca97623e64b	22.470000	15.590000	passage
passage_airplane_cabin_l	passage	airplane_cabin	long	30	10	Airplane Landing - Inside Cabin.WAV	Bpianoholic	https://freesound.org/people/Bpianoholic/sounds/487604	https://cdn.freesound.org/previews/487/487604_8342372-hq.mp3	Creative Commons 0	https://creativecommons.org/publicdomain/zero/1.0/	82772857181d1a6221031b6dc56fce5e6a23b4a8e7d9d1d84a00c71f417e6656	f4834e82be5d5dabba211f6aa0f169f6ba0c9b811fb34a9e6cb3d93cc84312e0	250.917000	40.100000	passage;railchime
passage_airplane_cabin_s	passage	airplane_cabin	short	12	5	amb, airplane cabin, passenger chatter, seatbelt announcement, fuma-bformat.wav	drewhalasz	https://freesound.org/people/drewhalasz/sounds/433002	https://cdn.freesound.org/previews/433/433002_138-hq.mp3	Creative Commons 0	https://creativecommons.org/publicdomain/zero/1.0/	f244a121c4d2d3d0359d7b85e4fcb38cba7fca06aa312ddcfd4fb96a23f94950	0c9ccbb59fc42fcfb91c254cad955fa9c7d78bdc09685133df974050d414b788	189.365000	17.100000	passage;railchime
passage_airport_runway_l	passage	airport_runway	long	30	10	Plane Landing.mp3	courter	https://freesound.org/people/courter/sounds/447826	https://cdn.freesound.org/previews/447/447826_1224849-hq.mp3	Creative Commons 0	https://creativecommons.org/publicdomain/zero/1.0/	fa424c2eeab96d9862ee156ac70ef266b6de6026dba556c33d55b70551d1e4ef	68a287a9ba81b87a00cb37ced85e22e40ebdbb73cf19153a448b91b953ffdccc	93.846000	40.100000	passage
passage_airport_runway_s	passage	airport_runway	short	12	4.913	Runway Ambience	cliftonmcarlson	https://freesound.org/people/cliftonmcarlson/sounds/251977	https://cdn.freesound.org/previews/251/251977_3530854-hq.mp3	Creative Commons 0	https://creativecommons.org/publicdomain/zero/1.0/	c6946ef1564ed482e8a6132adca0fbb193f377a5b196172e9f3ebdcf380cf178	ca1c40f11d0dee3f0d82fedf876c4d2ff85efc532cc9980285ff0b771bf7379b	26.739000	17.013000	passage
passage_helicopter_l	passage	helicopter	long	30	10	Helicopter Flight recorded from inside.mp3	Cymeon	https://freesound.org/people/Cymeon/sounds/205898	https://cdn.freesound.org/previews/205/205898_3545231-hq.mp3	Creative Commons 0	https://creativecommons.org/publicdomain/zero/1.0/	9c0454215d69fb445bffa5c706dd5fdf4ca1fc48bd960491ba750f91efece8fe	0c102360a96addc41680745c418c44d84838548fa1f1580ba815b7845f6214e4	992.040000	40.100000	passage;railchime
passage_helicopter_s	passage	helicopter	short	12	5	HELICOPTER OVERHEAD V#1 CLEANFINAL.wav	metrostock99	https://freesound.org/people/metrostock99/sounds/345084	https://cdn.freesound.org/previews/345/345084_1256155-hq.mp3	Creative Commons 0	https://creativecommons.org/publicdomain/zero/1.0/	23363f15ab1bb38ffd063178f384d0bae6f56b9df1a42c2c008ce69f7feb12b6	a0b3cdff37a251570aeaf3dbb54d5d17206a70bad5693bc39a4e1b0f67c3e08f	44.987000	17.100000	passage;railchime
passage_ferry_l	passage	ferry	long	30	10	Kadiköy ferry.Back of boat -LIM1.flac	fielastro	https://freesound.org/people/fielastro/sounds/250508	https://cdn.freesound.org/previews/250/250508_489021-hq.mp3	Creative Commons 0	https://creativecommons.org/publicdomain/zero/1.0/	b3c29143e76af77fe94bad507ffb19bf4c447bda02568a4e2371756018ef3d0e	519c5b5c772fa4d8affa5652afcb78cd5029b06736dd8c1a67e51cb11a631097	1048.480000	40.100000	passage
passage_ferry_s	passage	ferry	short	12	5	Ferry to Alcatraz	sevenmorris	https://freesound.org/people/sevenmorris/sounds/322248	https://cdn.freesound.org/previews/322/322248_5493360-hq.mp3	Creative Commons 0	https://creativecommons.org/publicdomain/zero/1.0/	c7e32b9a3a751a3cde44c2634093bead8ea68b475ee725a50f50418c4dff818e	83336f95b26478445f0856bcef4e3143197d328095a0d2a1492895daa90afae1	240.354000	17.100000	passage
passage_sailboat_l	passage	sailboat	long	30	10	Sailboat sail flapping with insect summer ambience	maryhelena.clark	https://freesound.org/people/maryhelena.clark/sounds/554439	https://cdn.freesound.org/previews/554/554439_1680324-hq.mp3	Creative Commons 0	https://creativecommons.org/publicdomain/zero/1.0/	d6f03b0192626e03f7ed57a5a675fd7387ce7d9733413f4093667f87064d5db7	61215dca9cc24312041025feaee35dfd9bd8b9b1782f86161e146badf2b94169	124.163000	40.100000	passage;railchime
passage_sailboat_s	passage	sailboat	short	12	5	Sailboat Sailing Interior 2	AugustSandberg	https://freesound.org/people/AugustSandberg/sounds/252670	https://cdn.freesound.org/previews/252/252670_1934171-hq.mp3	Creative Commons 0	https://creativecommons.org/publicdomain/zero/1.0/	88b54e31d3d7b7089775e8159aed5ba65240757f41ac85bf4f52cfd0bfae48d8	dfbfbb766a42634c802e5bb480ee881d81e56712f3196de5070f6fdd61c6d430	261.204000	17.100000	passage;railchime
passage_speedboat_l	passage	speedboat	long	30	10	Thailand outboard motor boat high speed various rising speeds and tones VERY LONG.flac	kyles	https://freesound.org/people/kyles/sounds/177702	https://cdn.freesound.org/previews/177/177702_612689-hq.mp3	Creative Commons 0	https://creativecommons.org/publicdomain/zero/1.0/	a9723a8a6fb8d6febac0f860127709bc8191315fcca2cd3392736d4998591d2b	f6261da3bf043af46830744b1080735eedd8693df5c43f904f67ef4f5badc0f7	1269.560000	40.100000	passage
passage_speedboat_s	passage	speedboat	short	12	2.968	Moteur bateau.wav	jcarrascovazquez	https://freesound.org/people/jcarrascovazquez/sounds/184074	https://cdn.freesound.org/previews/184/184074_3413935-hq.mp3	Creative Commons 0	https://creativecommons.org/publicdomain/zero/1.0/	61e225b9521afae0228d69a29c3782c0787132fb0851a273a9ff45d0daed9d4a	83ab963d264f5e094bc55839453a2f3af0aef618b445362b36bbdc0469c4a43d	20.903000	15.068005	passage
passage_tractor_l	passage	tractor	long	30	8.886	Tractor in Field.wav	CBeeching	https://freesound.org/people/CBeeching/sounds/74978	https://cdn.freesound.org/previews/74/74978_1151436-hq.mp3	Creative Commons 0	https://creativecommons.org/publicdomain/zero/1.0/	d4d7e483a30919548cc2f1d5c0443742c156ffbb15d92433fa704ae7ea770771	e7a73f281d48a090af1b640371096849641429231bbe02cbfcf90dff0374875f	56.659000	38.986009	passage;railchime
passage_tractor_s	passage	tractor	short	12	1.694	Tractor_Drive_05.wav	BenDrain	https://freesound.org/people/BenDrain/sounds/488007	https://cdn.freesound.org/previews/488/488007_4763661-hq.mp3	Creative Commons 0	https://creativecommons.org/publicdomain/zero/1.0/	6f9ec8be0a466afac717a35ff5c4f72a7bd31cd8a7bfd1baf76fab70cc3bb2b3	868e8d0c189f436ad836d79c2b1c0f5c4695431e9c314fe825307b662532b11d	17.083000	13.794000	passage;railchime
passage_truck_l	passage	truck	long	30	10	Driving pickup truck - ambience inside.aif	logancircle2	https://freesound.org/people/logancircle2/sounds/503181	https://cdn.freesound.org/previews/503/503181_3694371-hq.mp3	Creative Commons 0	https://creativecommons.org/publicdomain/zero/1.0/	7d4b8d1967afb28ac1c9e11b54a51acefebe54d79c2eab476e136684faa0508a	bef56ea6960eb6374af152711f83c2f1b0eb9e5ee963edb40d60169e40e3e8a0	528.809000	40.100000	passage
passage_truck_s	passage	truck	short	12	5	Cooperstown Log Cabin in Rain - Truck DriveBy RX.wav	greysound	https://freesound.org/people/greysound/sounds/547926	https://cdn.freesound.org/previews/547/547926_189568-hq.mp3	Creative Commons 0	https://creativecommons.org/publicdomain/zero/1.0/	6f5c93bfeb31234599c6416290f201875aa437b72bc728903822c5726d0381d5	852138a71cf968115edaedf56e308415349a385634e9597b9cea3c29f36cca6d	58.454000	17.100000	passage
passage_excavator_l	passage	excavator	long	30	10	Excavator	qubodup	https://freesound.org/people/qubodup/sounds/187563	https://cdn.freesound.org/previews/187/187563_71257-hq.mp3	Creative Commons 0	https://creativecommons.org/publicdomain/zero/1.0/	2567b453dba17cad6b1eb392a94c323d56407be0de8e0f80a91aabda105fcff4	e79032db5274aaf6d41afda5d020460955d9b2f3f892672478524004385f3e7b	389.919000	40.100000	passage;railchime
passage_excavator_s	passage	excavator	short	12	5	Demolition excavator with wrecking ball.wav	Ohrwurm	https://freesound.org/people/Ohrwurm/sounds/97850	https://cdn.freesound.org/previews/97/97850_866470-hq.mp3	Creative Commons 0	https://creativecommons.org/publicdomain/zero/1.0/	63d9ea6da3f8e4f0b4ec81a3581e7ce12692a4b883dc1898896f3ea9100ef62c	ef8bc8acd05dc5c4339d918420f6920fcf27d692d7124d9edd62988388266898	77.483000	17.100000	passage;railchime
passage_elevator_l	passage	elevator	long	30	5.484	Elevator Ride 3	Sheyvan	https://freesound.org/people/Sheyvan/sounds/475230	https://cdn.freesound.org/previews/475/475230_3248005-hq.mp3	Creative Commons 0	https://creativecommons.org/publicdomain/zero/1.0/	2c4e04917235fa072e2ccf6e745942cc70b22e0058724335065e91f1c36cda3e	be22b9588c9236ece4c58ad47e02ef0b0f237b784206f5ee7f95d785311e0df1	46.452000	35.584000	passage
passage_elevator_s	passage	elevator	short	12	5	Elevator Ride 1	Sheyvan	https://freesound.org/people/Sheyvan/sounds/475228	https://cdn.freesound.org/previews/475/475228_3248005-hq.mp3	Creative Commons 0	https://creativecommons.org/publicdomain/zero/1.0/	8d168dcd108cab29917826615e56ef141b565fdfd9002fd54c368ca1452f2dcf	f274f7095164fb1036f9f018ddd71192d51795d4450dc40b5396c6765540a983	36.307000	17.100000	passage
passage_escalator_l	passage	escalator	long	30	10	ambience, metro, escalator, city, Moscow	AlexanderChe	https://freesound.org/people/AlexanderChe/sounds/363714	https://cdn.freesound.org/previews/363/363714_6598647-hq.mp3	Creative Commons 0	https://creativecommons.org/publicdomain/zero/1.0/	e80a83f43bcf333dfe771a15209c24aad81f3b85dc2007d4c2320f67fdcbed22	778f933676eb85eada226ed3adfd08be6ab6c4bdad3e8fa025f00621a542da3f	61.104000	40.100000	passage;railchime
passage_escalator_s	passage	escalator	short	12	5	Escalator.wav	wniebelski	https://freesound.org/people/wniebelski/sounds/98687	https://cdn.freesound.org/previews/98/98687_924574-hq.mp3	Creative Commons 0	https://creativecommons.org/publicdomain/zero/1.0/	2b4ebe37b1ab704db7462ba27f3fac63904f3269cdad87a2bdf85d434150600f	615566b905bd4d4b336772f75573a8536e19a8685bf0d39283674dacfce63f0c	110.897000	17.100000	passage;railchime
passage_rollercoaster_l	passage	rollercoaster	long	30	10	Roller Coaster 3	timsc	https://freesound.org/people/timsc/sounds/187253	https://cdn.freesound.org/previews/187/187253_266678-hq.mp3	Creative Commons 0	https://creativecommons.org/publicdomain/zero/1.0/	f52c3a0178031f123d0503e0530d577b6e5ea40c43015420fe56e401dc208462	d4a7cdf4c236b12995e3af7a580b5d38616386d213d1950566916f2c0e82b7f6	84.820000	40.100000	passage
passage_rollercoaster_s	passage	rollercoaster	short	12	5	Roller Coaster Creepy Horror	rcroller	https://freesound.org/people/rcroller/sounds/607125	https://cdn.freesound.org/previews/607/607125_2658741-hq.mp3	Creative Commons 0	https://creativecommons.org/publicdomain/zero/1.0/	95122754b263cae0cff543d114a072dd73f776735ff15f158fa7cd930ae995e1	22a928589e395951269889ac45a23766d63bf4ea499a650ac8fbea0e3a361ca6	90.237000	17.100000	passage
passage_skiing_l	passage	skiing	long	30	10	Alpine skis	Walking.With.Microphones	https://freesound.org/people/Walking.With.Microphones/sounds/676926	https://cdn.freesound.org/previews/676/676926_4835746-hq.mp3	Creative Commons 0	https://creativecommons.org/publicdomain/zero/1.0/	35d965ef50d4c773a8aacdd08756dc56447ec8ba79502374f9a645397395c570	d23d7791de57dc1dc2ac8d37d42e6437a2fa4552592aaa1e75fcbf97210e850c	72.433000	40.100000	passage;railchime
passage_skiing_s	passage	skiing	short	12	1.96	Skiing (cross country).mp3	DigPro120	https://freesound.org/people/DigPro120/sounds/394003	https://cdn.freesound.org/previews/394/394003_7414526-hq.mp3	Creative Commons 0	https://creativecommons.org/publicdomain/zero/1.0/	91c870ad3025efa7fb2792c03107283357b34f0f459977ff12aa2c62d504077f	5ed744016180cbf6a439327d339eee9af262b0a5bd33c23d4d4f18ab1398eff4	17.881000	14.060000	passage;railchime
passage_skateboard_l	passage	skateboard	long	30	10	2022-07-01-zoom-f3-okm-ii-BINAURAL-skateboarding-park.wav	ilmari_freesound	https://freesound.org/people/ilmari_freesound/sounds/640451	https://cdn.freesound.org/previews/640/640451_12458758-hq.mp3	Creative Commons 0	https://creativecommons.org/publicdomain/zero/1.0/	4d8f95f457110514c528ff343f0df500c8e519e91f42f56bbc0294d5b17b7e89	f7f30b7d9bf692b7d28d31c8f98cce420624baa6434ca90d0b2ce486109d5e8f	266.438000	40.100000	passage
passage_skateboard_s	passage	skateboard	short	12	5	Skateboarders at FDR Skate Park	bertlewis	https://freesound.org/people/bertlewis/sounds/630024	https://cdn.freesound.org/previews/630/630024_13760364-hq.mp3	Creative Commons 0	https://creativecommons.org/publicdomain/zero/1.0/	6a3afa2a05efbe918e975160526c3c885a8021e669b191b79024902577bc7825	7dda4a689bc4e6a86c734d8d3fcccd0d7178390de493aebcf0ad77bd9525f1c1	705.536000	17.100000	passage
passage_carriage_l	passage	carriage	long	30	1.419	HorseCentralPark.aif	MarkThai	https://freesound.org/people/MarkThai/sounds/124132	https://cdn.freesound.org/previews/124/124132_2259746-hq.mp3	Creative Commons 0	https://creativecommons.org/publicdomain/zero/1.0/	0443a4806246d3da22508dc26a2ee889586bf8bf077b6c5954f9e01f008462f4	5c3ec67460f208eb8297394d2df8175d02093d951474c41d0eedba1ec3f4ab9e	34.258000	31.519000	passage;railchime
passage_carriage_s	passage	carriage	short	12	5	hackney coach-4.wav	gurek	https://freesound.org/people/gurek/sounds/547969	https://cdn.freesound.org/previews/547/547969_969948-hq.mp3	Creative Commons 0	https://creativecommons.org/publicdomain/zero/1.0/	202dc56240132da6a89972539308d0211d01b71bec3de9485d1c5e7211766182	3fcb99091f1248bdefc8316d25b79853e06c80b9b6f6de4d8c9215e65a6f7dcc	69.172000	17.100000	passage;railchime
passage_cablecar_l	passage	cablecar	long	30	10	TRANSPORT_CABLE_CAR_COCHABAMBA.wav	keng-wai-chane-chick-te	https://freesound.org/people/keng-wai-chane-chick-te/sounds/556269	https://cdn.freesound.org/previews/556/556269_7522579-hq.mp3	Creative Commons 0	https://creativecommons.org/publicdomain/zero/1.0/	5721663bf05a7f4f6fad883a163923e2cde0541c668b9f39067be214373e773e	6adcaa3b0b9d955f706a2e1e635b37f3453d4d1580d0c2707467b11d32834bb8	301.504000	40.100000	passage
passage_cablecar_s	passage	cablecar	short	12	5	San Francisco - Cablecar - Cable rail Close-up	Emanuele_Correani	https://freesound.org/people/Emanuele_Correani/sounds/393580	https://cdn.freesound.org/previews/393/393580_2808561-hq.mp3	Creative Commons 0	https://creativecommons.org/publicdomain/zero/1.0/	475aed1f3363a269d3ff93a7183a2ad5c30f7886f7c8946b04bb734c12e5cb6f	fe564a95edb0ef40d8f016785e677dd7b301a0f5588f6474a4e2477c54ff8c25	60.989000	17.100000	passage
foundry_factory_l	foundry	factory	long	30	10	Wind Factory Atmo Calm.wav	szegvari	https://freesound.org/people/szegvari/sounds/615436	https://cdn.freesound.org/previews/615/615436_2282212-hq.mp3	Creative Commons 0	https://creativecommons.org/publicdomain/zero/1.0/	7cd023f1c596f19e390750e69bad507ee5c911b32a879af2854881470d516f86	b15d2a27c0cf296fa962eeb6a84c5136e0084a07f4122d2541de807f894ccc4d	84.458000	40.100000	foundry
foundry_factory_s	foundry	factory	short	12	5	Machine-Drone1	emilyws	https://freesound.org/people/emilyws/sounds/414534	https://cdn.freesound.org/previews/414/414534_6694545-hq.mp3	Creative Commons 0	https://creativecommons.org/publicdomain/zero/1.0/	e1eac49cc4874e3cfcd60507547703e68cdb8c81686e47d841e435c311a7afe1	0278f84b69dcad866db57864729413fad4fdd041fc6f718cf71a98eeb53a1cce	247.125000	17.100000	foundry
foundry_metal_shop_l	foundry	metal_shop	long	30	10	Ambience - Metal workshop with grinders and machinery.wav	jodybruchon	https://freesound.org/people/jodybruchon/sounds/475217	https://cdn.freesound.org/previews/475/475217_7872308-hq.mp3	Creative Commons 0	https://creativecommons.org/publicdomain/zero/1.0/	2718d3662bd34cfdae90130ea7984240d39974c4de7b3944cf1e7d4c2e09815d	f0e27d9257cd9f7c2fd81b21b7e5001331267a6399bc738766975b7dd63180e7	675.084000	40.100000	foundry;tideforge
foundry_metal_shop_s	foundry	metal_shop	short	12	5	Metal Shop Ambience	AlecCorday	https://freesound.org/people/AlecCorday/sounds/169176	https://cdn.freesound.org/previews/169/169176_1591616-hq.mp3	Creative Commons 0	https://creativecommons.org/publicdomain/zero/1.0/	820c654d45165a025a314a4795f2ab00bb9b31804ea1e2e95fa0a82a4ff39c28	4ee741a73c079ed2563837d0d32d8a0b4bc9fdc32947337e4aec37bdf5db5a12	63.210000	17.100000	foundry;tideforge
foundry_blacksmith_l	foundry	blacksmith	long	30	6.667	By the blacksmith-001.wav	Emmaproductions	https://freesound.org/people/Emmaproductions/sounds/254371	https://cdn.freesound.org/previews/254/254371_436215-hq.mp3	Creative Commons 0	https://creativecommons.org/publicdomain/zero/1.0/	bde80643a72a1fe392f93f1866ce4cbc09562c44c9887a370942176bd551e467	7353ada43153053754bad95601b56faf1c67c1a01953ef86508503ce0b6fe11a	50.000000	36.767000	foundry
foundry_blacksmith_s	foundry	blacksmith	short	12	5	Binaural recording of a blacksmith working at the smithy in the evening	ldezem	https://freesound.org/people/ldezem/sounds/386393	https://cdn.freesound.org/previews/386/386393_1655965-hq.mp3	Creative Commons 0	https://creativecommons.org/publicdomain/zero/1.0/	de666d1ed48f5e826f66856fb1d58a71eb2886d418dbe526964af48ab3ac7769	12c8e6b359e97d39c33112034fb7e978452a7c781274d470c95cb703ea0a60b3	1021.540000	17.100000	foundry
foundry_welding_l	foundry	welding	long	30	10	Metal_Workshop_2.WAV	ivolipa	https://freesound.org/people/ivolipa/sounds/337444	https://cdn.freesound.org/previews/337/337444_3474310-hq.mp3	Creative Commons 0	https://creativecommons.org/publicdomain/zero/1.0/	5f2b90219e2d7552c248a35ca4faf52f049ba33de4b67c3fbb63260d5e41eb46	678821bfa5b1272ad23d1bc38d342c6d524e51c21f624db23e09d590daab9e1a	113.169000	40.100000	foundry;tideforge
foundry_welding_s	foundry	welding	short	12	5	Metal_Workshop_3.WAV	ivolipa	https://freesound.org/people/ivolipa/sounds/337449	https://cdn.freesound.org/previews/337/337449_3474310-hq.mp3	Creative Commons 0	https://creativecommons.org/publicdomain/zero/1.0/	2ee33aadbc5486062512eb60ead6b0a61cddb430f3bf9b2388a85eb347613c62	e9ebcda2e4a24aa155da6378bbe47443028e5e66320d6ce358fdccb3ed1d46a2	71.185000	17.100000	foundry;tideforge
foundry_grinder_l	foundry	grinder	long	30	10	Angle Grinder On Metal.wav	shelbyshark	https://freesound.org/people/shelbyshark/sounds/501171	https://cdn.freesound.org/previews/501/501171_8644110-hq.mp3	Creative Commons 0	https://creativecommons.org/publicdomain/zero/1.0/	83c571f6b1ff9c606745648a1c8741db712b36a9783882420e085a77d3181a08	d0d2135b9dca8d4c71670c0d59610f23045e37e837579356f6ca0a0fe278986e	63.346000	40.100000	foundry
foundry_grinder_s	foundry	grinder	short	12	2.971	Using an angle grinder.OWI.wav	Legand569	https://freesound.org/people/Legand569/sounds/659926	https://cdn.freesound.org/previews/659/659926_13767047-hq.mp3	Creative Commons 0	https://creativecommons.org/publicdomain/zero/1.0/	1b6444d93637bd6f10b393496a2404a1931cc6d6e437318f5ad48cfef586458d	e8616a49aa2fd03e5ecd2598ecb916aad753e87e2acde326c33b0fa0ab307183	20.912000	15.071000	foundry
foundry_circular_saw_l	foundry	circular_saw	long	30	0.403	ascuntar_cristina_antropo_fonia_sierra_circular_tallerdemaderas_udenar_pasto.wav	artesmediales	https://freesound.org/people/artesmediales/sounds/335437	https://cdn.freesound.org/previews/335/335437_5848334-hq.mp3	Creative Commons 0	https://creativecommons.org/publicdomain/zero/1.0/	7338ec544502b976090983b53c882aee59475cc438f2ab03a85af92a69c67a72	552a80b07b804af64de60d0266a2670144b21c69a7ad53596a5e8438f78ea1dc	31.209000	30.503000	foundry;tideforge
foundry_circular_saw_s	foundry	circular_saw	short	12	5	Construction Circular Saw	deleted_user_7146007	https://freesound.org/people/deleted_user_7146007/sounds/383442	https://cdn.freesound.org/previews/383/383442_7146007-hq.mp3	Creative Commons 0	https://creativecommons.org/publicdomain/zero/1.0/	db0d4b37ad381c533af31e65da1295727c814c04b52603326ec9272caa8bafb1	b13ac6bb22b841b0a669baa13c0807727c8a4a695f5c853e01c6ff03894780ca	215.042000	17.100000	foundry;tideforge
foundry_chainsaw_l	foundry	chainsaw	long	30	10	Tree cutting with chainsaw in city neighborhood	khenshom	https://freesound.org/people/khenshom/sounds/558580	https://cdn.freesound.org/previews/558/558580_6652872-hq.mp3	Creative Commons 0	https://creativecommons.org/publicdomain/zero/1.0/	8a6474856cc6403bc68892c9229793ff11596936cf4b5299f0c1a306130fb260	4bf480265c40753965a823e5b4483cf763df322269bf54e11fc785bc9af35168	102.382000	40.100000	foundry
foundry_chainsaw_s	foundry	chainsaw	short	12	3.375	Chainsaw_cutting trees.wav	Jedo	https://freesound.org/people/Jedo/sounds/396464	https://cdn.freesound.org/previews/396/396464_994215-hq.mp3	Creative Commons 0	https://creativecommons.org/publicdomain/zero/1.0/	8830d1aaeb2e2ad0c3de7973f8127bee4555b59cc46a1f4fc7e35383676d710b	fb2ab753105346372156d78e7fcbf5a6efe6dfb7d2a1e34b3c1b5ae48c4fcd64	22.125000	15.475011	foundry
foundry_woodshop_l	foundry	woodshop	long	30	10	Saws buzzing in busy neighborhood wood shop	PostProdDog	https://freesound.org/people/PostProdDog/sounds/586168	https://cdn.freesound.org/previews/586/586168_6911631-hq.mp3	Creative Commons 0	https://creativecommons.org/publicdomain/zero/1.0/	f7e3ab3e149bd7d698569ebcc662bfe0826d3d92df684bb5342d2ddf4c321b72	7a241bf94176e3c2d6e0eaaa860e7caef1309e1d77dd9afbf336dfa8c3b85b19	508.624000	40.100000	foundry;tideforge
foundry_woodshop_s	foundry	woodshop	short	12	5	Jointer - Sound Devices 702 - Senn K6.WAV	lunchmoney	https://freesound.org/people/lunchmoney/sounds/380204	https://cdn.freesound.org/previews/380/380204_6692504-hq.mp3	Creative Commons 0	https://creativecommons.org/publicdomain/zero/1.0/	96375bc8cdcf2da625c931047fe0830cfee743d7170d596ad0e8b653ce0403a7	575bd0991b5dae1f679d646b925360d3d02e078ed4cee77972da8690d0069c9e	37.501000	17.100000	foundry;tideforge
foundry_printing_press_l	foundry	printing_press	long	30	5.461	S32-10 Old printing press; no motor noise.wav	craigsmith	https://freesound.org/people/craigsmith/sounds/675545	https://cdn.freesound.org/previews/675/675545_2524442-hq.mp3	Creative Commons 0	https://creativecommons.org/publicdomain/zero/1.0/	ec1573ce8ffd094f54c4b6bb959a564d35e58a2d26d7b8b549aa2688d9fdc46f	f507773575decf531a5e17ac9e5f6c2fb8a66a25971a95b833429970250c9b29	46.383000	35.561000	foundry
foundry_printing_press_s	foundry	printing_press	short	12	4.161	printing press spinning wheel.flac	kyles	https://freesound.org/people/kyles/sounds/637769	https://cdn.freesound.org/previews/637/637769_612689-hq.mp3	Creative Commons 0	https://creativecommons.org/publicdomain/zero/1.0/	86d6e9b3a1b181a9d0cda80196b1a414d8864d801da14f22bddddca29f2b8943	9b5e07c7b971a41d9d211312009d573d261512c51d62f7a7d21d7de6fb790891	24.482000	16.261000	foundry
foundry_sewing_l	foundry	sewing	long	30	3.665	sewing machine	taymline	https://freesound.org/people/taymline/sounds/187730	https://cdn.freesound.org/previews/187/187730_1500538-hq.mp3	Creative Commons 0	https://creativecommons.org/publicdomain/zero/1.0/	23bb3f5849aa6455dc18a9949a3e156033007d1f3ecfac86f8302e71598f2ffd	74574759b46d3d1dad85546724f7e78fdbdb91934ab7941f97e482c221f7e377	40.995000	33.765000	foundry;tideforge
foundry_sewing_s	foundry	sewing	short	12	4.874	sewing machine.wav	temawas	https://freesound.org/people/temawas/sounds/133048	https://cdn.freesound.org/previews/133/133048_920451-hq.mp3	Creative Commons 0	https://creativecommons.org/publicdomain/zero/1.0/	2b58476d24236b0742aa55f1ff854dfdb7264133be9fd80d0a96d518879104df	780b325a8ed039963b5900994c0035438b058d4653746d31edb8c176dd1c89d4	26.622000	16.973991	foundry;tideforge
foundry_laundromat_l	foundry	laundromat	long	30	10	laundromat washers washing machines close wash2.flac	kyles	https://freesound.org/people/kyles/sounds/454459	https://cdn.freesound.org/previews/454/454459_612689-hq.mp3	Creative Commons 0	https://creativecommons.org/publicdomain/zero/1.0/	331ea21c148bf65e04728491e9bd39aa93b418855d79eda3c1e8b6ec75db780b	62a57054597cf5388b5802819d35cf22286b77553d8397720d697d4f2bb19eef	80.120000	40.100000	foundry
foundry_laundromat_s	foundry	laundromat	short	12	5	laundromat washers washing machines rattle vibrate4.flac	kyles	https://freesound.org/people/kyles/sounds/454465	https://cdn.freesound.org/previews/454/454465_612689-hq.mp3	Creative Commons 0	https://creativecommons.org/publicdomain/zero/1.0/	457d9dfa59a736899c7f22e8c3bfe3e59797a59659cfc5e61b970198b79d58b3	1bf46d1b6db26a05848098af0887aa7767c4f23da3f3e23f582daeda1954bb49	176.025000	17.100000	foundry
foundry_dishwasher_l	foundry	dishwasher	long	30	10	Bosch Dishwasher Motor - Base of Machine Close.wav	aaronstar	https://freesound.org/people/aaronstar/sounds/192353	https://cdn.freesound.org/previews/192/192353_3526460-hq.mp3	Creative Commons 0	https://creativecommons.org/publicdomain/zero/1.0/	77511e24af70d04a5b88ebcfa839d59484c62ef78b2117a28497ebf3ddce33ba	5dc36d06be038781d90ebb6eca506822adf0c130f9ca13dd17c2b27bf8ba7e67	62.392000	40.100000	foundry;tideforge
foundry_dishwasher_s	foundry	dishwasher	short	12	5	dishwasher-glassware.aif	alienistcog	https://freesound.org/people/alienistcog/sounds/124434	https://cdn.freesound.org/previews/124/124434_296888-hq.mp3	Creative Commons 0	https://creativecommons.org/publicdomain/zero/1.0/	410383444c7752b2b377dfee537ad53de3e7035f9564d90ab8255b93246c55c8	c615f68cc30587e35c1f50b96c35f470ec2587c804fd0c1683961971b312e8b9	69.567000	17.100000	foundry;tideforge
foundry_coffee_machine_l	foundry	coffee_machine	long	30	7.528	cafe and coffee machine.wav	outandaboutworcester	https://freesound.org/people/outandaboutworcester/sounds/670291	https://cdn.freesound.org/previews/670/670291_14466062-hq.mp3	Creative Commons 0	https://creativecommons.org/publicdomain/zero/1.0/	dffc9239e7abc8a0df3989c5cda3d5d9b004ef0721cadf69cf0ba593dbaab8d8	e475df57c9bf1f5d2d42c3227545c189fa7dfde5214eb018cefa05ba054e9f22	52.584000	37.628005	foundry
foundry_coffee_machine_s	foundry	coffee_machine	short	12	5	Automated Coffee Maker, Machine [RAW]	cabled_mess	https://freesound.org/people/cabled_mess/sounds/394691	https://cdn.freesound.org/previews/394/394691_5450487-hq.mp3	Creative Commons 0	https://creativecommons.org/publicdomain/zero/1.0/	a4a5237391fc8c12a90974800efc6ae497951cbd4c38dee67e2408ec5a53d43b	52b4714737f555495966ca99d40a1ba937d6fb1cb53a0c4427a37b38d4988327	43.894000	17.100000	foundry
foundry_pneumatic_drill_l	foundry	pneumatic_drill	long	30	10	Construction Road Works	Toybox	https://freesound.org/people/Toybox/sounds/707974	https://cdn.freesound.org/previews/707/707974_2190378-hq.mp3	Creative Commons 0	https://creativecommons.org/publicdomain/zero/1.0/	691cc687ea6709a3f8d6cb2b44c7b3e2941481f50e123d6682fa1dc295229739	e9b7bea3d039edf10adbc87eba0071f2a010a9b24cb08dce62ee32c5b59e079d	70.071000	40.100000	foundry;tideforge
foundry_pneumatic_drill_s	foundry	pneumatic_drill	short	12	4.375	Construction_Site_Pickhammer.WAV	ivolipa	https://freesound.org/people/ivolipa/sounds/337096	https://cdn.freesound.org/previews/337/337096_3474310-hq.mp3	Creative Commons 0	https://creativecommons.org/publicdomain/zero/1.0/	5149749f24e740e0ae1bfdade18b4eb694b5d085a9758b57bc4a6e8dfa17a605	d9491696c592466e32fe6fcc18b8d9fc72b34881ce156d85aa2410c33db13c4c	25.124000	16.475000	foundry;tideforge
foundry_jackhammer_l	foundry	jackhammer	long	30	10	construction jackhammer echo narrow street.flac	kyles	https://freesound.org/people/kyles/sounds/453828	https://cdn.freesound.org/previews/453/453828_612689-hq.mp3	Creative Commons 0	https://creativecommons.org/publicdomain/zero/1.0/	e3d437c10419872684e6283407cc9b75a160e4865c53b8dc59de1795e3427640	359364fd2f96102b293b9324bd89618cbaa74401b8ce3d6a76a942e82f9c613d	125.667000	40.100000	foundry
foundry_jackhammer_s	foundry	jackhammer	short	12	5	russia construction jackhammer traffic	KEDR_SFX	https://freesound.org/people/KEDR_SFX/sounds/326634	https://cdn.freesound.org/previews/326/326634_3503905-hq.mp3	Creative Commons 0	https://creativecommons.org/publicdomain/zero/1.0/	507eac6752a6cc48dc1b164857b0bcff397c2c8aee7492a97b653e97f67b8922	21ff5a91d97d7d4a8b25d1e6a31169d4dc655ead5c1bccf6c6bf2d39de8d7df3	304.840000	17.100000	foundry
foundry_demolition_l	foundry	demolition	long	30	10	Builder using electric chisel.	Deester	https://freesound.org/people/Deester/sounds/350882	https://cdn.freesound.org/previews/350/350882_2287090-hq.mp3	Creative Commons 0	https://creativecommons.org/publicdomain/zero/1.0/	17976f74036bd445eafc3c41b1c7f9c15634b1278b6aeaf4065d785949425273	fa1d35a70cf1e7bd92f463bcfbc8b9f88a2a40ac50a136673b035afc78792b06	317.671000	40.100000	foundry;tideforge
foundry_demolition_s	foundry	demolition	short	12	5	Japan_Matsudo_5thFloor_ConstructionWorks_City_2.wav	RutgerMuller	https://freesound.org/people/RutgerMuller/sounds/365201	https://cdn.freesound.org/previews/365/365201_179538-hq.mp3	Creative Commons 0	https://creativecommons.org/publicdomain/zero/1.0/	a208f86536f23948923da428542f44da40104506451fd652e66b2dc27db1e932	649e8dca45e983926b151db7700bbeb5b19ffc254ce2ef0cf6d02bade0543940	1416.000000	17.100000	foundry;tideforge
foundry_hammering_l	foundry	hammering	long	30	2.378	Construction Sounds Hammering a Nail	deleted_user_7146007	https://freesound.org/people/deleted_user_7146007/sounds/383726	https://cdn.freesound.org/previews/383/383726_7146007-hq.mp3	Creative Commons 0	https://creativecommons.org/publicdomain/zero/1.0/	3d6e50ec80dca8d052a7b3007fd3cfd8002dc515bc4be63d07295c86dc785a16	e5c82656db11840eb821b8e556fec4f9af983fb5bfd8d3934d22f3fe9543144f	37.133000	32.478000	foundry
foundry_hammering_s	foundry	hammering	short	12	5	traffic medium Middle East busy boulevard horn honks2 echo like tunnel and construction hammering Gaza Strip 2016.wav	kyles	https://freesound.org/people/kyles/sounds/407332	https://cdn.freesound.org/previews/407/407332_612689-hq.mp3	Creative Commons 0	https://creativecommons.org/publicdomain/zero/1.0/	ea24aaf464d699b0723e60e735d15841bb3bc763c3b44af5c484cf8f1fd92907	a77e925b46ae085f603335a53d7c5d4bb9694ce22db7fa26a3e74ac5ea33d7c8	106.982000	17.100000	foundry
foundry_power_drill_l	foundry	power_drill	long	30	3.309	Pillar Drill Drilling steel	jameswrowles	https://freesound.org/people/jameswrowles/sounds/516602	https://cdn.freesound.org/previews/516/516602_3874107-hq.mp3	Creative Commons 0	https://creativecommons.org/publicdomain/zero/1.0/	d29b5fe9e4d19443ed314d996ebbade6dfe914b475edd230a92eedecdaea3ec9	69b874d2f13b04e0a2b825c963ef28fdc91bed769d8c62290153b9a1fa248af7	39.928000	33.409002	foundry;tideforge
foundry_power_drill_s	foundry	power_drill	short	12	5	Pillar Drill Drilling Wood	jameswrowles	https://freesound.org/people/jameswrowles/sounds/516604	https://cdn.freesound.org/previews/516/516604_3874107-hq.mp3	Creative Commons 0	https://creativecommons.org/publicdomain/zero/1.0/	601ab04dd8431f47f223e85e0cb9916c7e7eaf712f503fcbaf4d62c96e44a030	8936f63bca780f9a7cbdc830891a31f30b2118c057690277f1976f142aee7f41	36.487000	17.100000	foundry;tideforge
foundry_compressor_l	foundry	compressor	long	30	10	Industrial-compressor.wav	Astounded	https://freesound.org/people/Astounded/sounds/478118	https://cdn.freesound.org/previews/478/478118_10201334-hq.mp3	Creative Commons 0	https://creativecommons.org/publicdomain/zero/1.0/	6062c31813dd06af69c7b96fe50be1b11835f4ce4df5f92d4765097d2b69f1ad	1647e78286d9d3405bb32c0784df09eba9dc699507871523c225d07cfe0d56dd	65.029000	40.100000	foundry
foundry_compressor_s	foundry	compressor	short	12	3.225	electric_air_compressor_close_mono.WAV	firanthir	https://freesound.org/people/firanthir/sounds/338970	https://cdn.freesound.org/previews/338/338970_1850267-hq.mp3	Creative Commons 0	https://creativecommons.org/publicdomain/zero/1.0/	13011b654608646cc26d377a33f08bfa1eb9536f8be98b576a9b24a3113056a5	93d6aba2abb7326e9bb32a16734841588e634793a67e63dfd9543e37086c54a9	21.676000	15.325000	foundry
foundry_generator_l	foundry	generator	long	30	0.205	URBAN NOISE LOOP w BUILDING FAN GENERATOR .wav	ListenTonyBoy	https://freesound.org/people/ListenTonyBoy/sounds/326254	https://cdn.freesound.org/previews/326/326254_5600514-hq.mp3	Creative Commons 0	https://creativecommons.org/publicdomain/zero/1.0/	27075c8056df76a6518be6f162b1fa7854e2922797277a20ee95669ccc3bb8f5	acb9043276978513913d727fe137e645b0df9168a34ce5cb1b12d873e0191c52	30.615000	30.305011	foundry;tideforge
foundry_generator_s	foundry	generator	short	12	1.531	Sci Fi Generator or Motor or Forcefield Loop	Euphrosyyn	https://freesound.org/people/Euphrosyyn/sounds/382687	https://cdn.freesound.org/previews/382/382687_5051822-hq.mp3	Creative Commons 0	https://creativecommons.org/publicdomain/zero/1.0/	8b38fb436028b34a923f0c47997d113c785adcd90fc49ea8d57034e7cb216b30	0159e1a0d0904e6152a6055d62e51cff564c16b3239953fdd0e6ed84f583e820	16.592000	13.631000	foundry;tideforge
foundry_turbine_l	foundry	turbine	long	30	10	wind turbine	eguaus	https://freesound.org/people/eguaus/sounds/321719	https://cdn.freesound.org/previews/321/321719_40875-hq.mp3	Creative Commons 0	https://creativecommons.org/publicdomain/zero/1.0/	4235bb916fcedaea65ddb4acc8ea3a986669513e01c8911c101b6d767a3c7618	e0f50076265befbee375a06b157853a252225e120bcbde72448b1e51c2c0fb84	60.822000	40.100000	foundry
foundry_turbine_s	foundry	turbine	short	12	5	wind turbine Pelczyce	Sempoo	https://freesound.org/people/Sempoo/sounds/403226	https://cdn.freesound.org/previews/403/403226_116752-hq.mp3	Creative Commons 0	https://creativecommons.org/publicdomain/zero/1.0/	250341f6ce42e10362834b7fd79894a5dddae69bf3607dc8662087f55b2fd16a	6d85f63770c6d27ecb543ad8b779283187689ba1612b6315f79ce6580b7b1ebe	120.014000	17.100000	foundry
foundry_pump_room_l	foundry	pump_room	long	30	10	factory ambience industrial pump room hum with PA announcement heavy echo and pump turn on start.flac	kyles	https://freesound.org/people/kyles/sounds/637521	https://cdn.freesound.org/previews/637/637521_612689-hq.mp3	Creative Commons 0	https://creativecommons.org/publicdomain/zero/1.0/	695e6d2d918a2b55988bc59f200a505d2b92e15d23663565597f8cceb59d9b54	ece244899f272deea8bce0e5fd4f2d331e798439befc546e94028ad6424294ba	99.271000	40.100000	foundry;tideforge
foundry_pump_room_s	foundry	pump_room	short	12	5	buzz hum electric industrial pump room.flac	kyles	https://freesound.org/people/kyles/sounds/453424	https://cdn.freesound.org/previews/453/453424_612689-hq.mp3	Creative Commons 0	https://creativecommons.org/publicdomain/zero/1.0/	607c7e30b6bbe0ef6374ada1e99044112d4db4cf7b95709e15cb24fecb5bad6c	d0499139b0cbf29e86f277fbc0a56e4aacbd0ed8ac90b1f9177f026c216b3db3	34.247000	17.100000	foundry;tideforge
foundry_conveyor_l	foundry	conveyor	long	30	10	Industrial Conveyor Belt	Kinoton	https://freesound.org/people/Kinoton/sounds/519027	https://cdn.freesound.org/previews/519/519027_2247456-hq.mp3	Creative Commons 0	https://creativecommons.org/publicdomain/zero/1.0/	aa145eec1af3fe85aad4ba96a1acc42d33d9e422c2a32ba371e2517b6065ea43	4756172610eaac624802dbbcc5dcf3775f4ff0916de18dc8c576d226e6477be3	94.169000	40.100000	foundry
foundry_conveyor_s	foundry	conveyor	short	12	5	metal rollers conveyor belt with no belt to bring boxes to store basement normal and slow prickly gritty movement.flac	kyles	https://freesound.org/people/kyles/sounds/454082	https://cdn.freesound.org/previews/454/454082_612689-hq.mp3	Creative Commons 0	https://creativecommons.org/publicdomain/zero/1.0/	75e5e22870d9d13240ea2806edf1a1442db353dd55eeb71ced065b1a956d19c4	ebe8ad2759e27151e4aef507f20e5c1c767e595b50f87277147e401b17d0b2ed	33.116000	17.100000	foundry
foundry_quarry_l	foundry	quarry	long	30	10	Quarry Tunnel Ambience 1, Large Splash	ecfike	https://freesound.org/people/ecfike/sounds/476318	https://cdn.freesound.org/previews/476/476318_2337290-hq.mp3	Creative Commons 0	https://creativecommons.org/publicdomain/zero/1.0/	9ec20df1f258274c4daadf93c73025a486fbadbe1cf9699c1dc6b0e5a7e3c33d	384fc880e9827245c48c084048a764fe4d4e0379c8586d0fa482f8a7cc7c8375	173.000000	40.100000	foundry;tideforge
foundry_quarry_s	foundry	quarry	short	12	5	Quarry Tunnel Ambience 2, Loud Droplets	ecfike	https://freesound.org/people/ecfike/sounds/476317	https://cdn.freesound.org/previews/476/476317_2337290-hq.mp3	Creative Commons 0	https://creativecommons.org/publicdomain/zero/1.0/	5c9d7a661bff550c574bc8b48201e7b95e2d1c9d262a5d0d1cbabe319f3c0736	21f15334f132b5768ab9a9f48669d0028dc408f2efdd2429d7e801c318f77fa6	162.000000	17.100000	foundry;tideforge
commons_market_l	commons	market	long	30	10	crowd ext enclosed market medium busy Haitian walla2.flac	kyles	https://freesound.org/people/kyles/sounds/450589	https://cdn.freesound.org/previews/450/450589_612689-hq.mp3	Creative Commons 0	https://creativecommons.org/publicdomain/zero/1.0/	a87dff536a758534a4c97fb60addee9e665d1642c1f92706a31e1523e75cbfd3	0388745786677d4ddc72b2c317fd0c985416a56a107a623c093dc9c92fac6927	342.008000	40.100000	commons
commons_market_s	commons	market	short	12	3.452	market ext busy on big open street second hand clothing medium active crowd close and nearby vendors shout in Logandan4 +distant light traffic, female vendor Kampala, Uganda, Africa 2016.wav	kyles	https://freesound.org/people/kyles/sounds/407154	https://cdn.freesound.org/previews/407/407154_612689-hq.mp3	Creative Commons 0	https://creativecommons.org/publicdomain/zero/1.0/	e943bfa2972d4e18570ed4e4cc7ebf596d6ff7a8c81c68b555b18b58cd88fa50	b7e6cc75f9f94551c18c60c5d482e579bb137c2ef2f79e5379b371daddf2642f	22.355000	15.552000	commons
commons_restaurant_l	commons	restaurant	long	30	10	restaurant ambience.wav	sarahmariealice	https://freesound.org/people/sarahmariealice/sounds/265870	https://cdn.freesound.org/previews/265/265870_2150067-hq.mp3	Creative Commons 0	https://creativecommons.org/publicdomain/zero/1.0/	44762dc6110257dfa19e49c71114acfddb46ca7801b30983aa551da9e783145f	6697b7147c1bb11a15d880291636ae778e3f762e4edc492601e96fe0aaee9933	141.777000	40.100000	commons;stormfolk
commons_restaurant_s	commons	restaurant	short	12	5	Dutch restaurant ambience	hz37	https://freesound.org/people/hz37/sounds/372610	https://cdn.freesound.org/previews/372/372610_123355-hq.mp3	Creative Commons 0	https://creativecommons.org/publicdomain/zero/1.0/	880b771695a4a7e768e3989174695fd7d0e31d4430ded71651664b8a71a45407	22bcb364f36d2d8599452ed14e03ae5431f1ac89fca0a26a41de94ba62d3ad9c	41.173000	17.100000	commons;stormfolk
commons_cafe_l	commons	cafe	long	30	0.29	Bustling Cafe Ambience	Talitha5	https://freesound.org/people/Talitha5/sounds/509950	https://cdn.freesound.org/previews/509/509950_4458028-hq.mp3	Creative Commons 0	https://creativecommons.org/publicdomain/zero/1.0/	7bdea50b97148835313cd55e1055919e87ad2c2574ce416d022fbae4efe3911c	5631ae1a939899b7396151baa644710bdd608a3732d962a2887ff15f79539c40	30.869000	30.390000	commons
commons_cafe_s	commons	cafe	short	12	5	ambience Cafe basement.m4a	clivew	https://freesound.org/people/clivew/sounds/577104	https://cdn.freesound.org/previews/577/577104_832398-hq.mp3	Creative Commons 0	https://creativecommons.org/publicdomain/zero/1.0/	409a6b4d738825c7b9dc535563301e4c90e0c6e4e3e670fde81da74e5a8d0faa	f06a713eda1253a75125b743494deb9b374384d460fba254b41a683813e3123a	297.472000	17.100000	commons
commons_cafeteria_l	commons	cafeteria	long	30	3.013	Cafeteria ambient.wav	amthomas101	https://freesound.org/people/amthomas101/sounds/175831	https://cdn.freesound.org/previews/175/175831_2507638-hq.mp3	Creative Commons 0	https://creativecommons.org/publicdomain/zero/1.0/	74203514efbbc599e24dbf8f8fcd9f57e4b58dc9b1ed8dee3d7eb17ce956c0cb	78b6a60600c519a84cc4815204d8e972362aef240304121f6bd22de8e3cb701b	39.039000	33.112993	commons;stormfolk
commons_cafeteria_s	commons	cafeteria	short	12	5	crowd int high school cafeteria busy short	kyles	https://freesound.org/people/kyles/sounds/450402	https://cdn.freesound.org/previews/450/450402_612689-hq.mp3	Creative Commons 0	https://creativecommons.org/publicdomain/zero/1.0/	cddcfd1616183d5ea70178da792f35746457be61e2c5b08c47587a90714c514b	35f361fc3e1fcdbfa2622321b5362f82c8d0fa951058ba5ef2e099a8c1f8b088	28.879000	17.100000	commons;stormfolk
commons_playground_l	commons	playground	long	30	7.075	Playground ambience with kids voices, swing whining and birds singing	aninamedina	https://freesound.org/people/aninamedina/sounds/710743	https://cdn.freesound.org/previews/710/710743_4043400-hq.mp3	Creative Commons 0	https://creativecommons.org/publicdomain/zero/1.0/	f4ddc0a68e495f7b8da3481cf89da8ec418a16918d8cc7df6d00d126d9ff5332	4f9f5087ebf17a90487931ff9dc376b3955ccc9578a54cfa252be1b1b1a76599	51.226000	37.175011	commons
commons_playground_s	commons	playground	short	12	5	Indoor Playground Ambience	Nielsvdb	https://freesound.org/people/Nielsvdb/sounds/705006	https://cdn.freesound.org/previews/705/705006_3315462-hq.mp3	Creative Commons 0	https://creativecommons.org/publicdomain/zero/1.0/	464769520326e30aee67ad08b15509f2888adf060d94efd46eb38a1089f5ab7b	b96396e9cf444f49b5647cdf995cfd96987e0438b0345aa874210cb87b479824	208.172000	17.100000	commons
commons_stadium_l	commons	stadium	long	30	10	19 Football Crowd - Reaction To Goal.flac	D.jones	https://freesound.org/people/D.jones/sounds/528799	https://cdn.freesound.org/previews/528/528799_11431915-hq.mp3	Creative Commons 0	https://creativecommons.org/publicdomain/zero/1.0/	b30523aae2e0fc2333b2b194af9fb45298048590882c854301459e604db5c493	24ef4d2e59c63975f1267c2342359134a5de0de6952e2b1169850419e113fbdb	93.173000	40.100000	commons;stormfolk
commons_stadium_s	commons	stadium	short	12	4.625	MLB Crowd Cheer - 09032022.wav	tylermyers1992	https://freesound.org/people/tylermyers1992/sounds/649156	https://cdn.freesound.org/previews/649/649156_7149873-hq.mp3	Creative Commons 0	https://creativecommons.org/publicdomain/zero/1.0/	b7a34604cb6e41ebc312b423a45d425d5896b00d0d0b73d2b8ed0552e3b432f8	5872c692b25049147ae8c3b51986e0888ff831940c3c0e1ea92d7ca545d62edf	25.875000	16.725011	commons;stormfolk
commons_protest_l	commons	protest	long	30	10	15 Chanting & crowd.ogg	deleted_user_2104797	https://freesound.org/people/deleted_user_2104797/sounds/330975	https://cdn.freesound.org/previews/330/330975_2104797-hq.mp3	Creative Commons 0	https://creativecommons.org/publicdomain/zero/1.0/	18d61689ddc098a7326915319ceba623888fe3f861088cc3eb53dbccb066ec45	c4be7d9a140e7cd51c93d32af60ea6e4b467e4c13e7b9a5357dd35c8e1fb26e4	91.512000	40.100000	commons
commons_protest_s	commons	protest	short	12	5	7 Through the march 2.ogg	deleted_user_2104797	https://freesound.org/people/deleted_user_2104797/sounds/330985	https://cdn.freesound.org/previews/330/330985_2104797-hq.mp3	Creative Commons 0	https://creativecommons.org/publicdomain/zero/1.0/	4347c4b6cfc72ab551d47de5c594b1cce90b1525b0a6830e40aa94a658987059	ea7581be5f50dc2b0ecb37f14affc3c7725cfc7bf7f602f8db67226ce51fa60c	122.765000	17.100000	commons
commons_parade_l	commons	parade	long	30	10	crowd ext medium excited like parade Indian municipal election candidate drive through back street on megaphone distant horn honks voices drumming and cheering India.flac	kyles	https://freesound.org/people/kyles/sounds/451354	https://cdn.freesound.org/previews/451/451354_612689-hq.mp3	Creative Commons 0	https://creativecommons.org/publicdomain/zero/1.0/	71025b4ee9c29dec39b7b0ab9d691e79cc1ce354b2d1f92e9b518cc5bd9efabe	f5e0f8856f34f5e806da8979e66b245e2ee8b3c98c35d5451e4597977673aaf3	176.765000	40.100000	commons;stormfolk
commons_parade_s	commons	parade	short	12	5	crowd ext side street walk to parade with chopper good sense of movement and anticipation.flac	kyles	https://freesound.org/people/kyles/sounds/637454	https://cdn.freesound.org/previews/637/637454_612689-hq.mp3	Creative Commons 0	https://creativecommons.org/publicdomain/zero/1.0/	21c1185aa5dd7253dc4bd2dc665a7696c966046e73a5dc583403ea30df43df28	b70e36e4a7cfc1f685dee7463d5545b3d5d206ae3356d58f1751bf466dfe560f	101.635000	17.100000	commons;stormfolk
commons_festival_l	commons	festival	long	30	10	distant music festival	Yuval	https://freesound.org/people/Yuval/sounds/197229	https://cdn.freesound.org/previews/197/197229_770707-hq.mp3	Creative Commons 0	https://creativecommons.org/publicdomain/zero/1.0/	15e99ff8242cbba5b3d2f4f60444df9a45a9c83a6daa1a365c6f48f9c9dfda1f	129aeed5a27e971fc5ba4981e8d5d924504e5b23072f63813223d96ffdf3e333	282.800000	40.100000	commons
commons_festival_s	commons	festival	short	12	5	Tokyo - Festival Drums and Flute.	manuke	https://freesound.org/people/manuke/sounds/315888	https://cdn.freesound.org/previews/315/315888_5356267-hq.mp3	Creative Commons 0	https://creativecommons.org/publicdomain/zero/1.0/	b7d51259a0aff657eb7970df556427c9b725701648756880a0de5b8bddda2d50	8c6344244caecd401cf72fc80fcfa395126e1ed63ff79abcb8bebfae22f7c296	82.000000	17.100000	commons
commons_carnival_l	commons	carnival	long	30	4.782	S41-28 Carnival Ambiance; mainly voices; barkers calling to crowd.wav	craigsmith	https://freesound.org/people/craigsmith/sounds/675012	https://cdn.freesound.org/previews/675/675012_2524442-hq.mp3	Creative Commons 0	https://creativecommons.org/publicdomain/zero/1.0/	b6ad03c2bb85c69df81768a87b7e148f6c0b142cd7f30ef650272e253861408b	1370883aed636f731b089dad7d3fbf958c24cabe11ead967d7b1e0e46ce43104	44.346000	34.882000	commons;stormfolk
commons_carnival_s	commons	carnival	short	12	5	2011-carnival-merry-go-round.aiff	alienistcog	https://freesound.org/people/alienistcog/sounds/126661	https://cdn.freesound.org/previews/126/126661_296888-hq.mp3	Creative Commons 0	https://creativecommons.org/publicdomain/zero/1.0/	59afd9ad492f2bd98ed9f391963ee7085a7ceab2227af0a3ecde1367e8f93781	42d30e6bcda70a3a9b2adf95879ea39dfc56c0641fb1adf91e3707b87be0ac49	86.040000	17.100000	commons;stormfolk
commons_church_l	commons	church	long	30	6.116	Gothic church bells.mp3	Aeonemi	https://freesound.org/people/Aeonemi/sounds/180330	https://cdn.freesound.org/previews/180/180330_3356065-hq.mp3	Creative Commons 0	https://creativecommons.org/publicdomain/zero/1.0/	a05edba47ec12bb2d0521035dea5efa770dac1f76e417e1dc7d54f82fe99a2db	308fac8bfcea3eb9c87fdfbc0cdd710dde481153cc399eeb2f3fc75cc5fbbc73	48.348000	36.216009	commons
commons_church_s	commons	church	short	12	5	church bells.wav	Robin Whittaker	https://freesound.org/people/Robin%20Whittaker/sounds/36628	https://cdn.freesound.org/previews/36/36628_35711-hq.mp3	Creative Commons 0	https://creativecommons.org/publicdomain/zero/1.0/	bc64a348700f58b95d354693e19a9c166f7fcc4d076f5aa21d7db82ffc8e8319	31b0d7682fc24a8d6ea47ff8088b7d0043dd667efd33423c5e6e1c7d6e9e2e52	149.351000	17.100000	commons
commons_choir_rehearsal_l	commons	choir_rehearsal	long	30	8.382	Hendricks choir practice.wav	KFerentchak	https://freesound.org/people/KFerentchak/sounds/218379	https://cdn.freesound.org/previews/218/218379_4070508-hq.mp3	Creative Commons 0	https://creativecommons.org/publicdomain/zero/1.0/	76a8a3eaf71f260c7f2aaebfc0ba793bafee7538ddd7dde562a7a233cc174183	4b6bba494846bebf3e2764087f7b8524762b6d98feb423cd4682b99961963489	55.147000	38.481995	commons;stormfolk
commons_choir_rehearsal_s	commons	choir_rehearsal	short	12	5	Kids chorus singing Lebanese national anthem.aif	The_Sound_Side	https://freesound.org/people/The_Sound_Side/sounds/256277	https://cdn.freesound.org/previews/256/256277_989468-hq.mp3	Creative Commons 0	https://creativecommons.org/publicdomain/zero/1.0/	0447c1a558688f99ebe798f8606fdb9a677b0008433ed5a9f942224c0614c962	8efb0b17a2c3f8cdbdd4f4044a799fa2b9e8f6ac040db9e831bc4d6e16d96a42	50.000000	17.100000	commons;stormfolk
commons_theater_l	commons	theater	long	30	10	Movements before theater	xkeril	https://freesound.org/people/xkeril/sounds/634752	https://cdn.freesound.org/previews/634/634752_13504080-hq.mp3	Creative Commons 0	https://creativecommons.org/publicdomain/zero/1.0/	2227264cba80e8e786113a0cf71904d91ce7b052b600af4cf1a5dd392f1694e7	8bd3aa10b7de7ccd01d8c379eec044c95b6ecc3bd593dc2aef56a0c28f95180c	68.012000	40.100000	commons
commons_theater_s	commons	theater	short	12	5	applause int large crowd auditorium theater concert show great.flac	kyles	https://freesound.org/people/kyles/sounds/453727	https://cdn.freesound.org/previews/453/453727_612689-hq.mp3	Creative Commons 0	https://creativecommons.org/publicdomain/zero/1.0/	24bf11dc56174e238f442731cc21875d7f47e0759e66a17fbc1151806020e42c	ab0a5c58520df0c8b615f5583b93ea6cfb6961a92455c3a3ce65afa6808a069d	138.264000	17.100000	commons
commons_orchestra_tuning_l	commons	orchestra_tuning	long	30	6.839	Orchestra tuning large room ambience-7eqa_01-02.wav	bryguyllotr	https://freesound.org/people/bryguyllotr/sounds/434592	https://cdn.freesound.org/previews/434/434592_5037446-hq.mp3	Creative Commons 0	https://creativecommons.org/publicdomain/zero/1.0/	5938aa109fec98c41362bdde081e80db2df1341f63c19305b6ffeb6fca1f62b1	9c48761d72bc00e096496d5ad5563d0134b95341667dc297bd00cfa4dbd37dc8	50.517000	36.939000	commons;stormfolk
commons_orchestra_tuning_s	commons	orchestra_tuning	short	12	5	Orchestra Tuning	TeTeNoise	https://freesound.org/people/TeTeNoise/sounds/518549	https://cdn.freesound.org/previews/518/518549_8140496-hq.mp3	Creative Commons 0	https://creativecommons.org/publicdomain/zero/1.0/	00cecef7fe3b4644f860e6c2cce76e5262a49ac727f47e89e9f7775dcf238fb1	4dd19b1424f8e24486052dfaaf0d7d7884bdced0e0274272d1112100242ef09e	304.000000	17.100000	commons;stormfolk
commons_library_l	commons	library	long	30	10	Library ambience	xkeril	https://freesound.org/people/xkeril/sounds/613781	https://cdn.freesound.org/previews/613/613781_13504080-hq.mp3	Creative Commons 0	https://creativecommons.org/publicdomain/zero/1.0/	ba1dd68a4f1605943589af7eb36be4523e0db3bca6d357053049b00439f0967a	fb402ba44f4383b65fc6354c4ef3ca80c291c4b03074d13de17ece9cf9197c0e	433.567000	40.100000	commons
commons_library_s	commons	library	short	12	5	Quiet library ambience	xkeril	https://freesound.org/people/xkeril/sounds/620683	https://cdn.freesound.org/previews/620/620683_13504080-hq.mp3	Creative Commons 0	https://creativecommons.org/publicdomain/zero/1.0/	570078cafa2b7789faa89cd8c8858301534e44a3ef8059b36d5c102c38114b31	9d86a41ca01524478d1342f9139ed87a90d03d29432c7b04ba2dcb515ea7c0f5	580.608000	17.100000	commons
commons_museum_l	commons	museum	long	30	10	Ambience_Museum Interior	exuberate	https://freesound.org/people/exuberate/sounds/580538	https://cdn.freesound.org/previews/580/580538_1810340-hq.mp3	Creative Commons 0	https://creativecommons.org/publicdomain/zero/1.0/	f8bdb92e75243d7a7030897f4d5f618c809fd43cd7ed498021643ba5ae3475e0	c6d1eaaa3d88350f01caa1f7f5caf177d7f4da06418976053a4ccc206d826775	100.555000	40.100000	commons;stormfolk
commons_museum_s	commons	museum	short	12	5	Ambience interior museum cafe	exuberate	https://freesound.org/people/exuberate/sounds/580539	https://cdn.freesound.org/previews/580/580539_1810340-hq.mp3	Creative Commons 0	https://creativecommons.org/publicdomain/zero/1.0/	7faa554a61223e822242d3060134a1ef91a952015238d8dc2a82affa858fb9bd	73f8bd2c8457ffcf4576a17fa95bc82480ca394bb3674d6d5b1efb993c756f59	136.228000	17.100000	commons;stormfolk
commons_hospital_l	commons	hospital	long	30	10	HOSPITAL - LONG CORRIDOR - ATMO / AMB (02)	tferrino	https://freesound.org/people/tferrino/sounds/618353	https://cdn.freesound.org/previews/618/618353_7891112-hq.mp3	Creative Commons 0	https://creativecommons.org/publicdomain/zero/1.0/	c16c56c1e8b770da0ff73359a28bfc6ef5ee85302169342b7146f92e95d1acee	736d78c093cb98f327710d45a6e4b07ee44d1453c6ef76ecb2afae12029750b9	106.822000	40.100000	commons
commons_hospital_s	commons	hospital	short	12	5	Pediatric Hospital - Reception / Corridor (Coimbra, Portugal)	tferrino	https://freesound.org/people/tferrino/sounds/640627	https://cdn.freesound.org/previews/640/640627_7891112-hq.mp3	Creative Commons 0	https://creativecommons.org/publicdomain/zero/1.0/	7c3082d0452908f6e31d5f4eb6d63503cd917f0b1ada5819201dfec002076300	f7c3f1ab7bba7241c704c6b5d7fc719e7e6ac0e57d6639c4e227e79a874ac85b	153.003000	17.100000	commons
commons_office_l	commons	office	long	30	10	hungarian post office ambience - a busy day	Frigus_XIII	https://freesound.org/people/Frigus_XIII/sounds/460082	https://cdn.freesound.org/previews/460/460082_1505134-hq.mp3	Creative Commons 0	https://creativecommons.org/publicdomain/zero/1.0/	6b2d29d30c0920c7b5146bd5ad68cb9be591f8f56cdf3315be364b55f23b8f50	4ee5e2fa7817c2e70835ce2cd27e565a73789ec3d85e29fb63260a4238001d45	117.520000	40.100000	commons;stormfolk
commons_office_s	commons	office	short	12	5	G16-11-Police Teletype and Ambience.wav	craigsmith	https://freesound.org/people/craigsmith/sounds/438135	https://cdn.freesound.org/previews/438/438135_2524442-hq.mp3	Creative Commons 0	https://creativecommons.org/publicdomain/zero/1.0/	18dbdb61c62369556c626d99e5a10176b5ee0ac7909cd427a135441cf3c82f26	1adca34680f80fd8f964356711d4e435c05269a47a22da305821fc6713012995	97.603000	17.100000	commons;stormfolk
commons_airport_terminal_l	commons	airport_terminal	long	30	10	crowd int medium quiet active airport terminal 5AM spanish voices Mexico.flac	kyles	https://freesound.org/people/kyles/sounds/455729	https://cdn.freesound.org/previews/455/455729_612689-hq.mp3	Creative Commons 0	https://creativecommons.org/publicdomain/zero/1.0/	32ffc56764cf2b0bdf2974c76bb813bad8c2072e11055f53c96fa56725e374ec	6a424a17c1e276ddbb674a2ee1490355050d278f4833e6dba823ad3acb64cd15	209.333000	40.100000	commons
commons_airport_terminal_s	commons	airport_terminal	short	12	5	airport Zurich terminal lounge medium crowd heavy echo more movement and conversations and cleaning.flac	kyles	https://freesound.org/people/kyles/sounds/404965	https://cdn.freesound.org/previews/404/404965_612689-hq.mp3	Creative Commons 0	https://creativecommons.org/publicdomain/zero/1.0/	b5e2362e51529fcdb5cf0d24bbd82bb357100e48bec80af20bf340f0e3d7ac4d	594ce53b67f8d095f271c4a50dd24bf620f950798ad6e24228ec6b37d3470f2c	247.074000	17.100000	commons
commons_shopping_mall_l	commons	shopping_mall	long	30	10	Shopping Mall Ambience	leonelmail	https://freesound.org/people/leonelmail/sounds/429068	https://cdn.freesound.org/previews/429/429068_4437257-hq.mp3	Creative Commons 0	https://creativecommons.org/publicdomain/zero/1.0/	bc8af7370321c804852308cc3373e7bdc045d35126328c0812ac70b45043220f	a30afbc8548446f2999ab373e49b0de4af737b00bfc0900b0ff0979e6067bfdf	165.526000	40.100000	commons;stormfolk
commons_shopping_mall_s	commons	shopping_mall	short	12	5	Food court at Moscow shopping mall - general ambience OMNI mics.flac	gladkiy	https://freesound.org/people/gladkiy/sounds/333940	https://cdn.freesound.org/previews/333/333940_2364707-hq.mp3	Creative Commons 0	https://creativecommons.org/publicdomain/zero/1.0/	414945bf7be8a6cee80a15309ceebefb80881995da52ce9c6ea2c3d8ffa72577	a15521f47ec248260d2f0d64e918999a4d766959faab629d6690f0660f107c52	1148.000000	17.100000	commons;stormfolk
commons_hotel_lobby_l	commons	hotel_lobby	long	30	7.823	S15-15 Hotel lobby; bg walla.wav	craigsmith	https://freesound.org/people/craigsmith/sounds/675170	https://cdn.freesound.org/previews/675/675170_2524442-hq.mp3	Creative Commons 0	https://creativecommons.org/publicdomain/zero/1.0/	cc30915d94360148b49013d5918856513508bbc284c7ac7015cfd179c4f2bd6c	e278c7639922253915f554ac72eceded0bcf9a09afdd696d58807eb22bfab324	53.468000	37.923000	commons
commons_hotel_lobby_s	commons	hotel_lobby	short	12	5	Hotel lobby - large open plan.wav	soundmary	https://freesound.org/people/soundmary/sounds/117618	https://cdn.freesound.org/previews/117/117618_1160789-hq.mp3	Creative Commons 0	https://creativecommons.org/publicdomain/zero/1.0/	398a19236ed155aee361f0c14604ae9b6bd436e1ac9d54735210ac284cdfeebc	aedbd31eb5ab15aacc43cec8363de7168509065d96bfe96b9cc9504d091cf659	64.387000	17.100000	commons
commons_auction_l	commons	auction	long	30	10	Auction Ambience 2.wav	ecfike	https://freesound.org/people/ecfike/sounds/133821	https://cdn.freesound.org/previews/133/133821_2337290-hq.mp3	Creative Commons 0	https://creativecommons.org/publicdomain/zero/1.0/	b7912979f75dcfa10b4d7cbfd74c257370cf0a35e2067a9a89b32a263e33d421	cccfa2a75346503ecf4a60df5c3294c6ef1b4d8f3da3410c871f4b905dbf8d30	87.466000	40.100000	commons;stormfolk
commons_auction_s	commons	auction	short	12	5	Auction Ambience 1.wav	ecfike	https://freesound.org/people/ecfike/sounds/133820	https://cdn.freesound.org/previews/133/133820_2337290-hq.mp3	Creative Commons 0	https://creativecommons.org/publicdomain/zero/1.0/	297aebf272b5da4ff23911034aa5f81529c5e2b2281103269e6719a5d1c30f2d	f099b8cbab66cfabdefef1a5e593feb345867fd763d1e39e6c5253d209ade17e	94.724000	17.100000	commons;stormfolk
commons_city_square_l	commons	city_square	long	30	10	Times square 1700.m4a	olofgud	https://freesound.org/people/olofgud/sounds/639703	https://cdn.freesound.org/previews/639/639703_3265745-hq.mp3	Creative Commons 0	https://creativecommons.org/publicdomain/zero/1.0/	bb3190779dfd025db31e59eda35074169ac5b580c49bf9a55dcf0ab4b2739dac	783d414b0fee24fec001634409412e468f49f2e84f74106a3d1873c3a8aee068	98.069000	40.100000	commons
commons_city_square_s	commons	city_square	short	12	5	Torino, Piazza Castello	alesonica	https://freesound.org/people/alesonica/sounds/276970	https://cdn.freesound.org/previews/276/276970_5272893-hq.mp3	Creative Commons 0	https://creativecommons.org/publicdomain/zero/1.0/	7457ce475f8ae1b622d3e1e8abd90eb651ef1a999216b8f4a86fb1e1353b309b	506adc716d2efc2849922f4f59639f5108fd6d9165dd4ffe4797c678ec2619d6	130.741000	17.100000	commons
commons_wedding_l	commons	wedding	long	30	10	Crowd at a British wedding reception venue	Pandos	https://freesound.org/people/Pandos/sounds/362353	https://cdn.freesound.org/previews/362/362353_2622803-hq.mp3	Creative Commons 0	https://creativecommons.org/publicdomain/zero/1.0/	282b8ab1d8eb2a62189111f1a76af8ec57083ea7629f5c97d671c815a3cc165c	8a5b2b3c76b39a3aa49b9f39039f122f78aa8b746c3760a0bd694320c903619e	242.000000	40.100000	commons;stormfolk
commons_wedding_s	commons	wedding	short	12	2.34	Wedding Applause Cheerfully.aif	giovannapaludetto	https://freesound.org/people/giovannapaludetto/sounds/414292	https://cdn.freesound.org/previews/414/414292_7602881-hq.mp3	Creative Commons 0	https://creativecommons.org/publicdomain/zero/1.0/	270f1d6210b6841b55666946e3f34002dde92194abf38d6bbe70e7cf0c97ae5e	20ae0643fcaeefa4181b47f52fe31f8b233aeb5dfbf251bd078631e5e81dfe7a	19.019000	14.440000	commons;stormfolk
sonora_piano_l	sonora	piano	long	30	10	piano improvisation	aptbr	https://freesound.org/people/aptbr/sounds/362106	https://cdn.freesound.org/previews/362/362106_3783190-hq.mp3	Creative Commons 0	https://creativecommons.org/publicdomain/zero/1.0/	6f80ae7b27d5c0504b6a6983692f501fd742c571710329a92c01a205145d512a	1e4a75db72926084b814ce3a976387547aae78d648e9843b27d31bac506e1222	107.276000	40.100000	sonora
sonora_piano_s	sonora	piano	short	12	5	Touching Piano Improvisation	unfa	https://freesound.org/people/unfa/sounds/342647	https://cdn.freesound.org/previews/342/342647_1038806-hq.mp3	Creative Commons 0	https://creativecommons.org/publicdomain/zero/1.0/	03ead29a9f7917a53b4122f5c0600bcbbd8758efc53265da9b3b8889b7ac0ca6	cb5c482f17d8f4f58d93d3b57f4cad78090c65f0142048c9c05a170151af05a5	272.843000	17.100000	sonora
sonora_acoustic_guitar_l	sonora	acoustic_guitar	long	30	10	acoustic guitar improvisation by the Cantabrian Sea.wav	yunclas	https://freesound.org/people/yunclas/sounds/404504	https://cdn.freesound.org/previews/404/404504_6031697-hq.mp3	Creative Commons 0	https://creativecommons.org/publicdomain/zero/1.0/	715c182202ca9dfeb89669401f0258c76f3f92f9bd94aa5e89c4685f01e9a5a9	6eac37c2dcbbb203f5f3acb3d4731236922d4c9ad162122dc77dd279665cf176	233.099000	40.100000	sonora;railchime
sonora_acoustic_guitar_s	sonora	acoustic_guitar	short	12	3.1	Acoustic guitar rythm with maracas	maurolupo	https://freesound.org/people/maurolupo/sounds/211963	https://cdn.freesound.org/previews/211/211963_3931578-hq.mp3	Creative Commons 0	https://creativecommons.org/publicdomain/zero/1.0/	1e382cd98bf940caa0cca97c75890e4ac850a865ed59d995575136038ddda167	4f6cc3e2a163a1d23d1ea6e01096b57264ea4f47af5abd4ffabb2dd40c24d502	21.301000	15.200000	sonora;railchime
sonora_electric_guitar_l	sonora	electric_guitar	long	30	10	Electric Guitar Harmonics_Fender Strat_ H&K Tube Amp .wav	Del_Monte	https://freesound.org/people/Del_Monte/sounds/657184	https://cdn.freesound.org/previews/657/657184_9195682-hq.mp3	Creative Commons 0	https://creativecommons.org/publicdomain/zero/1.0/	5c6ebb020cccd04840c509947c02d69671ff7132b7ff395775bde1ad2254017e	42d2e7c1d01d0dab053e99a0d52e2357966a05caa78b93d51630922162b81495	105.101000	40.100000	sonora
sonora_electric_guitar_s	sonora	electric_guitar	short	12	5	Guitar Chords Clean with Delay 105bpm	GioMilko	https://freesound.org/people/GioMilko/sounds/346820	https://cdn.freesound.org/previews/346/346820_5005496-hq.mp3	Creative Commons 0	https://creativecommons.org/publicdomain/zero/1.0/	0242462ec2b7475770e702c3a4f657f831399aa12a628bc8de25c3692d59986f	948917b0859afbf9cb94f2e0ae70c9ec12ca786ec883e3adb8d077bcb0350617	84.571000	17.100000	sonora
sonora_violin_l	sonora	violin	long	30	10	neighbor_practicing_violin.m4a	coltontbrown	https://freesound.org/people/coltontbrown/sounds/476050	https://cdn.freesound.org/previews/476/476050_10144720-hq.mp3	Creative Commons 0	https://creativecommons.org/publicdomain/zero/1.0/	184f0f64037fc3dad8bdcbc77147ef49ce568dba4f8598cc81c6c7b817dc82c8	3d8ef23bdd585be87207e768110ebd284f8ef04264045013954674dae9031eac	287.125000	40.100000	sonora;railchime
sonora_violin_s	sonora	violin	short	12	5	Mariachi-violin-birds-Tulum.m4a	marsjoy	https://freesound.org/people/marsjoy/sounds/572394	https://cdn.freesound.org/previews/572/572394_12923279-hq.mp3	Creative Commons 0	https://creativecommons.org/publicdomain/zero/1.0/	5f5292993b5160feefa016b9729c64ddd7215cb9a40729ed5c4413ff044c1311	4d9cb6013a9f07ccfcddc358de94ae87cd727d41216a60900142043de78c81b7	43.541000	17.100000	sonora;railchime
sonora_cello_l	sonora	cello	long	30	10	impro cello	aisselles	https://freesound.org/people/aisselles/sounds/645568	https://cdn.freesound.org/previews/645/645568_3200333-hq.mp3	Creative Commons 0	https://creativecommons.org/publicdomain/zero/1.0/	0136c8e671d250d211d37c735f6f60153ea7ce166784dc002bdc270740863d7d	cca4139c059b0308d13d4fc70b192a850306edfc7867d2d7d7c2139efd2cafae	169.344000	40.100000	sonora
sonora_cello_s	sonora	cello	short	12	5	Cello Play C - 09.wav	cms4f	https://freesound.org/people/cms4f/sounds/159116	https://cdn.freesound.org/previews/159/159116_2018306-hq.mp3	Creative Commons 0	https://creativecommons.org/publicdomain/zero/1.0/	e1504794bf93a0a0237fc2e92c412d1fce1209764dc556e4b0a3e732bd50f4fb	83300c3c8556fe0fd96e792b4203f166ab0df4f14f74e9783f04db43419f30da	151.200000	17.100000	sonora
sonora_flute_l	sonora	flute	long	30	10	Flute Play C - 17.wav	cms4f	https://freesound.org/people/cms4f/sounds/159131	https://cdn.freesound.org/previews/159/159131_2018306-hq.mp3	Creative Commons 0	https://creativecommons.org/publicdomain/zero/1.0/	16a852f56be823acebd61b403bc320a16bd47ebc9cf465865d0e1860ad213295	4f3dfd2d63f1a675e76de94f44bf8fd8802dbfd28734ef27bb0444296f623542	80.400000	40.100000	sonora;railchime
sonora_flute_s	sonora	flute	short	12	4	Improvisation with Sopranino recorder.wav	piermic	https://freesound.org/people/piermic/sounds/324085	https://cdn.freesound.org/previews/324/324085_3874114-hq.mp3	Creative Commons 0	https://creativecommons.org/publicdomain/zero/1.0/	94bf8fea3a44ec35c232ea2a3b512d59192715c4465f860a5558f6a614fa372a	39799ece5041a178e673b958391ca86af794ac377ac61f4bbee904d259ee25e5	24.000000	16.100000	sonora;railchime
sonora_clarinet_l	sonora	clarinet	long	30	10	Clarinet drone.mp3	vgraham1	https://freesound.org/people/vgraham1/sounds/387611	https://cdn.freesound.org/previews/387/387611_7027760-hq.mp3	Creative Commons 0	https://creativecommons.org/publicdomain/zero/1.0/	45d2eb6b6a2cd4d93dabe93851100cd855eabf61b529e8a1fda8034c105fafb3	61bd02ca1e0e16758e9a2d229ab03171cf23b20353c61ac787af7efa5d306a6e	282.423000	40.100000	sonora
sonora_clarinet_s	sonora	clarinet	short	12	1.468	Moving Clarinet- X-Y Crossed Stereo Pair (NT-5's).wav	debudding	https://freesound.org/people/debudding/sounds/44363	https://cdn.freesound.org/previews/44/44363_62250-hq.mp3	Creative Commons 0	https://creativecommons.org/publicdomain/zero/1.0/	b7fd6498d8aa47b98e3f1cfc21058720b4cc670d028be5bcfab34fbab711271a	828dded0a64a00a8f14401517ac3ec453f88e0c28696536a51379c21faf176b3	16.403000	13.568005	sonora
sonora_saxophone_l	sonora	saxophone	long	30	2.276	Sax improvisation 1.aif	HenKonen	https://freesound.org/people/HenKonen/sounds/682309	https://cdn.freesound.org/previews/682/682309_10938187-hq.mp3	Creative Commons 0	https://creativecommons.org/publicdomain/zero/1.0/	69df61dc8da4992040699082391a3006a9a813b1a1d34cdc53f93200bc37a737	c41c154e3d20ad86008ae5533bd826f5cb06b53bf1404ecffd51f00787475755	36.827000	32.376009	sonora;railchime
sonora_saxophone_s	sonora	saxophone	short	12	5	Sax improvisation 3.aif	HenKonen	https://freesound.org/people/HenKonen/sounds/682310	https://cdn.freesound.org/previews/682/682310_10938187-hq.mp3	Creative Commons 0	https://creativecommons.org/publicdomain/zero/1.0/	e0f73b0be05ef619f9e5a03523c228ebb07148bdacf47f38b1a1e150e5f72aa0	f97f7465123b79b4ad42b7621e058cf84b670d8c2571a1c80ab2718042debb00	28.551000	17.100000	sonora;railchime
sonora_trumpet_l	sonora	trumpet	long	30	10	outdoor trumpet practice.wav	thatjeffcarter	https://freesound.org/people/thatjeffcarter/sounds/360542	https://cdn.freesound.org/previews/360/360542_1306869-hq.mp3	Creative Commons 0	https://creativecommons.org/publicdomain/zero/1.0/	044fa1ad76cfbab5eaf560749191222adedd5db65826eaa81bbfc58723900b2f	edbce9f80f4d50d397ce3dcc64a24a45194a598dd2e8ca397e81ea55ddf8e835	83.901000	40.100000	sonora
sonora_trumpet_s	sonora	trumpet	short	12	5	crowd int high school hallway small group nearby voices heavy echo +distant trumpet practice	kyles	https://freesound.org/people/kyles/sounds/450474	https://cdn.freesound.org/previews/450/450474_612689-hq.mp3	Creative Commons 0	https://creativecommons.org/publicdomain/zero/1.0/	e552b590b44180ac534fd29baafbea8cefeb9b607bdeb9377f0022911d8ade2d	23215c041431aebf59cce1e670a0d07e0583272a7fa8aebdc3e008ba0feefbb2	66.296000	17.100000	sonora
sonora_trombone_l	sonora	trombone	long	30	10	The Coming Hero	FuzzyTues	https://freesound.org/people/FuzzyTues/sounds/729169	https://cdn.freesound.org/previews/729/729169_14598169-hq.mp3	Creative Commons 0	https://creativecommons.org/publicdomain/zero/1.0/	ec0cfb89dbb04938b9d40497a92c11ec186b8782ada557575d25e600743d3b85	438981af74d23bb025bc4cd5c27ba24711214826f0c625a29ce2f981567b3f2e	86.008000	40.100000	sonora;railchime
sonora_trombone_s	sonora	trombone	short	12	5	trombone glissandi	PhonosUPF	https://freesound.org/people/PhonosUPF/sounds/491009	https://cdn.freesound.org/previews/491/491009_10350281-hq.mp3	Creative Commons 0	https://creativecommons.org/publicdomain/zero/1.0/	84db2a4b5178e0f8a417be59f5a2aa2bc29004026d82c429b187e4c9e262fd44	c4a28cdc161693040b431ae821a0848c827c379f7638c602c0fd37f64996efed	31.622000	17.100000	sonora;railchime
sonora_accordion_l	sonora	accordion	long	30	10	Lively street (music at the beginning)	xkeril	https://freesound.org/people/xkeril/sounds/689547	https://cdn.freesound.org/previews/689/689547_13504080-hq.mp3	Creative Commons 0	https://creativecommons.org/publicdomain/zero/1.0/	94386a54a0e8914cf808289603a76ea69ce35d4e20db0ac68837b3dfa7567e6c	00fc2d93b1de120ff883fcc32694ae0f475e28d5f94f9c4b4aff383dce5a0ba6	821.664000	40.100000	sonora
sonora_accordion_s	sonora	accordion	short	12	5	Accordion	lepolainyann	https://freesound.org/people/lepolainyann/sounds/149091	https://cdn.freesound.org/previews/149/149091_2232619-hq.mp3	Creative Commons 0	https://creativecommons.org/publicdomain/zero/1.0/	fa974b845dacaa396bad2f9a2a995b2d6dd7b5ee46018c4f6135bb01e8d35879	b542c6d1bac9b69ce6b9f2ab6c9604f4581689a561a62cf1a0987b0c46e19fa5	50.816000	17.100000	sonora
sonora_harmonica_l	sonora	harmonica	long	30	7.936	Harmonical improvisation.wav	rocuma	https://freesound.org/people/rocuma/sounds/565759	https://cdn.freesound.org/previews/565/565759_1262662-hq.mp3	Creative Commons 0	https://creativecommons.org/publicdomain/zero/1.0/	71fc07412f7638c2a16eeab0f20e81381e17a232f1814b92c2e27c9a5aa30f3d	41bcd7a6983dd18060acf65bc7ac26f36320f216b2b118a05dd11bb90249a665	53.808000	38.036000	sonora;railchime
sonora_harmonica_s	sonora	harmonica	short	12	5	"Blues Harmonica ""Train Whistles"""	secretmojo	https://freesound.org/people/secretmojo/sounds/224002	https://cdn.freesound.org/previews/224/224002_82274-hq.mp3	Creative Commons 0	https://creativecommons.org/publicdomain/zero/1.0/	f381549b913c80c29b89affd2574c6c79a0a92dbcaaf5e7e216a889407e92c3b	3dad6bbc5f2e78205b3fb0c7218f9b0eae1620c57d62bd09aec8da87ad4aabe0	47.136000	17.100000	sonora;railchime
sonora_harp_l	sonora	harp	long	30	1.298	Harp Wild Flutter.wav	luckylittleraven	https://freesound.org/people/luckylittleraven/sounds/415442	https://cdn.freesound.org/previews/415/415442_2112203-hq.mp3	Creative Commons 0	https://creativecommons.org/publicdomain/zero/1.0/	3e4583b0015a94359eae617572180582e0e8510504a4f9d1f04c5391fc5c4384	cd53090f3271262c772b73c5e688287eeff9d2da5ecd966ff3eaebcbf394c226	33.893000	31.398005	sonora
sonora_harp_s	sonora	harp	short	12	1.715	Harp Melody 3.wav	luckylittleraven	https://freesound.org/people/luckylittleraven/sounds/415386	https://cdn.freesound.org/previews/415/415386_2112203-hq.mp3	Creative Commons 0	https://creativecommons.org/publicdomain/zero/1.0/	b3bd8fe69fc0f977f625baf9c67416ea490505a002933e1857316251b93a23a9	208fccc1524830a270d5071e9b57129026f0699459192154b974d1e2a2240dad	17.145000	13.815011	sonora
sonora_ukulele_l	sonora	ukulele	long	30	0.871	ukulele jingle.wav	buzbe20	https://freesound.org/people/buzbe20/sounds/389758	https://cdn.freesound.org/previews/389/389758_5111994-hq.mp3	Creative Commons 0	https://creativecommons.org/publicdomain/zero/1.0/	2dc855917c616e470786787c7037e187c71fcfab8ebbedf933722240e4a2d740	78f3182107bf96232e52af5d859d2951dd0a4f08246ba8ea7b25daa198ee94f2	32.613000	30.971000	sonora;railchime
sonora_ukulele_s	sonora	ukulele	short	12	1.07	short ukulele loop by rea.mp3	reasanka	https://freesound.org/people/reasanka/sounds/383023	https://cdn.freesound.org/previews/383/383023_6336990-hq.mp3	Creative Commons 0	https://creativecommons.org/publicdomain/zero/1.0/	f6082b43336f8e093b31b3b71256b0329e50ad9d8f2467bdd1cf49c81509b00b	5b322da2f52981c95845669ba5806cb60139a34a80888bf9ddf00b73698de017	15.209000	13.170000	sonora;railchime
sonora_sitar_l	sonora	sitar	long	30	6.841	Sitar.wav	Toni_Quiroga	https://freesound.org/people/Toni_Quiroga/sounds/339970	https://cdn.freesound.org/previews/339/339970_5302138-hq.mp3	Creative Commons 0	https://creativecommons.org/publicdomain/zero/1.0/	ed1e4370b94c24e05bdc845b4921ff305c90bb02c6e1bee522eb3460678e6e53	e7494a727b247b88d51ae934b10f419e5218ffbf8f8f3743d7c949c7e9b526dc	50.522000	36.940998	sonora
sonora_sitar_s	sonora	sitar	short	12	5	Indian sitar	amritofficial69	https://freesound.org/people/amritofficial69/sounds/273666	https://cdn.freesound.org/previews/273/273666_5178374-hq.mp3	Creative Commons 0	https://creativecommons.org/publicdomain/zero/1.0/	5fd5eefb119085eb35f634dd5001d3387ec7593650f6c8b33aeabe8b9d4777c9	ecbe0132507cb3bde79e6b6c6b3ef349063482c50850f943a4fe116e2079218b	28.409000	17.100000	sonora
sonora_kalimba_l	sonora	kalimba	long	30	2.187	Kalimba06	ondrosik	https://freesound.org/people/ondrosik/sounds/728666	https://cdn.freesound.org/previews/728/728666_2140699-hq.mp3	Creative Commons 0	https://creativecommons.org/publicdomain/zero/1.0/	e4a5aed577cb1ed2f39fa7c85a67def5a1ca0b21ef058722467469c02e1018fa	cc7be2972c116ed0de8254d4b4f38b4c8f0c0ff67f6bd87a2223d6e6b8667d6e	36.562000	32.287000	sonora;railchime
sonora_kalimba_s	sonora	kalimba	short	12	1.807	Kalimbastrum17	ondrosik	https://freesound.org/people/ondrosik/sounds/728677	https://cdn.freesound.org/previews/728/728677_2140699-hq.mp3	Creative Commons 0	https://creativecommons.org/publicdomain/zero/1.0/	889077618331f2c72ea7917d24cd248a47018f3d0788ff902751f70937fe6a28	a6bf3b9be556e019caac69b49651cee3d52e02413d36fd8aac4f41159cff6273	17.420000	13.907000	sonora;railchime
sonora_tabla_l	sonora	tabla	long	30	1.294	tabla 5to4 85bpm -loop.aif	MieliTietty	https://freesound.org/people/MieliTietty/sounds/633150	https://cdn.freesound.org/previews/633/633150_10486071-hq.mp3	Creative Commons 0	https://creativecommons.org/publicdomain/zero/1.0/	8616d862c4fa049ff3cc4118dea025242516f9977f7dfbd3258141175ebff63a	ac86f255c3e283bfaa49eda6a80a352efafb7b303a3d34a0c3526504f82aa79e	33.881000	31.393991	sonora
sonora_tabla_s	sonora	tabla	short	12	5	tabla loop efe.aif	MieliTietty	https://freesound.org/people/MieliTietty/sounds/510839	https://cdn.freesound.org/previews/510/510839_10486071-hq.mp3	Creative Commons 0	https://creativecommons.org/publicdomain/zero/1.0/	f0f2bc970460b03d6a614ae2531e0fdcd5d7a50118cfd318ed6b8ac24b582885	1aae11433cc67491f7b9d24b04c239e5b92d22cfb1f267bbb51f50e42c6ecb11	32.000000	17.100000	sonora
sonora_taiko_l	sonora	taiko	long	30	10	Taiko Drums - Mastered WITH Stereo Imaging.wav	WelvynZPorterSamples	https://freesound.org/people/WelvynZPorterSamples/sounds/621290	https://cdn.freesound.org/previews/621/621290_13749321-hq.mp3	Creative Commons 0	https://creativecommons.org/publicdomain/zero/1.0/	adbd8dabdfee148734f8df12efe67a736d392367649984e9cba6edd549147ee9	170c2619fd618d77fb781610cc78352beadad18f92afcbae3324ee8ce3260eb4	71.287000	40.100000	sonora;railchime
sonora_taiko_s	sonora	taiko	short	12	2.119	taiko sequence	PhonosUPF	https://freesound.org/people/PhonosUPF/sounds/499537	https://cdn.freesound.org/previews/499/499537_10350281-hq.mp3	Creative Commons 0	https://creativecommons.org/publicdomain/zero/1.0/	7e5d5ca6d36dd5b4b80c8382875f2e207ea6a08448d3879aca9da5a28e64d166	4f6dd36601f25dfe46f349bda84fa5825baeef1f1c1fefc61a90290f834e1dcc	18.358000	14.219002	sonora;railchime
sonora_handpan_l	sonora	handpan	long	30	10	Flying over the hill HandPan (Atmos)	szegvari	https://freesound.org/people/szegvari/sounds/548026	https://cdn.freesound.org/previews/548/548026_2282212-hq.mp3	Creative Commons 0	https://creativecommons.org/publicdomain/zero/1.0/	da26ac483d0f53413b8a8a4d8f85d38a190b05a109ddb9de92ea7d80f00cb6b0	2e97d6ee7ba3ca7aaafb7719e9529b20c495ba5bc289a60fa2233ce035e08c8a	69.913000	40.100000	sonora
sonora_handpan_s	sonora	handpan	short	12	5	HandPan Waveform Stereo C2	Vanyamba	https://freesound.org/people/Vanyamba/sounds/615570	https://cdn.freesound.org/previews/615/615570_1063450-hq.mp3	Creative Commons 0	https://creativecommons.org/publicdomain/zero/1.0/	335c7cbceaf0b6417b85236d257c4aede8ea9b4c1045ded37795a3e3f41b8eab	c13f46385153794477f2e314bfe46d7f90b09b4c10f8943ca436e84142be50e9	30.000000	17.100000	sonora
sonora_gamelan_l	sonora	gamelan	long	30	10	Chaos Music at MiM	stomachache	https://freesound.org/people/stomachache/sounds/167246	https://cdn.freesound.org/previews/167/167246_177850-hq.mp3	Creative Commons 0	https://creativecommons.org/publicdomain/zero/1.0/	6638dd52174927c99658a7325edd43d51ea374330ad2309eaffa87daefc2035e	bb118651e1e07a2aeaba0a5b50fdd64ec0dad795aa03c555bc1d301f76a74d5c	338.169000	40.100000	sonora;railchime
sonora_gamelan_s	sonora	gamelan	short	12	0.956	dmp4.ogg	tedthetrumpet	https://freesound.org/people/tedthetrumpet/sounds/401	https://cdn.freesound.org/previews/0/401_177-hq.mp3	Creative Commons 0	https://creativecommons.org/publicdomain/zero/1.0/	0e08cba088034000547d931644e5ab01203193ed098d08554fdc295d9912b66b	dda2f4478a9d7b4398bdb4afd075d77288b7184baeca1220d0203569013fa94c	14.867000	13.056009	sonora;railchime
sonora_marimba_l	sonora	marimba	long	30	7.932	Happy Train Abstract Indrustrial Ethno World Jazz Drum Flute Marimba Cinematic Music Surround.wav	szegvari	https://freesound.org/people/szegvari/sounds/608802	https://cdn.freesound.org/previews/608/608802_2282212-hq.mp3	Creative Commons 0	https://creativecommons.org/publicdomain/zero/1.0/	c1f2a6a92f27b56438e739cd71ab6ad8c3f48fee170dfa4fec3cec0d2a381d64	394508bf72526b8f22b4bb780360069e9167b71b872b492722dcb938329dcd43	53.797000	38.032000	sonora
sonora_marimba_s	sonora	marimba	short	12	5	Marimba sweeps.wav	Noted451	https://freesound.org/people/Noted451/sounds/530434	https://cdn.freesound.org/previews/530/530434_9818404-hq.mp3	Creative Commons 0	https://creativecommons.org/publicdomain/zero/1.0/	69f156617551cd4aad158b422b8972236ce867eea710769295cf734c43a74e5c	34d2d9789e61f01a5648f4db58c847efa81a23e697795ec844656a4a3f0e7932	29.943000	17.100000	sonora
sonora_xylophone_l	sonora	xylophone	long	30	10	remix of 19457__tristan__tg-xylophone-1.mp3	Timbre	https://freesound.org/people/Timbre/sounds/161509	https://cdn.freesound.org/previews/161/161509_1015240-hq.mp3	Creative Commons 0	https://creativecommons.org/publicdomain/zero/1.0/	74d5ea5eea4caa283733b44ee6ff5b847e6f815798e867cef11c0ced09a6d84d	21ffae85dc0bd39b9c5054ef130e40357a9410867f274dff1dedaa008e127345	150.987000	40.100000	sonora;railchime
sonora_xylophone_s	sonora	xylophone	short	12	0.654	Toy Xylophone	JappeHallunken	https://freesound.org/people/JappeHallunken/sounds/501300	https://cdn.freesound.org/previews/501/501300_10865671-hq.mp3	Creative Commons 0	https://creativecommons.org/publicdomain/zero/1.0/	6af9ea535cb78571454b6b3bc666ab368d0d65589c8e06acb71ba35de449ac8d	9246cc25fc811638c2383f4d4c615db8b0fa69acc80de3984355056c5e2ef71b	13.961000	12.754000	sonora;railchime
sonora_pipe_organ_l	sonora	pipe_organ	long	30	8.147	Pipe Organ Intro.wav	BaDoink	https://freesound.org/people/BaDoink/sounds/544386	https://cdn.freesound.org/previews/544/544386_2019171-hq.mp3	Creative Commons 0	https://creativecommons.org/publicdomain/zero/1.0/	0ae187cae8861bd16dae1a26432a172165c1aa526a39dfc1d9784bfb76c1f57c	77f9dfbf9fecb5c3f37bd6f34cc97ed7fe73f489858d05366f37b14bb233ca36	54.440000	38.247007	sonora
sonora_pipe_organ_s	sonora	pipe_organ	short	12	5	Recording - Pipe organ	Dan_AudioFile	https://freesound.org/people/Dan_AudioFile/sounds/574225	https://cdn.freesound.org/previews/574/574225_12932169-hq.mp3	Creative Commons 0	https://creativecommons.org/publicdomain/zero/1.0/	66a6359877d2c44e092708d46bce8669ffc0ee54f658e6b996ce680c9dde4266	8abd376cd62b32ca6cbb1412e39bfca7a6f08270ebb3a2cc4df2df2cb5b3b049	85.368000	17.100000	sonora
sonora_vocal_notes_l	sonora	vocal_notes	long	30	1	How Long Choir Middle 4	f-r-a-g-i-l-e	https://freesound.org/people/f-r-a-g-i-l-e/sounds/679483	https://cdn.freesound.org/previews/679/679483_8466114-hq.mp3	Creative Commons 0	https://creativecommons.org/publicdomain/zero/1.0/	01d109628f3f0771316a81dd71da036d46263d8ce87e31d455eb8bb3c3fe0977	f41730d07e1f84c7110761a8e375706f90e78d5deee776b062c80e60a1c58546	33.000000	31.100000	sonora;railchime
sonora_vocal_notes_s	sonora	vocal_notes	short	12	5	How Long Choir Middle 3	f-r-a-g-i-l-e	https://freesound.org/people/f-r-a-g-i-l-e/sounds/679478	https://cdn.freesound.org/previews/679/679478_8466114-hq.mp3	Creative Commons 0	https://creativecommons.org/publicdomain/zero/1.0/	f758c81e1f714d5cab94b9e52cb9f7688a71083c5635ed3a07c5c6e89273b485	c5e5876aaa0158142e9e3e090f903cfba984ba64abb4c991a279d3f3f9fece05	32.970000	17.100000	sonora;railchime
signals_shortwave_l	signals	shortwave	long	30	10	Radio Static 2	Cloud-10	https://freesound.org/people/Cloud-10/sounds/545962	https://cdn.freesound.org/previews/545/545962_10403690-hq.mp3	Creative Commons 0	https://creativecommons.org/publicdomain/zero/1.0/	ce997e726fc78dade468695f3e834d2ab860d0cbf7bdf7b02b766f6d067b401c	7223a3fb394f95bae402ca3a4dadd2dd5dd022d0465de2ff5a423f06097f31c3	60.288000	40.100000	signals
signals_shortwave_s	signals	shortwave	short	12	1.716	Short Wave Radio Noise 2	zmobie	https://freesound.org/people/zmobie/sounds/257879	https://cdn.freesound.org/previews/257/257879_3262745-hq.mp3	Creative Commons 0	https://creativecommons.org/publicdomain/zero/1.0/	38fede5dd7c71cc4b7924d4c691a9a63088569a90fbf8554a4938a44fb9995ce	0448e83af54dd9650033bf71cc3531c64e5a88abebadeb8d858a67910978c157	17.148000	13.816000	signals
signals_morse_l	signals	morse	long	30	10	Lots of Morse Code	Buss1000	https://freesound.org/people/Buss1000/sounds/204968	https://cdn.freesound.org/previews/204/204968_3560882-hq.mp3	Creative Commons 0	https://creativecommons.org/publicdomain/zero/1.0/	5a0930f2742d2d3d85ce37710554fce9628def1b7fc95cd8037121ec59ccc887	e39dcc47457fc593bfcaa2b437f85eed817266b6ac5b8cbd58f0f64ea4cdd288	140.388000	40.100000	signals;wildwire
signals_morse_s	signals	morse	short	12	2.869	Morse code	SamsterBirdies	https://freesound.org/people/SamsterBirdies/sounds/565298	https://cdn.freesound.org/previews/565/565298_5487341-hq.mp3	Creative Commons 0	https://creativecommons.org/publicdomain/zero/1.0/	29551b79c083e7771ba37d880129be97ddac36c9a4422d701a9115c4a3b35c1e	d060ff38f38addea6554e62b102b91b54cb4136588138e18ec8fcc39e611acf0	20.606000	14.969002	signals;wildwire
signals_modem_l	signals	modem	long	30	6.116	interac machine beeps modem dial tear paper receipt.flac	kyles	https://freesound.org/people/kyles/sounds/454056	https://cdn.freesound.org/previews/454/454056_612689-hq.mp3	Creative Commons 0	https://creativecommons.org/publicdomain/zero/1.0/	beea51d391992c544ee314ddb52328eacf3c85d58c69b199fd50c240f2795ea7	804a067a7fb3e5173e5a181b8d1309270ccfd5d720f6fe64457e5a5a8b8ff835	48.348000	36.216000	signals
signals_modem_s	signals	modem	short	12	5	200127 wifi modem interference clicking static electric rhythmic.wav	TRP	https://freesound.org/people/TRP/sounds/566588	https://cdn.freesound.org/previews/566/566588_97550-hq.mp3	Creative Commons 0	https://creativecommons.org/publicdomain/zero/1.0/	6d54e451b10360c4009944f336f4e17cf6aeedf7f9cc0c739ccc68ef9df7c4fd	8eb4ca4bf84cb215a5c4517aba81ba303e0c2eeea2af400c7e2955ccac796309	138.439000	17.100000	signals
signals_computer_fan_l	signals	computer_fan	long	30	1.808	Computer fan	vicleb	https://freesound.org/people/vicleb/sounds/712876	https://cdn.freesound.org/previews/712/712876_15349255-hq.mp3	Creative Commons 0	https://creativecommons.org/publicdomain/zero/1.0/	75513b8afcc0b4a1c0e6b5984bb9b756dcd0ecf915a415e87121c26201d3264c	df608edeccf79cabaf2eae8521b54b658dc6635a6a284dcc25a3695a2fbfac36	35.425000	31.908000	signals;wildwire
signals_computer_fan_s	signals	computer_fan	short	12	4.956	Computer Fan Ambience	BenjaminNelan	https://freesound.org/people/BenjaminNelan/sounds/353126	https://cdn.freesound.org/previews/353/353126_1196020-hq.mp3	Creative Commons 0	https://creativecommons.org/publicdomain/zero/1.0/	eb2057dda5ddd0a6952923f6c91883d5675b5129b993294b111ce9b2e3bb0072	e17db17f6abd24e637a2853232bbe6a7c772d7342a1fcb3bf8e65a3bee70617a	26.869000	17.056009	signals;wildwire
signals_server_room_l	signals	server_room	long	30	10	Server Room Ambience	SoundDesignForYou	https://freesound.org/people/SoundDesignForYou/sounds/646682	https://cdn.freesound.org/previews/646/646682_13085623-hq.mp3	Creative Commons 0	https://creativecommons.org/publicdomain/zero/1.0/	e5e89b97462472a346f64ea4f8bc0534390d31c3a8640986434f192d95e06d83	caa3614a5bd810d5a937b321adc3972dd8d2132c15809add935322e9fa36e45e	60.318000	40.100000	signals
signals_server_room_s	signals	server_room	short	12	5	server room emissions.wav	aerror	https://freesound.org/people/aerror/sounds/329907	https://cdn.freesound.org/previews/329/329907_2472895-hq.mp3	Creative Commons 0	https://creativecommons.org/publicdomain/zero/1.0/	c8ff1453a527b55a4b8bb32044f311a6c79648c97a2d56e0f08a0223370e635f	4b6b382b50f0b0078f73d6334730f2e8f960741b35bcd77c5223fad87d6a36e3	185.757000	17.100000	signals
signals_electrical_hum_l	signals	electrical_hum	long	30	4.612	EMF Electromagnetic iPhone.wav	Solar01	https://freesound.org/people/Solar01/sounds/666160	https://cdn.freesound.org/previews/666/666160_14490715-hq.mp3	Creative Commons 0	https://creativecommons.org/publicdomain/zero/1.0/	5e74a87100a1ce520c7f0bbe36ddd79288a3dcdfa91ff05f249dae9eb356bd36	20cd5ba682505fd7eb83c59e338458b942691817c2bf3c1eeff96114284bdcff	43.836000	34.712000	signals;wildwire
signals_electrical_hum_s	signals	electrical_hum	short	12	4.076	Sketchy Neighborhood Night Crickets and Electrical Hum Ambience	PostProdDog	https://freesound.org/people/PostProdDog/sounds/535761	https://cdn.freesound.org/previews/535/535761_6911631-hq.mp3	Creative Commons 0	https://creativecommons.org/publicdomain/zero/1.0/	a391f0fc4096cb99c95e504f52a3eeaa14a9df903eb157b958db39a5be774f7e	39a4289c232a23de0a361c083237dc5b163fd1c7bf46ed80afd79e4cf90a13e2	24.229000	16.176000	signals;wildwire
signals_transformer_l	signals	transformer	long	30	10	070916 Machine room transformer hum 2.wav	thaighaudio	https://freesound.org/people/thaighaudio/sounds/349687	https://cdn.freesound.org/previews/349/349687_2205380-hq.mp3	Creative Commons 0	https://creativecommons.org/publicdomain/zero/1.0/	c6bcccdacd5957615893f6743c27071051c2cd23ea6f6e1960a52edbebd95604	7dfc97f7d52826efc4a38d6f0fb97ab0852cd7e267c8a4d7e6f80d021d2db8bc	60.000000	40.100000	signals
signals_transformer_s	signals	transformer	short	12	5	hum electric transformer in large room1.flac	kyles	https://freesound.org/people/kyles/sounds/453444	https://cdn.freesound.org/previews/453/453444_612689-hq.mp3	Creative Commons 0	https://creativecommons.org/publicdomain/zero/1.0/	366cca8def97a87867c7e283ca675c8ca27936be2550f3c0ab4e037d6feb7407	c516d8025e66c483fd3a5f292052b06a411e51438518a228af0ff4ceb6207487	29.802000	17.100000	signals
signals_fluorescent_l	signals	fluorescent	long	30	10	neon tube fluorescent light hum cu2.flac	kyles	https://freesound.org/people/kyles/sounds/454098	https://cdn.freesound.org/previews/454/454098_612689-hq.mp3	Creative Commons 0	https://creativecommons.org/publicdomain/zero/1.0/	c3ec3b6d8f665ddb3573709f257e1cce3120c9ca75ab22d95ca021898f7cfc34	5d733b445602fb8a05d822ff412a6e31d44a8c7f82edc7e6ce8c652db3b239e8	81.625000	40.100000	signals;wildwire
signals_fluorescent_s	signals	fluorescent	short	12	2.378	Fluorescent Light Hum	deleted_user_7146007	https://freesound.org/people/deleted_user_7146007/sounds/383657	https://cdn.freesound.org/previews/383/383657_7146007-hq.mp3	Creative Commons 0	https://creativecommons.org/publicdomain/zero/1.0/	b5ae4a972688dc4a541034f651071480f66ff15554a4287ca1ce3b614fc69571	d167be6df03ee0f52b3c2bbe0aa9eb25ed69e916ef074517b02a5bc2cef4e24c	19.133000	14.478000	signals;wildwire
signals_alarm_siren_l	signals	alarm_siren	long	30	10	General Fusion industrial workshop factory ambience10 heavy machine hum changes in middle with alarm siren, bg activity.wav	kyles	https://freesound.org/people/kyles/sounds/450118	https://cdn.freesound.org/previews/450/450118_612689-hq.mp3	Creative Commons 0	https://creativecommons.org/publicdomain/zero/1.0/	07165bf8df26891823333e6495e0873a68487d2acaff3ccaf2a222ebaf665407	579bd95777fdf6dea10a57984f3a1989c5779a7e91c77410d7c8248c8c1a2d56	194.674000	40.100000	signals
signals_alarm_siren_s	signals	alarm_siren	short	12	5	Siren test in Prague	felix.blume	https://freesound.org/people/felix.blume/sounds/462672	https://cdn.freesound.org/previews/462/462672_1661766-hq.mp3	Creative Commons 0	https://creativecommons.org/publicdomain/zero/1.0/	3361e4c7be792a5e2af82105fa9233aabf616ac663f910d2663b78ad57f20245	b19a4b19778cfff1053a1059346a14d3ba0aff2d4d16712241f682e4260815f2	292.864000	17.100000	signals
signals_fire_alarm_l	signals	fire_alarm	long	30	10	school fire alarm loud beep.flac	TRP	https://freesound.org/people/TRP/sounds/577314	https://cdn.freesound.org/previews/577/577314_97550-hq.mp3	Creative Commons 0	https://creativecommons.org/publicdomain/zero/1.0/	333edcf77ee92d9b5d4e7db4fccb13d699dbfacead3434d984271003b96adb39	1dcdee2b8aa8a1ec8449563b130438eb26db874af136221fe55135e48e0b002f	63.916000	40.100000	signals;wildwire
signals_fire_alarm_s	signals	fire_alarm	short	12	4.675	G20-24-Fire Alarm.wav	craigsmith	https://freesound.org/people/craigsmith/sounds/438239	https://cdn.freesound.org/previews/438/438239_2524442-hq.mp3	Creative Commons 0	https://creativecommons.org/publicdomain/zero/1.0/	d66b309d6806417e1c62f7a22506dc44655bad96d199295904bf63d8a6b738a5	ced0b634b98d88c6a7f64ccdec0dacfa42afab80c2f4a97b1580d907e5917ecb	26.024000	16.775000	signals;wildwire
signals_telephone_l	signals	telephone	long	30	10	Gibberish, anonymous caller telephone	mariannadeoliveira	https://freesound.org/people/mariannadeoliveira/sounds/532300	https://cdn.freesound.org/previews/532/532300_2223965-hq.mp3	Creative Commons 0	https://creativecommons.org/publicdomain/zero/1.0/	c892ef7eaf923de55fc2bc7f7a603369a2df5b792b5ad08673d080c26f7c8793	24d40a5dd34ba2e06a242fe60f2b8814e9a5cadd6d524354ab3445a7e2187e5d	65.773000	40.100000	signals
signals_telephone_s	signals	telephone	short	12	1.967	JapaneseRinging.mp3	shift560	https://freesound.org/people/shift560/sounds/166013	https://cdn.freesound.org/previews/166/166013_141777-hq.mp3	Creative Commons 0	https://creativecommons.org/publicdomain/zero/1.0/	9d2abe13c643cd740b16b556ce4b3360bbd5a97f6345fea1182f8258a1da2b2a	999e59ce2001a50165896a4d0d8fc65a92df6b15b6ff90505d038465521a369b	17.900000	14.067007	signals
signals_radio_static_l	signals	radio_static	long	30	10	Tuning radio.wav	MPTSound	https://freesound.org/people/MPTSound/sounds/552482	https://cdn.freesound.org/previews/552/552482_2481400-hq.mp3	Creative Commons 0	https://creativecommons.org/publicdomain/zero/1.0/	682d807447155a09c938ddd1dfe0cea1346cc575afa1d67f0c0c58b0b02d48b1	f8b72d4a0f8c99b9eaca2f86bf0f08ace6f723707ff58347d874be135c2dd65b	72.608000	40.100000	signals;wildwire
signals_radio_static_s	signals	radio_static	short	12	0.282	tv channel change static blips (scanner CB radio tuning static blips +static sharp +scanner CB radio blips on+off good2).flac	kyles	https://freesound.org/people/kyles/sounds/454259	https://cdn.freesound.org/previews/454/454259_612689-hq.mp3	Creative Commons 0	https://creativecommons.org/publicdomain/zero/1.0/	3ea8fdf895c323516ec196313f5e1ad93c9d54769a418eb2f0531d268f1caccf	687ba71813cd63200fa6adc0f05777d46e98bc87b7a7352386c3487bacd96dd1	12.846000	12.382000	signals;wildwire
signals_synth_drone_l	signals	synth_drone	long	30	3.021	synthesizer drone	PhonosUPF	https://freesound.org/people/PhonosUPF/sounds/503218	https://cdn.freesound.org/previews/503/503218_10350281-hq.mp3	Creative Commons 0	https://creativecommons.org/publicdomain/zero/1.0/	b196a96efeb27fb37b0cf0056960e3e971ff4dcfd0dc0a747dcb2a9bf5a1a122	50127f2e86fa1d6367783d77ae61b54aaff65015b4dcacb502bb0cdbdfa3edb3	39.064000	33.120998	signals
signals_synth_drone_s	signals	synth_drone	short	12	5	synthesizer drone 2	PhonosUPF	https://freesound.org/people/PhonosUPF/sounds/503220	https://cdn.freesound.org/previews/503/503220_10350281-hq.mp3	Creative Commons 0	https://creativecommons.org/publicdomain/zero/1.0/	24640749d8d757615e313dc751201dfa8d1153f162ad3889cb898974803d5712	e1f98a4bd1c651e67719cbb1c53528c79ca2239c5888aa44b880c3f9fc9298be	29.912000	17.100000	signals
signals_analog_synth_l	signals	analog_synth	long	30	10	Moog Bass Sequence	treygridley	https://freesound.org/people/treygridley/sounds/276930	https://cdn.freesound.org/previews/276/276930_3717034-hq.mp3	Creative Commons 0	https://creativecommons.org/publicdomain/zero/1.0/	5cd2e896c19b3273c0f7d914c90980de8d4df5f0ef08d808979ff02893e06fc4	a5bcd2c143066f02f29a93602c2f5e116e0362412a525f145a98e54228618ea3	128.000000	40.100000	signals;wildwire
signals_analog_synth_s	signals	analog_synth	short	12	1.143	Modular Synth Sequence With Character 1.wav	gis_sweden	https://freesound.org/people/gis_sweden/sounds/343365	https://cdn.freesound.org/previews/343/343365_1391542-hq.mp3	Creative Commons 0	https://creativecommons.org/publicdomain/zero/1.0/	1f377307bcd83f4ec08c0e9a21d6fc3f35bc8ff02a31108dbedf5e780647d2a2	b163d76ffde131882cf84a788e893eb4b28fa8e8ec0a95e47eaf3c51fc94c9c3	15.430000	13.242993	signals;wildwire
signals_arcade_l	signals	arcade	long	30	10	Arcade Ambience 2	maxstcroix	https://freesound.org/people/maxstcroix/sounds/343150	https://cdn.freesound.org/previews/343/343150_1928753-hq.mp3	Creative Commons 0	https://creativecommons.org/publicdomain/zero/1.0/	3b67e83a22bc3ca6a743b36696f8a93df9012950114bcca1cd09aaeb75c9bf4b	9d4d8c2724496f6477c5d8fc0ebdcfa57f4fffb3fe264ad9d4fd36a6245e5193	183.407000	40.100000	signals
signals_arcade_s	signals	arcade	short	12	5	Pinball Arcade Ambience	Ev-Dawg	https://freesound.org/people/Ev-Dawg/sounds/435514	https://cdn.freesound.org/previews/435/435514_1772601-hq.mp3	Creative Commons 0	https://creativecommons.org/publicdomain/zero/1.0/	ec4a2da1cae18e7b4979784d5965c4ac2a8980a184ec84321a26a67242185d2b	99946d2d8f945c0e925a7dedfc981902d76776811cf39bda335e867af5d7a6c6	354.457000	17.100000	signals
signals_chiptune_l	signals	chiptune	long	30	10	8 Bit Video Game Fight Music	bone666138	https://freesound.org/people/bone666138/sounds/466998	https://cdn.freesound.org/previews/466/466998_285997-hq.mp3	Creative Commons 0	https://creativecommons.org/publicdomain/zero/1.0/	837178e8e6b422c685cef0a9865ca716499248c8871f0a53b310c6a405296c95	ec2fe59cf7413738e847d42c6be7aade926165099c9e7ec96853fc662274fd6d	86.741000	40.100000	signals;wildwire
signals_chiptune_s	signals	chiptune	short	12	5	Quick Getaway (Video game music)	SighBapanada	https://freesound.org/people/SighBapanada/sounds/723136	https://cdn.freesound.org/previews/723/723136_14844137-hq.mp3	Creative Commons 0	https://creativecommons.org/publicdomain/zero/1.0/	0b8cbfeb023dca9114f2b657d3701b2587b42eb104eb6bee44da1e85f1b6da42	6822b679cbde29155a4801b84e23fbe72998f3bebc722e302d1f3103d25cc526	67.662000	17.100000	signals;wildwire
signals_robot_l	signals	robot	long	30	10	industrial 3d cutter contact mic.wav	pencilina	https://freesound.org/people/pencilina/sounds/442243	https://cdn.freesound.org/previews/442/442243_1613-hq.mp3	Creative Commons 0	https://creativecommons.org/publicdomain/zero/1.0/	47d76cd06423ca2ef22e12b7d1ee24103e27bc346aafa6a7f4abc7fc7575c937	020942cbb02363401f37e1a8546db364c4b718f63889e771dccbb3a88e019bff	69.671000	40.100000	signals
signals_robot_s	signals	robot	short	12	1.989	Servo_3_Panera.wav	sinmente0987	https://freesound.org/people/sinmente0987/sounds/160719	https://cdn.freesound.org/previews/160/160719_2386333-hq.mp3	Creative Commons 0	https://creativecommons.org/publicdomain/zero/1.0/	e5ce75309cbc8a06a4c4939f633061143ab663f1aa1d7a996c5f20b1daa4dc19	999ff0e9f5abb802124f7156b7859f090b4d7085e7ea5316516e0916e13e46cf	17.968000	14.089000	signals
signals_printer_l	signals	printer	long	30	10	Printer Scanner Copier Printing Office Motor Servo Laserjet	LampEight	https://freesound.org/people/LampEight/sounds/402463	https://cdn.freesound.org/previews/402/402463_706234-hq.mp3	Creative Commons 0	https://creativecommons.org/publicdomain/zero/1.0/	1eb25ca612cff5c4f0a391024c7193e6b5a535767d12fcf72a37374e3e622161	68f6dd9cfc4fd509d4d91aea5b02f7657db02783a7f8c5531918e3299b4b2c6a	62.188000	40.100000	signals;wildwire
signals_printer_s	signals	printer	short	12	5	Printer and Scanner	Fabrizio84	https://freesound.org/people/Fabrizio84/sounds/457562	https://cdn.freesound.org/previews/457/457562_2841496-hq.mp3	Creative Commons 0	https://creativecommons.org/publicdomain/zero/1.0/	5110b012174238b1c181024d8a4d5de78714116f2fc65596994c88e64fba64b6	b2d9a166e3a840db120ae75e7e6c5ab80440121efbdf4285a79c48a2f44798fb	125.115000	17.100000	signals;wildwire
signals_hard_drive_l	signals	hard_drive	long	30	9.982	Electronic, Computer, Hard Drive - 1990s Compaq Hard Drive, Spooling Up, Turning Off 02.wav	jaegrover	https://freesound.org/people/jaegrover/sounds/262871	https://cdn.freesound.org/previews/262/262871_4337854-hq.mp3	Creative Commons 0	https://creativecommons.org/publicdomain/zero/1.0/	18878742831fb881d034069b74ca07f9524ed1451d2fe7fa0eecfb1f3b0a77fe	8ffd64bd1246e1b8c0dec9a4d5697bee12420dab461131504f98bbf0a66d6c7e	59.946000	40.082000	signals
signals_hard_drive_s	signals	hard_drive	short	12	4.505	Electronic, Computer, Hard Drive - 1990s Compaq Hard Drive, Spooling Up, Turning Off.wav	jaegrover	https://freesound.org/people/jaegrover/sounds/262870	https://cdn.freesound.org/previews/262/262870_4337854-hq.mp3	Creative Commons 0	https://creativecommons.org/publicdomain/zero/1.0/	a59ef0341cb80c30f9c6c96581399cd359af74979b056b5181b683f85eac2763	900eccddbacae6ab92fd040b70ccbdfec49f9f48cd8a87d47467420af2f72719	25.515000	16.605000	signals
signals_typing_l	signals	typing	long	30	0.249	Computer keyboard typing snippet mono [loop]	cabled_mess	https://freesound.org/people/cabled_mess/sounds/361639	https://cdn.freesound.org/previews/361/361639_5450487-hq.mp3	Creative Commons 0	https://creativecommons.org/publicdomain/zero/1.0/	3e0b193de071fc7cde9c6fc68cc886566278acee86cd0950875e19dad199aa94	c19da409b1ae9c24e54a72f107986a64102afcd0a5b0c65181aa278c6def3efa	30.748000	30.349000	signals;wildwire
signals_typing_s	signals	typing	short	12	2	Computer keyboard typing close up	khenshom	https://freesound.org/people/khenshom/sounds/565204	https://cdn.freesound.org/previews/565/565204_6652872-hq.mp3	Creative Commons 0	https://creativecommons.org/publicdomain/zero/1.0/	f1ba4a5aa9d3548e3e4bb0c7459d13914bb7b35487d5b0dee393a4ff0b9b7325	0fa90bda03ed61f3ca734dfdaf04b81693ee581f78cfd2764eb32c83b4bca4be	18.000000	14.100000	signals;wildwire
signals_sonar_l	signals	sonar	long	30	10	Sonar pings assorted.wav	sirplus	https://freesound.org/people/sirplus/sounds/383405	https://cdn.freesound.org/previews/383/383405_30374-hq.mp3	Creative Commons 0	https://creativecommons.org/publicdomain/zero/1.0/	02419dd0bcb035ba8670647692b67a869c76ee05e60f579b5b819788435e0837	b71614f1534257656640e222690bbb019d9a9d9fe640a90cf9b36f0a907f035c	103.140000	40.100000	signals
signals_sonar_s	signals	sonar	short	12	5	Weird pulse sonar sound	fthgurdy	https://freesound.org/people/fthgurdy/sounds/528943	https://cdn.freesound.org/previews/528/528943_3302313-hq.mp3	Creative Commons 0	https://creativecommons.org/publicdomain/zero/1.0/	789e41a843d32137dbb6e863a95abd4eaba5ed7d88b47fe8b5c40bc7a783071d	b908aff68ffafe07409170f8579bcac368dcf9be4e53d1c5881a316a87d51d4f	62.082000	17.100000	signals
signals_laboratory_l	signals	laboratory	long	30	9.972	Laboratory Mad Scientist Science Fiction Sci Fi	deleted_user_7146007	https://freesound.org/people/deleted_user_7146007/sounds/383760	https://cdn.freesound.org/previews/383/383760_7146007-hq.mp3	Creative Commons 0	https://creativecommons.org/publicdomain/zero/1.0/	0fbbd99f34e15e67a30b12b833c0bc922455674a6dde846d4c7ed363a17155fa	eab0b97e401cf9f0bc911d628ce2277a8b683c0982b936e2ed0653143fc1e778	59.916000	40.072000	signals;wildwire
signals_laboratory_s	signals	laboratory	short	12	5	Laboratory plasmaphysics.wav	werneristes	https://freesound.org/people/werneristes/sounds/548213	https://cdn.freesound.org/previews/548/548213_8059756-hq.mp3	Creative Commons 0	https://creativecommons.org/publicdomain/zero/1.0/	346d34d33d79f847f63b18925847a04e5c229211430a2f457769dc665773564d	12777c35d47a2c4791dbb6b9730d3612d70e341d7a6711b2d1fefe2f4c8fa7ff	67.051000	17.100000	signals;wildwire
signals_vending_l	signals	vending	long	30	9.191	Vending Machine - hot drink	waxsocks	https://freesound.org/people/waxsocks/sounds/402603	https://cdn.freesound.org/previews/402/402603_1766049-hq.mp3	Creative Commons 0	https://creativecommons.org/publicdomain/zero/1.0/	81e76120273faaafe6b76656e628d3a9b6eda035e10eafe4a67791cefa0fd31d	6ff2c22b681ad87e4004af8cba5348c9e1c50abc38ecd7d15f60fb80dacb6867	57.573000	39.291000	signals
signals_vending_s	signals	vending	short	12	3.418	Vending machine.wav	Simply_Marta	https://freesound.org/people/Simply_Marta/sounds/191457	https://cdn.freesound.org/previews/191/191457_3052001-hq.mp3	Creative Commons 0	https://creativecommons.org/publicdomain/zero/1.0/	a8932d6b4c75d3bfc390904aea3331857cdf1ffcfcf020cfcc7220fd4117bbf1	fec6bde3ff03449e62ec5557f955505501b93bd30b9a1f7c52e0aaff8b22dd59	22.254000	15.518005	signals
signals_medical_monitor_l	signals	medical_monitor	long	30	4.743	heart monitor running, speeding up, flatlining.wav	vestibule-door	https://freesound.org/people/vestibule-door/sounds/668979	https://cdn.freesound.org/previews/668/668979_14100561-hq.mp3	Creative Commons 0	https://creativecommons.org/publicdomain/zero/1.0/	e153db5a5b8a2e272503a9fc51dcd6d3f8b4a752822ce5b35826acf9fbef7018	4ae4756321bb6a490499379e285efcca3f71302ff7d8f365b536bcafa2fd0720	44.230000	34.842993	signals;wildwire
signals_medical_monitor_s	signals	medical_monitor	short	12	1.966	Monitor hotler	iluminati_2705	https://freesound.org/people/iluminati_2705/sounds/536706	https://cdn.freesound.org/previews/536/536706_11946545-hq.mp3	Creative Commons 0	https://creativecommons.org/publicdomain/zero/1.0/	09513e6fba4629f4fef6a3af13f0c9bcf4892970341ec7707311c0074e37bbaf	e0f9d971d49f330e333f83e2f81023a1a00be9a2aae2f5029eebc51c37631af8	17.898000	14.066000	signals;wildwire
tempest_thunderstorm_l	tempest	thunderstorm	long	30	0.654	Heavy Thunderstorm	crayz4peanuts	https://freesound.org/people/crayz4peanuts/sounds/276926	https://cdn.freesound.org/previews/276/276926_4084222-hq.mp3	Creative Commons 0	https://creativecommons.org/publicdomain/zero/1.0/	0fc1237a09694f4f08d833395ae46003cadb58c60f6d2794e6995b9308aec7e6	3d9d2aad36de4cebe4da87607664d3bd52167b07bbe735fd8faa2b0c44f9455b	31.961000	30.753991	tempest;stormfolk
tempest_thunderstorm_s	tempest	thunderstorm	short	12	5	heavy thunderstorm with barking dog	the_toilet_guy	https://freesound.org/people/the_toilet_guy/sounds/255152	https://cdn.freesound.org/previews/255/255152_1661348-hq.mp3	Creative Commons 0	https://creativecommons.org/publicdomain/zero/1.0/	1b0963729cee3c7aa2c790d7ec9860571c051a00129308889285f37b080e3d23	53e8edf7a37622283551b299465742647227119f948f13c1b439da4f1859a5d8	583.310000	17.100000	tempest;stormfolk
tempest_hail_l	tempest	hail	long	30	10	Hail Storm	JonnyThePonny	https://freesound.org/people/JonnyThePonny/sounds/393864	https://cdn.freesound.org/previews/393/393864_1745571-hq.mp3	Creative Commons 0	https://creativecommons.org/publicdomain/zero/1.0/	a87cce6c06f65e0faeff68dafe9f86c3f1d4008174e440ab258f81aff5a57496	d38b91225649ef0288df37c7b65832e205061a1caf788dfc94888b4bdd4a8eef	476.228000	40.100000	tempest
tempest_hail_s	tempest	hail	short	12	5	Stereo Rain + Thunder + Hail Storm (Indoor Recording)	musicvision31	https://freesound.org/people/musicvision31/sounds/431787	https://cdn.freesound.org/previews/431/431787_817038-hq.mp3	Creative Commons 0	https://creativecommons.org/publicdomain/zero/1.0/	6bb730fbb37273697f20a516637d72d855cae2a7b8faf7c9187d173a764047ef	8d684a9449b0983706649ee3c6a01ff29cca0bbdee32b0dc3771a50997a7c96b	140.515000	17.100000	tempest
tempest_gale_l	tempest	gale	long	30	9.69	Gale Wind.wav	LanDub	https://freesound.org/people/LanDub/sounds/181935	https://cdn.freesound.org/previews/181/181935_3296721-hq.mp3	Creative Commons 0	https://creativecommons.org/publicdomain/zero/1.0/	86ba951af7493e44582f05b56d201f9243be27cb651540f60ade63fef62fce61	352a6eb98ddbdcee15c887c693d45d8f1c6fc010d086f863152757c260f80e9a	59.071000	39.790000	tempest;stormfolk
tempest_gale_s	tempest	gale	short	12	5	Strong Wind 02.wav	Tim_Verberne	https://freesound.org/people/Tim_Verberne/sounds/518091	https://cdn.freesound.org/previews/518/518091_4838691-hq.mp3	Creative Commons 0	https://creativecommons.org/publicdomain/zero/1.0/	b445476b0d2ac0eed86fa9815b0bdbf288bd7663debca4dabd6a4fb180af4872	de774e0cf5ae3d378b7d2a693000c981e8f6a0817bae8d51b3654ba48c860b2b	64.000000	17.100000	tempest;stormfolk
tempest_blizzard_l	tempest	blizzard	long	30	5.084	S21-20 Blizzard wind cold.wav	craigsmith	https://freesound.org/people/craigsmith/sounds/675701	https://cdn.freesound.org/previews/675/675701_2524442-hq.mp3	Creative Commons 0	https://creativecommons.org/publicdomain/zero/1.0/	58e94db7a0f716159e3545dc45ffb983dfcb0f4f2c976509783de1b7b8a7db07	9f0ab055155ff32fa0a4bccdd0ab71b9bfb1fec6e841f00875ab2e17208502cf	45.253000	35.184000	tempest
tempest_blizzard_s	tempest	blizzard	short	12	5	Wind Howling thru window crack.mp3	DAVESTALKER	https://freesound.org/people/DAVESTALKER/sounds/331527	https://cdn.freesound.org/previews/331/331527_2417207-hq.mp3	Creative Commons 0	https://creativecommons.org/publicdomain/zero/1.0/	1a608e0d4bb90d7e7958aa3b665919e6ae48a43afb90cfc8acc9872dce113df8	5dfd193f27e0d8d11102f2ea20202f064c4e9dabe9d67d00a63f01d45baa62b3	40.530000	17.100000	tempest
tempest_hurricane_l	tempest	hurricane	long	30	10	G56-18-Hurricane Wind.wav	craigsmith	https://freesound.org/people/craigsmith/sounds/438873	https://cdn.freesound.org/previews/438/438873_2524442-hq.mp3	Creative Commons 0	https://creativecommons.org/publicdomain/zero/1.0/	6dee6b04b5f6666a7d24155b1b712c987fcb876d522b5f9d93c925b4cac8ae65	3d3c89d84cba69713041483ca8584f455353f8e2b484bc77ff81a6c08092803a	77.925000	40.100000	tempest;stormfolk
tempest_hurricane_s	tempest	hurricane	short	12	5	121030 Wind, Hurricane Sandy, from window, Toronto.wav	TRP	https://freesound.org/people/TRP/sounds/616804	https://cdn.freesound.org/previews/616/616804_97550-hq.mp3	Creative Commons 0	https://creativecommons.org/publicdomain/zero/1.0/	7a93c72ee9fee5395b8c80398fcf660a51f3b62b03d12d1e8875fad976c8ef56	86784bb4c46a58cbc44584a74b45ba2f479fc643128f8cc7bf645bfa03996593	128.056000	17.100000	tempest;stormfolk
tempest_ocean_storm_l	tempest	ocean_storm	long	30	10	Storm waves breaking on sandy beach in Bournemouth - clean recording	chris_dagorne	https://freesound.org/people/chris_dagorne/sounds/426076	https://cdn.freesound.org/previews/426/426076_3380363-hq.mp3	Creative Commons 0	https://creativecommons.org/publicdomain/zero/1.0/	ea3952a97214aed0bd0ccb57ded2c4838f5bfe18da242391993f8ac414ee8318	120f4fb608d263fadc524a3740bb23dad70977f940f9ccb5e2bea0adf29e6102	84.431000	40.100000	tempest
tempest_ocean_storm_s	tempest	ocean_storm	short	12	5	Waves hitting rocks spray distance storm at sea Irving Nature Park 190929.flac	TRP	https://freesound.org/people/TRP/sounds/574548	https://cdn.freesound.org/previews/574/574548_97550-hq.mp3	Creative Commons 0	https://creativecommons.org/publicdomain/zero/1.0/	0185c5dd6b72ffe8713954cef82029a5ed97fda12984e9b474eebb7e13a1f233	a8eb5aa7f10067ac5f7ca9c108773dd652f91e218f6154e74db62e4a1b17db77	88.603000	17.100000	tempest
tempest_crashing_waves_l	tempest	crashing_waves	long	30	10	Crashing Waves into Rocks 4	amholma	https://freesound.org/people/amholma/sounds/376800	https://cdn.freesound.org/previews/376/376800_6128004-hq.mp3	Creative Commons 0	https://creativecommons.org/publicdomain/zero/1.0/	26888cce77342cf75c223405004a2ea34bc4c7be36192bc2511b7a7cb8b8461b	eed47c3981407d14861bb8188ff225d4bd70be3649c8a4852b140b717b8aac67	74.326000	40.100000	tempest;stormfolk
tempest_crashing_waves_s	tempest	crashing_waves	short	12	5	Wind and distant crashing waves from cliff top. 01.wav	carthny	https://freesound.org/people/carthny/sounds/592425	https://cdn.freesound.org/previews/592/592425_8383609-hq.mp3	Creative Commons 0	https://creativecommons.org/publicdomain/zero/1.0/	20add34ed012012646d34d2a37a85498a1637e560c0bcf08b0c540da4eeb6e7f	b3d095f95d2fe69e3bf469de3ea88b8ae63f098920e6573c06d7297cabb56cf3	64.271000	17.100000	tempest;stormfolk
tempest_avalanche_l	tempest	avalanche	long	30	6.631	G43-04-AvalancheRockslide.wav	craigsmith	https://freesound.org/people/craigsmith/sounds/438683	https://cdn.freesound.org/previews/438/438683_2524442-hq.mp3	Creative Commons 0	https://creativecommons.org/publicdomain/zero/1.0/	7238c9cd7b267a2e6b6378f860094a367bbb13779c49d9dd6ddea2ab4c52f09a	81b44e8919586bd26003c5e6662ef346b3e302440117f5eef05873551acf68c0	49.893000	36.731000	tempest
tempest_avalanche_s	tempest	avalanche	short	12	0.349	avl03.wav	blaukreuz	https://freesound.org/people/blaukreuz/sounds/162669	https://cdn.freesound.org/previews/162/162669_623488-hq.mp3	Creative Commons 0	https://creativecommons.org/publicdomain/zero/1.0/	ce9111d1017c9770bdd9fb238d17e542fe7827bdf69a0ff86707cce7deba424a	377ed091ed79e343acd9a4fad757e4a752ff80f19c843cd53863a6a083b3c6ca	13.048000	12.449000	tempest
tempest_rockfall_l	tempest	rockfall	long	30	10	rocks falling on rock and brik	charleswassner	https://freesound.org/people/charleswassner/sounds/610088	https://cdn.freesound.org/previews/610/610088_10475987-hq.mp3	Creative Commons 0	https://creativecommons.org/publicdomain/zero/1.0/	6662ea3754e45c4f724dd6ba616cff2bbc808b5ea5df782e4358158c521e5a43	2b757be4d81664f8ba9ec1c3b143e110d37df0bb6747c34baaab681dfc2e4fdb	116.136000	40.100000	tempest;stormfolk
tempest_rockfall_s	tempest	rockfall	short	12	4.483	20120808_064004 Cathedral Mountain rock slide, slow blocky chunks.wav	betchkal	https://freesound.org/people/betchkal/sounds/500638	https://cdn.freesound.org/previews/500/500638_339183-hq.mp3	Creative Commons 0	https://creativecommons.org/publicdomain/zero/1.0/	b1f52dc92655f63ba1600b659b387724e27e66645c6678269cd78ae189e4f3db	e15bb68e64d7941ef0b45d53daf9e6a7487fef785981c20e3a55d1fd0b3424e9	25.448000	16.582993	tempest;stormfolk
tempest_earthquake_l	tempest	earthquake	long	30	10	Earthquake	TheSpiderWriter	https://freesound.org/people/TheSpiderWriter/sounds/353262	https://cdn.freesound.org/previews/353/353262_6098565-hq.mp3	Creative Commons 0	https://creativecommons.org/publicdomain/zero/1.0/	ba110be4810e34d64de16e9f14d90592b3f34512f6ab12891dfade1098864f61	de950371c2da8c2bdb95d7e66433c2a31c56290c116b5b88bbeddcd66e3a7cf4	135.279000	40.100000	tempest
tempest_earthquake_s	tempest	earthquake	short	12	3.453	Earthquake in cave	Bertsz	https://freesound.org/people/Bertsz/sounds/524307	https://cdn.freesound.org/previews/524/524307_6714882-hq.mp3	Creative Commons 0	https://creativecommons.org/publicdomain/zero/1.0/	3207d6197919fc9eb1fd7badd0a3968c4df9c97364d76fe5d467dbae3f3fa7c2	b608280ec0d6fae5ff9fcfdf63ee934a57c199b83ddb4957538221916247a29c	22.359000	15.553000	tempest
tempest_volcano_l	tempest	volcano	long	30	10	Mud Volcano Field - Salton Sea	RTB45	https://freesound.org/people/RTB45/sounds/415608	https://cdn.freesound.org/previews/415/415608_2409224-hq.mp3	Creative Commons 0	https://creativecommons.org/publicdomain/zero/1.0/	100fe479073e8bbc8a46b41bef94c22e0796d06af5934fb93fb494f7dcc4a238	8b8391597075a772fde48655af87fc9369b758e865297b49ee64d073b4e25f9f	248.732000	40.100000	tempest;stormfolk
tempest_volcano_s	tempest	volcano	short	12	3.848	S35-08 Volcano explosion with debris and lava; 3 versions.wav	craigsmith	https://freesound.org/people/craigsmith/sounds/675739	https://cdn.freesound.org/previews/675/675739_2524442-hq.mp3	Creative Commons 0	https://creativecommons.org/publicdomain/zero/1.0/	77794232667cf0e4f309aaffe77b751390261425654ce723007e5200efc3137d	f02edd0bf4e484e2f107c144197edd8a167ac90e2eb36a05e7ef43fc79e7b9d1	23.544000	15.948000	tempest;stormfolk
tempest_burning_brush_l	tempest	burning_brush	long	30	10	200912 Burning brush (with wind noise) - raw.wav	djz	https://freesound.org/people/djz/sounds/535096	https://cdn.freesound.org/previews/535/535096_181196-hq.mp3	Creative Commons 0	https://creativecommons.org/publicdomain/zero/1.0/	6db6474b4e309f525e7c19fc21451d21fbaec3a39bc2e77e504954ab4269e9c2	ea3fa3c8b25991b64276c268bbf64373abcb6bc4ccb3c9909028c5ec3c8bfb57	1000.230000	40.100000	tempest
tempest_burning_brush_s	tempest	burning_brush	short	12	5	Wild fire. Small	goochiano	https://freesound.org/people/goochiano/sounds/755367	https://cdn.freesound.org/previews/755/755367_1185437-hq.mp3	Creative Commons 0	https://creativecommons.org/publicdomain/zero/1.0/	71680a9e838921d1c6a644c2b6a3387a5311f4bf68534c78006d24631e6ac156	eecde604d708120e8013480cd4862527f60038adc534d5cabe2ef82796a0f310	50.666000	17.100000	tempest
tempest_bonfire_l	tempest	bonfire	long	30	1.936	Bonfire	forfie	https://freesound.org/people/forfie/sounds/364992	https://cdn.freesound.org/previews/364/364992_4351264-hq.mp3	Creative Commons 0	https://creativecommons.org/publicdomain/zero/1.0/	27481ceccb04ef42de7b46ec0330b10cae0e4a740208557dc78aa857942c2bd6	98d9cff129df9ec6433fbf6e3e490169ec0c1eafe5919ddde30b0871a0724f4f	35.808000	32.036000	tempest;stormfolk
tempest_bonfire_s	tempest	bonfire	short	12	1.304	Bonfire	Electroviolence	https://freesound.org/people/Electroviolence/sounds/234542	https://cdn.freesound.org/previews/234/234542_4238641-hq.mp3	Creative Commons 0	https://creativecommons.org/publicdomain/zero/1.0/	3f4f104224382523d09f7b4d4fdbb74be67e3707e3532a1b6ff6c1b0de6902c3	25c8ffbc13009d13ffa1779b85675711df19f57c05014ce6f8214c2cc0dd5b75	15.911000	13.403991	tempest;stormfolk
tempest_explosions_l	tempest	explosions	long	30	4.548	Real explosions Real gunshots.wav	The_Sound_Side	https://freesound.org/people/The_Sound_Side/sounds/262436	https://cdn.freesound.org/previews/262/262436_989468-hq.mp3	Creative Commons 0	https://creativecommons.org/publicdomain/zero/1.0/	e5a90cc1c1db355f3d65e0482bcc6b85121822a9ea5e338b8fc432edddfc8cc4	bad408fa62446dd1ad0e9caddc6d1ed5120deb895ff7d6d9b4baa53453c58ded	43.644000	34.648000	tempest
tempest_explosions_s	tempest	explosions	short	12	5	distant explosions	Kostrava	https://freesound.org/people/Kostrava/sounds/320788	https://cdn.freesound.org/previews/320/320788_1134415-hq.mp3	Creative Commons 0	https://creativecommons.org/publicdomain/zero/1.0/	b8991a044fbf1d27415f3ae507e95881bb96f133cdcbdfbdc3eabd5c22ec01ea	8e37be04061f25d880740b06d73f0a5c4d085636c21ba9ce22d5917a5b277399	64.000000	17.100000	tempest
tempest_fireworks_l	tempest	fireworks	long	30	10	Fireworks Crackle	16FThumaF	https://freesound.org/people/16FThumaF/sounds/505264	https://cdn.freesound.org/previews/505/505264_10791958-hq.mp3	Creative Commons 0	https://creativecommons.org/publicdomain/zero/1.0/	0fc6c7f25a91931a62da25867790a3a8adfdb603901e80e239104394831351d3	e8105fde6f0e273cdb791f237ec62fcf26a039988b95f81d48c944db7878d066	69.485000	40.100000	tempest;stormfolk
tempest_fireworks_s	tempest	fireworks	short	12	5	fireworks 2	Andy_Gardner	https://freesound.org/people/Andy_Gardner/sounds/367485	https://cdn.freesound.org/previews/367/367485_2254206-hq.mp3	Creative Commons 0	https://creativecommons.org/publicdomain/zero/1.0/	2331401657efea946f2fadbeddccf4b099232a30a6fa4cf6fb9db4ed79e53fb8	7e125d8b7d3a2ca31f56f904726ad7837b0f570e0a61131282ffb5b25ec34e2a	44.366000	17.100000	tempest;stormfolk
tempest_cannon_l	tempest	cannon	long	30	10	Cannon fire.WAV	t-man95	https://freesound.org/people/t-man95/sounds/553240	https://cdn.freesound.org/previews/553/553240_11107968-hq.mp3	Creative Commons 0	https://creativecommons.org/publicdomain/zero/1.0/	515193b7d4992f392bf800d1a8c140de6de132ba95fa708d4190f1518fa5343f	90f7598780bc2273ea6f046b872092d5c4a0a2113d2a316aaff75c2ff22e12de	641.399000	40.100000	tempest
tempest_cannon_s	tempest	cannon	short	12	5	Cannon shots.wav	Andykub	https://freesound.org/people/Andykub/sounds/415293	https://cdn.freesound.org/previews/415/415293_8184822-hq.mp3	Creative Commons 0	https://creativecommons.org/publicdomain/zero/1.0/	1d324149280b9f9a7fde5cad1438b5c345db45e9e8a1753265a7ce6bf19e1149	fe405e269470d32c231e02f6ebc2945db12ca74f8d977506663d04e995289525	137.447000	17.100000	tempest
tempest_demolition_blast_l	tempest	demolition_blast	long	30	10	Concrete demolition	AugustSandberg	https://freesound.org/people/AugustSandberg/sounds/270300	https://cdn.freesound.org/previews/270/270300_1934171-hq.mp3	Creative Commons 0	https://creativecommons.org/publicdomain/zero/1.0/	58265fc0d4407bdef2e5c192b331bbc32d1f7d804fc4805798649d4727a9ef7e	c161c0057dfb5116ad7a0f1c25101f507ec511bb6f2a0eb1800aceb003ffc6fd	60.693000	40.100000	tempest;stormfolk
tempest_demolition_blast_s	tempest	demolition_blast	short	12	5	G33-22-Falling Debris and Explosion.wav	craigsmith	https://freesound.org/people/craigsmith/sounds/438528	https://cdn.freesound.org/previews/438/438528_2524442-hq.mp3	Creative Commons 0	https://creativecommons.org/publicdomain/zero/1.0/	175e985fd4d68015a98c69f4c4181f3db8c99f320e9149a78b83d065e8c458d8	6dfaa224a2f6e2d60fd8fb899e99a6f40c18f0b7519eb1454084ed7fedc79ac3	51.174000	17.100000	tempest;stormfolk
tempest_glass_breaking_l	tempest	glass_breaking	long	30	10	Glass Breaking Foley.wav	UlyssesAtSea	https://freesound.org/people/UlyssesAtSea/sounds/482033	https://cdn.freesound.org/previews/482/482033_8415786-hq.mp3	Creative Commons 0	https://creativecommons.org/publicdomain/zero/1.0/	6ebbd7736cde12bf6db3033453942239ef381b6fd6c74fe5c077f92e855348d9	9905db4a3f504eaab709b89c8812120d311c9327c6421a9a1889ab0dcff382b3	656.644000	40.100000	tempest
tempest_glass_breaking_s	tempest	glass_breaking	short	12	0.732	Glass Breaking, Peaked mic, distortion.wav	issalcake	https://freesound.org/people/issalcake/sounds/115922	https://cdn.freesound.org/previews/115/115922_1282583-hq.mp3	Creative Commons 0	https://creativecommons.org/publicdomain/zero/1.0/	206f33acf1e35c8c4af8219e80c62993149348953793b9bbb686bdacc49ef54c	6bfd0d99ffc7bd22ac97b59a9f49ba6a0357814eba39c0528c6eaa62047cff21	14.197000	12.831995	tempest
tempest_tree_falling_l	tempest	tree_falling	long	30	10	G26-24-Tree Crashes.wav	craigsmith	https://freesound.org/people/craigsmith/sounds/438343	https://cdn.freesound.org/previews/438/438343_2524442-hq.mp3	Creative Commons 0	https://creativecommons.org/publicdomain/zero/1.0/	d6702530a2a3ab28abafe2f3b1ff2360f9f1fb81ffb4f5d1bd330413b1d7a25f	5c6455e0f17ef933926463e01fd6b2e72ca5360e421b113a95821f0e500534bf	64.971000	40.100000	tempest;stormfolk
tempest_tree_falling_s	tempest	tree_falling	short	12	1.973	FXSaSc Wood Tree Trunk Impact Ground Forest 5 Variants	Profispiesser	https://freesound.org/people/Profispiesser/sounds/550918	https://cdn.freesound.org/previews/550/550918_6667441-hq.mp3	Creative Commons 0	https://creativecommons.org/publicdomain/zero/1.0/	0eabfd990cfa2049e1b273f9181521b207471a79897617d7c011157670333d04	04183a62bbead7c9ace0738e5c190a2723b00ae5662f998662b602bd580774db	17.920000	14.073000	tempest;stormfolk
tempest_ice_cracking_l	tempest	ice_cracking	long	30	10	ice cracking crushed.flac	kyles	https://freesound.org/people/kyles/sounds/452242	https://cdn.freesound.org/previews/452/452242_612689-hq.mp3	Creative Commons 0	https://creativecommons.org/publicdomain/zero/1.0/	c8b24df72ab199f5f789e379538642ad118b376b80eab09447b1b64438650e82	6e2cc80b2077e1df593c6b4446dfc258c3ffe1b4fc4f3f89489a923721bd36bb	216.298000	40.100000	tempest
tempest_ice_cracking_s	tempest	ice_cracking	short	12	5	footsteps ice snow melted surface lake ice crushing cracking wet.flac	kyles	https://freesound.org/people/kyles/sounds/452229	https://cdn.freesound.org/previews/452/452229_612689-hq.mp3	Creative Commons 0	https://creativecommons.org/publicdomain/zero/1.0/	45325d3ed98617987f754ca506b52a42e7c2d5e6d6dea573c4d989d2569cd970	78272654c0df86cfca5d51682ceeb45108a56bf403c09d48b6c2d18bc65e4f79	27.788000	17.100000	tempest
tempest_flood_l	tempest	flood	long	30	10	City river with light flooding, pedestrian bridge	Garuda1982	https://freesound.org/people/Garuda1982/sounds/721098	https://cdn.freesound.org/previews/721/721098_2061858-hq.mp3	Creative Commons 0	https://creativecommons.org/publicdomain/zero/1.0/	2d4bf621f7b885941c9671a2e1aaac563be9d4d02ab66f546d910d3afac5fbc4	ba24b1ea9c48abdc41032dd37cdbd0cd469b0fa84d60e051aa43efdd6d1343d8	129.000000	40.100000	tempest;stormfolk
tempest_flood_s	tempest	flood	short	12	1.371	Rapidly Flowing Water (loopable).wav	Osiruswaltz	https://freesound.org/people/Osiruswaltz/sounds/530168	https://cdn.freesound.org/previews/530/530168_4574070-hq.mp3	Creative Commons 0	https://creativecommons.org/publicdomain/zero/1.0/	7d3d4dcebeacb48f2f9521d6ed1e2a1e0e5b1128546994ee4dc3eeed4ac674fa	a1ddfb2f5ed75888dfb28d94d9ca737ba70b9c0d0b0936ea1af561255a23abde	16.114000	13.470998	tempest;stormfolk
tempest_tornado_l	tempest	tornado	long	30	5.19	JM_NATURAL ELEMENTS_Wind 01 - Tornado - Inside a metalic squeaking building.wav	Julien Matthey	https://freesound.org/people/Julien%20Matthey/sounds/557188	https://cdn.freesound.org/previews/557/557188_1535323-hq.mp3	Creative Commons 0	https://creativecommons.org/publicdomain/zero/1.0/	c73d7b77cac905ec135035ed2a56bf2e090b6dff9303e69e295e2b4904071dfd	6162287e87d5f51e7c273279b96abc9b49464bf99bced0ec14949734841f7ac7	45.569000	35.290000	tempest
tempest_tornado_s	tempest	tornado	short	12	5	Burlingame howling wind.wav	Andron827	https://freesound.org/people/Andron827/sounds/646874	https://cdn.freesound.org/previews/646/646874_1504845-hq.mp3	Creative Commons 0	https://creativecommons.org/publicdomain/zero/1.0/	92128dabc1c7f0b96fc5a00adb34e068d9c87f880527f5d3b5fc0e099962fda9	fd74b5c9ec3baef8ebfdca2d3eb53fa3b0688f8a008a7401afac5523dc080225	121.200000	17.100000	tempest
tempest_geyser_l	tempest	geyser	long	30	10	Mud Volcanos - Salton Sea	RTB45	https://freesound.org/people/RTB45/sounds/415609	https://cdn.freesound.org/previews/415/415609_2409224-hq.mp3	Creative Commons 0	https://creativecommons.org/publicdomain/zero/1.0/	ae8569c0808d8d8994cde5cbcca91ae262488811bb8290faf14799d5ef17fa5a	869f631e40502fc552ce978e6570b65ba16b1622dcbfe339c017fc279b74f39a	628.611000	40.100000	tempest;stormfolk
tempest_geyser_s	tempest	geyser	short	12	5	GEYSER_SOLDEMANANA_BOLIVIA.wav	keng-wai-chane-chick-te	https://freesound.org/people/keng-wai-chane-chick-te/sounds/441152	https://cdn.freesound.org/previews/441/441152_7522579-hq.mp3	Creative Commons 0	https://creativecommons.org/publicdomain/zero/1.0/	da010c8ea0c6c544d79a50a43b056b525192f955bc7f72b1c332cfdf2f5c2d85	b176464de1b267692eee1922dd347117e5f431c72891091a07aa666b64beb153	83.312000	17.100000	tempest;stormfolk
tempest_storm_siren_l	tempest	storm_siren	long	30	8.667	Tornado siren in Streamwood IL.wav	audible-edge	https://freesound.org/people/audible-edge/sounds/72831	https://cdn.freesound.org/previews/72/72831_995351-hq.mp3	Creative Commons 0	https://creativecommons.org/publicdomain/zero/1.0/	f569f1d23f5f478d7d2239e1cecc6d028f29cf7454442aca5f8b8aca78824a52	4d87eb95af6dcb0c5520d786c28097bb1959c3de95f54c87d74be81ea218d403	56.000000	38.767000	tempest
tempest_storm_siren_s	tempest	storm_siren	short	12	5	AE0093 Arlington Heights tornado siren test 08-04-09.flac	audible-edge	https://freesound.org/people/audible-edge/sounds/76944	https://cdn.freesound.org/previews/76/76944_995351-hq.mp3	Creative Commons 0	https://creativecommons.org/publicdomain/zero/1.0/	6a3f7812af0aae4a3ee20024b0dc2665e518cf2da334c5a4891e9d7d2079b2c7	29a58e83833cca3446305b0c51780ebf2fb3c83dc18bccc7a8e3e0ad5203b816	282.000000	17.100000	tempest
